href,video,gloss,category
/fr.fr/word/7059/crucificar/0/?q=crucificar,https://media.spreadthesign.com/video/mp4/10/282297.mp4,crucificar,religion
/fr.fr/word/7067/bola-de-cristal/0/?q=bola+de+cristal,https://media.spreadthesign.com/video/mp4/10/180426.mp4,bola de cristal,religion
/fr.fr/word/7074/cupido/0/?q=cupido,https://media.spreadthesign.com/video/mp4/10/155927.mp4,cupido,religion
/fr.fr/word/7078/maldicion/0/?q=maldici%C3%B3n,https://media.spreadthesign.com/video/mp4/10/282305.mp4,maldición,religion
/fr.fr/word/7752/privar/0/?q=privar,https://media.spreadthesign.com/video/mp4/10/284815.mp4,privar,religion
/fr.fr/word/7488/tumba/0/?q=tumba,https://media.spreadthesign.com/video/mp4/10/256881.mp4,tumba,religion
/fr.fr/word/7455/duende/0/?q=duende,https://media.spreadthesign.com/video/mp4/10/256862.mp4,duende,religion
/fr.fr/word/7491/avidez/0/?q=avidez,https://media.spreadthesign.com/video/mp4/10/156483.mp4,avidez,religion
/fr.fr/word/7493/duende-malvado/0/?q=duende+malvado,https://media.spreadthesign.com/video/mp4/10/284172.mp4,duende malvado,religion
/fr.fr/word/7463/evangelio/0/?q=evangelio,https://media.spreadthesign.com/video/mp4/10/186398.mp4,evangelio,religion
/fr.fr/word/7436/gigante/0/?q=gigante,https://media.spreadthesign.com/video/mp4/10/186355.mp4,gigante,religion
/fr.fr/word/7152/cuaquero/0/?q=cu%C3%A1quero,https://media.spreadthesign.com/video/mp4/10/188081.mp4,cuáquero,religion
/fr.fr/word/7840/budismo/0/?q=budismo,https://media.spreadthesign.com/video/mp4/10/158345.mp4,budismo,religion
/fr.fr/word/7839/buda/0/?q=Buda,https://media.spreadthesign.com/video/mp4/10/155911.mp4,Buda,religion
/fr.fr/word/7207/templo/0/?q=templo,https://media.spreadthesign.com/video/mp4/10/188949.mp4,templo,religion
/fr.fr/word/7250/trono/0/?q=trono,https://media.spreadthesign.com/video/mp4/10/283565.mp4,trono,religion
/fr.fr/word/7292/tumba/0/?q=tumba,https://media.spreadthesign.com/video/mp4/10/266815.mp4,tumba,religion
/fr.fr/word/4059/ateo/0/?q=ateo,https://media.spreadthesign.com/video/mp4/10/35813.mp4,ateo,religion
/fr.fr/word/10738/perezoso/0/?q=perezoso,https://media.spreadthesign.com/video/mp4/10/282060.mp4,perezoso,religion
/fr.fr/word/10400/vida-eterna/0/?q=vida+eterna,https://media.spreadthesign.com/video/mp4/10/255317.mp4,vida eterna,religion
/fr.fr/word/10443/codicioso/0/?q=codicioso,https://media.spreadthesign.com/video/mp4/10/186422.mp4,codicioso,religion
/fr.fr/word/10486/celos/0/?q=celos,https://media.spreadthesign.com/video/mp4/10/257079.mp4,celos,religion
/fr.fr/word/10562/ofensa/0/?q=ofensa,https://media.spreadthesign.com/video/mp4/10/285435.mp4,ofensa,religion
/fr.fr/word/10260/maldito/0/?q=maldito,https://media.spreadthesign.com/video/mp4/10/280996.mp4,maldito,religion
/fr.fr/word/10904/paraiso/0/?q=para%C3%ADso,https://media.spreadthesign.com/video/mp4/10/187499.mp4,paraíso,religion
/fr.fr/word/10929/escuela-religiosa/0/?q=escuela+religiosa,https://media.spreadthesign.com/video/mp4/10/187547.mp4,escuela religiosa,religion
/fr.fr/word/10612/cura/0/?q=cura,https://media.spreadthesign.com/video/mp4/10/187874.mp4,cura,religion
/fr.fr/word/10660/revelacion/0/?q=revelaci%C3%B3n,https://media.spreadthesign.com/video/mp4/10/188283.mp4,revelación,religion
/fr.fr/word/10635/extasis/0/?q=%C3%A9xtasis+,https://media.spreadthesign.com/video/mp4/10/188118.mp4,éxtasis ,religion
/fr.fr/word/10328/cristiano/0/?q=Cristiano,https://media.spreadthesign.com/video/mp4/10/158618.mp4,Cristiano,religion
/fr.fr/word/10321/catecismo/0/?q=catecismo,https://media.spreadthesign.com/video/mp4/10/158520.mp4,catecismo,religion
/fr.fr/word/10369/engano/0/?q=enga%C3%B1o,https://media.spreadthesign.com/video/mp4/10/180466.mp4,engaño,religion
/fr.fr/word/10330/cristologia/0/?q=cristolog%C3%ADa,https://media.spreadthesign.com/video/mp4/10/173876.mp4,cristología,religion
/fr.fr/word/10335/condena/0/?q=condena,https://media.spreadthesign.com/video/mp4/10/180327.mp4,condena,religion
/fr.fr/word/10339/condenar/0/?q=condenar,https://media.spreadthesign.com/video/mp4/10/180328.mp4,condenar,religion
/fr.fr/word/1794/diablo/0/?q=diablo,https://media.spreadthesign.com/video/mp4/10/17852.mp4,diablo,religion
/fr.fr/word/1795/angel/0/?q=%C3%A1ngel,https://media.spreadthesign.com/video/mp4/10/17855.mp4,ángel,religion
/fr.fr/word/17124/nino-jesus/0/?q=Ni%C3%B1o+Jes%C3%BAs,https://media.spreadthesign.com/video/mp4/10/281728.mp4,Niño Jesús,religion
/fr.fr/word/14918/catolico/0/?q=cat%C3%B3lico,https://media.spreadthesign.com/video/mp4/10/266963.mp4,católico,religion
/fr.fr/word/14920/cristianismo/0/?q=cristianismo,https://media.spreadthesign.com/video/mp4/10/281740.mp4,cristianismo,religion
/fr.fr/word/11025/elfo/0/?q=elfo,https://media.spreadthesign.com/video/mp4/10/187737.mp4,elfo,religion
/fr.fr/word/11366/sagrado/0/?q=sagrado,https://media.spreadthesign.com/video/mp4/10/188472.mp4,sagrado,religion
/fr.fr/word/11744/supersticion/0/?q=superstici%C3%B3n,https://media.spreadthesign.com/video/mp4/10/188872.mp4,superstición,religion
/fr.fr/word/11981/ala/0/?q=Al%C3%A1,https://media.spreadthesign.com/video/mp4/10/155894.mp4,Alá,religion
/fr.fr/word/11614/encantamiento/0/?q=encantamiento,https://media.spreadthesign.com/video/mp4/10/282134.mp4,encantamiento,religion
/fr.fr/word/11149/protestante/0/?q=protestante,https://media.spreadthesign.com/video/mp4/10/187934.mp4,protestante,religion
/fr.fr/word/18213/virgen-maria/0/?q=Virgen+Mar%C3%ADa,https://media.spreadthesign.com/video/mp4/10/267107.mp4,Virgen María,religion
/fr.fr/word/18137/los-reyes-magos/0/?q=los+Reyes+Magos,https://media.spreadthesign.com/video/mp4/10/284908.mp4,los Reyes Magos,religion
/fr.fr/word/1868/adviento/0/?q=adviento,https://media.spreadthesign.com/video/mp4/10/18573.mp4,adviento,religion
/fr.fr/word/1545/bruja/0/?q=bruja,https://media.spreadthesign.com/video/mp4/10/15338.mp4,bruja,religion
/fr.fr/word/1590/enganar/0/?q=enga%C3%B1ar,https://media.spreadthesign.com/video/mp4/10/15799.mp4,engañar,religion
/fr.fr/word/12877/arte-religioso/0/?q=arte+religioso,https://media.spreadthesign.com/video/mp4/10/266402.mp4,arte religioso,religion
/fr.fr/word/12169/arrepentido/0/?q=arrepentido,https://media.spreadthesign.com/video/mp4/10/188229.mp4,arrepentido,religion
/fr.fr/word/1650/monstruo/0/?q=monstruo,https://media.spreadthesign.com/video/mp4/10/16404.mp4,monstruo,religion
/fr.fr/word/16284/cancer/0/?q=C%C3%A1ncer,https://media.spreadthesign.com/video/mp4/10/266962.mp4,Cáncer,religion
/fr.fr/word/16278/acuario/0/?q=Acuario,https://media.spreadthesign.com/video/mp4/10/267224.mp4,Acuario,religion
/fr.fr/word/16279/aries/0/?q=Aries,https://media.spreadthesign.com/video/mp4/10/267155.mp4,Aries,religion
/fr.fr/word/16277/signos-de-aire/0/?q=signos+de+aire,https://media.spreadthesign.com/video/mp4/10/284416.mp4,signos de aire,religion
/fr.fr/word/16409/escorpio/0/?q=Escorpio,https://media.spreadthesign.com/video/mp4/10/267075.mp4,Escorpio,religion
/fr.fr/word/1642/magia/0/?q=magia,https://media.spreadthesign.com/video/mp4/10/16317.mp4,magia,religion
/fr.fr/word/16301/leo/0/?q=Leo,https://media.spreadthesign.com/video/mp4/10/285135.mp4,Leo,religion
/fr.fr/word/16394/sagitario/0/?q=Sagitario,https://media.spreadthesign.com/video/mp4/10/284890.mp4,Sagitario,religion
/fr.fr/word/13812/fenomeno/0/?q=fen%C3%B3meno,https://media.spreadthesign.com/video/mp4/10/284879.mp4,fenómeno,religion
/fr.fr/word/1319/religion/0/?q=religi%C3%B3n,https://media.spreadthesign.com/video/mp4/10/13048.mp4,religión,religion
/fr.fr/word/13014/triptico/0/?q=tr%C3%ADptico,https://media.spreadthesign.com/video/mp4/10/283661.mp4,tríptico,religion
/fr.fr/word/8089/rescatador/0/?q=rescatador,https://media.spreadthesign.com/video/mp4/10/188519.mp4,rescatador,religion
/fr.fr/word/8885/hada/0/?q=hada,https://media.spreadthesign.com/video/mp4/10/185981.mp4,hada,religion
/fr.fr/word/8206/temeroso-de-dios/0/?q=temeroso++de+Dios,https://media.spreadthesign.com/video/mp4/10/186383.mp4,temeroso  de Dios,religion
/fr.fr/word/8207/reino-de-dios/0/?q=reino+de+Dios,https://media.spreadthesign.com/video/mp4/10/186998.mp4,reino de Dios,religion
/fr.fr/word/8250/san/0/?q=san,https://media.spreadthesign.com/video/mp4/10/188498.mp4,san,religion
/fr.fr/word/8272/hindu/0/?q=hind%C3%BA,https://media.spreadthesign.com/video/mp4/10/186559.mp4,hindú,religion
/fr.fr/word/8273/hinduismo/0/?q=hinduismo,https://media.spreadthesign.com/video/mp4/10/155951.mp4,hinduismo,religion
/fr.fr/word/8902/destino/0/?q=destino,https://media.spreadthesign.com/video/mp4/10/186017.mp4,destino,religion
/fr.fr/word/8114/maldito/0/?q=maldito,https://media.spreadthesign.com/video/mp4/10/189352.mp4,maldito,religion
/fr.fr/word/8384/mito/0/?q=mito,https://media.spreadthesign.com/video/mp4/10/187197.mp4,mito,religion
/fr.fr/word/5812/vampiro/0/?q=vampiro,https://media.spreadthesign.com/video/mp4/10/266869.mp4,vampiro,religion
/fr.fr/word/5985/cuenta/0/?q=cuenta,https://media.spreadthesign.com/video/mp4/10/259834.mp4,cuenta,religion
/fr.fr/word/5954/bautizar/0/?q=bautizar,https://media.spreadthesign.com/video/mp4/10/156529.mp4,bautizar,religion
/fr.fr/word/5953/baptista/0/?q=baptista,https://media.spreadthesign.com/video/mp4/10/156530.mp4,baptista,religion
/fr.fr/word/5791/corona-de-flores/0/?q=corona+de+flores,https://media.spreadthesign.com/video/mp4/10/189252.mp4,corona de flores,religion
/fr.fr/word/5778/deseo/0/?q=deseo,https://media.spreadthesign.com/video/mp4/10/189227.mp4,deseo,religion
/fr.fr/word/2472/sena/0/?q=se%C3%B1a,https://media.spreadthesign.com/video/mp4/10/42591.mp4,seña,religion
/fr.fr/word/9053/elfo/0/?q=elfo,https://media.spreadthesign.com/video/mp4/10/185814.mp4,elfo,religion
/fr.fr/word/9008/funeral/0/?q=funeral,https://media.spreadthesign.com/video/mp4/10/284124.mp4,funeral,religion
/fr.fr/word/9590/monja/0/?q=monja,https://media.spreadthesign.com/video/mp4/10/187327.mp4,monja,religion
/fr.fr/word/9533/misterio/0/?q=misterio,https://media.spreadthesign.com/video/mp4/10/187195.mp4,misterio,religion
/fr.fr/word/9202/demonio/0/?q=demonio,https://media.spreadthesign.com/video/mp4/10/180497.mp4,demonio,religion
/fr.fr/word/9232/degenerado/0/?q=degenerado,https://media.spreadthesign.com/video/mp4/10/180528.mp4,degenerado,religion
/fr.fr/word/9468/pastor-iglesia-protestante/0/?q=pastor+iglesia+protestante,https://media.spreadthesign.com/video/mp4/10/187101.mp4,pastor iglesia protestante,religion
/fr.fr/word/9186/dedicar/0/?q=dedicar,https://media.spreadthesign.com/video/mp4/10/180474.mp4,dedicar,religion
/fr.fr/word/9115/perverso/0/?q=perverso,https://media.spreadthesign.com/video/mp4/10/255325.mp4,perverso,religion
/fr.fr/word/9324/dragon/0/?q=drag%C3%B3n,https://media.spreadthesign.com/video/mp4/10/185726.mp4,dragón,religion
/fr.fr/word/6054/obispo/0/?q=obispo,https://media.spreadthesign.com/video/mp4/10/171946.mp4,obispo,religion
/fr.fr/word/6064/bendecir/0/?q=bendecir,https://media.spreadthesign.com/video/mp4/10/189313.mp4,bendecir,religion
/fr.fr/word/6031/biblia/0/?q=biblia,https://media.spreadthesign.com/video/mp4/10/171923.mp4,biblia,religion
/fr.fr/word/6740/cielo/0/?q=cielo,https://media.spreadthesign.com/video/mp4/10/186536.mp4,cielo,religion
/fr.fr/word/6745/infierno/0/?q=infierno,https://media.spreadthesign.com/video/mp4/10/266983.mp4,infierno,religion
/fr.fr/word/6742/hebreo/0/?q=Hebreo,https://media.spreadthesign.com/video/mp4/10/186537.mp4,Hebreo,religion
/fr.fr/word/6749/heroe/0/?q=h%C3%A9roe,https://media.spreadthesign.com/video/mp4/10/186550.mp4,héroe,religion
/fr.fr/word/6725/rondar/0/?q=rondar,https://media.spreadthesign.com/video/mp4/10/284215.mp4,rondar,religion
/fr.fr/word/6777/santo/0/?q=santo,https://media.spreadthesign.com/video/mp4/10/186573.mp4,santo,religion
/fr.fr/word/6466/subir/0/?q=subir,https://media.spreadthesign.com/video/mp4/10/189309.mp4,subir,religion
/fr.fr/word/6190/enterrar/0/?q=enterrar,https://media.spreadthesign.com/video/mp4/10/173729.mp4,enterrar,religion
/fr.fr/word/6851/dios/0/?q=Dios,https://media.spreadthesign.com/video/mp4/10/256863.mp4,Dios,religion
/fr.fr/word/6814/himno/0/?q=himno,https://media.spreadthesign.com/video/mp4/10/186691.mp4,himno,religion
/fr.fr/word/6547/incienso/0/?q=incienso,https://media.spreadthesign.com/video/mp4/10/186938.mp4,incienso,religion
/fr.fr/word/6280/catolico/0/?q=cat%C3%B3lico,https://media.spreadthesign.com/video/mp4/10/158521.mp4,católico,religion
/fr.fr/word/6296/cementerio/0/?q=cementerio,https://media.spreadthesign.com/video/mp4/10/158633.mp4,cementerio,religion
/fr.fr/word/6997/converso/0/?q=converso,https://media.spreadthesign.com/video/mp4/10/180367.mp4,converso,religion
/fr.fr/word/6926/orden/0/?q=orden,https://media.spreadthesign.com/video/mp4/10/173916.mp4,orden,religion
/fr.fr/word/6933/comunion/0/?q=comuni%C3%B3n,https://media.spreadthesign.com/video/mp4/10/281802.mp4,comunión,religion
/fr.fr/word/6623/israel/0/?q=Israel,https://media.spreadthesign.com/video/mp4/10/471070.mp4,Israel,religion
/fr.fr/word/6640/judio/0/?q=jud%C3%ADo,https://media.spreadthesign.com/video/mp4/10/257076.mp4,judío,religion
/fr.fr/word/6636/judio/0/?q=jud%C3%ADo,https://media.spreadthesign.com/video/mp4/10/257074.mp4,judío,religion
/fr.fr/word/6312/capilla/0/?q=capilla,https://media.spreadthesign.com/video/mp4/10/158564.mp4,capilla,religion
/fr.fr/word/6362/cristo/0/?q=Cristo,https://media.spreadthesign.com/video/mp4/10/155921.mp4,Cristo,religion
/fr.fr/word/3514/folklore/0/?q=folklore,https://media.spreadthesign.com/video/mp4/10/32179.mp4,folklore,religion
/fr.fr/word/3774/ordenacion/0/?q=ordenaci%C3%B3n,https://media.spreadthesign.com/video/mp4/10/187434.mp4,ordenación,religion
/fr.fr/word/3451/iglesia/0/?q=iglesia,https://media.spreadthesign.com/video/mp4/10/31701.mp4,iglesia,religion
/fr.fr/word/3452/catedral/0/?q=catedral,https://media.spreadthesign.com/video/mp4/10/31711.mp4,catedral,religion
/fr.fr/word/3902/fantasma/0/?q=fantasma,https://media.spreadthesign.com/video/mp4/10/35028.mp4,fantasma,religion
/fr.fr/word/3969/secta/0/?q=secta,https://media.spreadthesign.com/video/mp4/10/35367.mp4,secta,religion
/fr.fr/word/7006/correlacionar/0/?q=correlacionar,https://media.spreadthesign.com/video/mp4/10/180373.mp4,correlacionar,lenguaje
/fr.fr/word/7007/corresponder/0/?q=corresponder,https://media.spreadthesign.com/video/mp4/10/180374.mp4,corresponder,lenguaje
/fr.fr/word/7088/objecion/0/?q=objeci%C3%B3n,https://media.spreadthesign.com/video/mp4/10/187346.mp4,objeción,lenguaje
/fr.fr/word/7082/lindo/0/?q=lindo,https://media.spreadthesign.com/video/mp4/10/180440.mp4,lindo,lenguaje
/fr.fr/word/7087/juramento/0/?q=juramento,https://media.spreadthesign.com/video/mp4/10/187345.mp4,juramento,lenguaje
/fr.fr/word/7057/multitud/0/?q=multitud,https://media.spreadthesign.com/video/mp4/10/180419.mp4,multitud,lenguaje
/fr.fr/word/7027/cortesia/0/?q=cortes%C3%ADa,https://media.spreadthesign.com/video/mp4/10/180393.mp4,cortesía,lenguaje
/fr.fr/word/7090/observar/0/?q=observar,https://media.spreadthesign.com/video/mp4/10/187351.mp4,observar,lenguaje
/fr.fr/word/7095/obvio/0/?q=obvio,https://media.spreadthesign.com/video/mp4/10/185893.mp4,obvio,lenguaje
/fr.fr/word/7097/ocurrir/0/?q=ocurrir,https://media.spreadthesign.com/video/mp4/10/285432.mp4,ocurrir,lenguaje
/fr.fr/word/7091/obstaculo/0/?q=obst%C3%A1culo,https://media.spreadthesign.com/video/mp4/10/187353.mp4,obstáculo,lenguaje
/fr.fr/word/7096/ocupar/0/?q=ocupar,https://media.spreadthesign.com/video/mp4/10/187362.mp4,ocupar,lenguaje
/fr.fr/word/7062/cruzada/0/?q=cruzada,https://media.spreadthesign.com/video/mp4/10/180424.mp4,cruzada,lenguaje
/fr.fr/word/7038/mania/0/?q=man%C3%ADa,https://media.spreadthesign.com/video/mp4/10/180401.mp4,manía,lenguaje
/fr.fr/word/7776/asistencia/0/?q=asistencia,https://media.spreadthesign.com/video/mp4/10/156271.mp4,asistencia,lenguaje
/fr.fr/word/7745/confesar/0/?q=confesar,https://media.spreadthesign.com/video/mp4/10/156505.mp4,confesar,lenguaje
/fr.fr/word/7743/confirmacion/0/?q=confirmaci%C3%B3n,https://media.spreadthesign.com/video/mp4/10/180334.mp4,confirmación,lenguaje
/fr.fr/word/7784/embuste/0/?q=embuste,https://media.spreadthesign.com/video/mp4/10/284279.mp4,embuste,lenguaje
/fr.fr/word/7789/mirar-con-malicia/0/?q=mirar+con+malicia,https://media.spreadthesign.com/video/mp4/10/187016.mp4,mirar con malicia,lenguaje
/fr.fr/word/7787/soplar/0/?q=soplar,https://media.spreadthesign.com/video/mp4/10/189314.mp4,soplar,lenguaje
/fr.fr/word/7758/denegar/0/?q=denegar,https://media.spreadthesign.com/video/mp4/10/180504.mp4,denegar,lenguaje
/fr.fr/word/7755/inspeccion/0/?q=inspecci%C3%B3n,https://media.spreadthesign.com/video/mp4/10/285020.mp4,inspección,lenguaje
/fr.fr/word/7757/parecido/0/?q=parecido,https://media.spreadthesign.com/video/mp4/10/169103.mp4,parecido,lenguaje
/fr.fr/word/7728/existencia/0/?q=existencia,https://media.spreadthesign.com/video/mp4/10/185932.mp4,existencia,lenguaje
/fr.fr/word/7722/sacar-conclusiones/0/?q=sacar+conclusiones,https://media.spreadthesign.com/video/mp4/10/282642.mp4,sacar conclusiones,lenguaje
/fr.fr/word/7727/existente/0/?q=existente,https://media.spreadthesign.com/video/mp4/10/185931.mp4,existente,lenguaje
/fr.fr/word/7794/deletrear/0/?q=deletrear,https://media.spreadthesign.com/video/mp4/10/282133.mp4,deletrear,lenguaje
/fr.fr/word/7799/deberia/0/?q=deber%C3%ADa,https://media.spreadthesign.com/video/mp4/10/188640.mp4,debería,lenguaje
/fr.fr/word/7764/significar/0/?q=significar,https://media.spreadthesign.com/video/mp4/10/265931.mp4,significar,lenguaje
/fr.fr/word/7763/enfatizar/0/?q=enfatizar,https://media.spreadthesign.com/video/mp4/10/185833.mp4,enfatizar,lenguaje
/fr.fr/word/7738/necesidad/0/?q=necesidad,https://media.spreadthesign.com/video/mp4/10/187238.mp4,necesidad,lenguaje
/fr.fr/word/7735/limitado/0/?q=limitado,https://media.spreadthesign.com/video/mp4/10/285160.mp4,limitado,lenguaje
/fr.fr/word/7737/demandar/0/?q=demandar,https://media.spreadthesign.com/video/mp4/10/158600.mp4,demandar,lenguaje
/fr.fr/word/7734/limitar/0/?q=limitar,https://media.spreadthesign.com/video/mp4/10/281620.mp4,limitar,lenguaje
/fr.fr/word/7470/gracia/0/?q=gracia,https://media.spreadthesign.com/video/mp4/10/186403.mp4,gracia,lenguaje
/fr.fr/word/7471/grado/0/?q=grado,https://media.spreadthesign.com/video/mp4/10/285270.mp4,grado,lenguaje
/fr.fr/word/744/mezclar/0/?q=mezclar,https://media.spreadthesign.com/video/mp4/10/7437.mp4,mezclar,lenguaje
/fr.fr/word/7444/echar-una-ojeada/0/?q=echar+una+ojeada,https://media.spreadthesign.com/video/mp4/10/186369.mp4,echar una ojeada,lenguaje
/fr.fr/word/7449/gloria/0/?q=gloria,https://media.spreadthesign.com/video/mp4/10/186379.mp4,gloria,lenguaje
/fr.fr/word/7446/ojeada/0/?q=ojeada,https://media.spreadthesign.com/video/mp4/10/186370.mp4,ojeada,lenguaje
/fr.fr/word/7417/reunir/0/?q=reunir,https://media.spreadthesign.com/video/mp4/10/267061.mp4,reunir,lenguaje
/fr.fr/word/7480/grandioso/0/?q=grandioso,https://media.spreadthesign.com/video/mp4/10/284167.mp4,grandioso,lenguaje
/fr.fr/word/7486/agarre/0/?q=agarre,https://media.spreadthesign.com/video/mp4/10/284168.mp4,agarre,lenguaje
/fr.fr/word/7483/conceder/0/?q=conceder,https://media.spreadthesign.com/video/mp4/10/158290.mp4,conceder,lenguaje
/fr.fr/word/7452/ir/0/?q=ir,https://media.spreadthesign.com/video/mp4/10/256858.mp4,ir,lenguaje
/fr.fr/word/7498/molido/0/?q=molido,https://media.spreadthesign.com/video/mp4/10/186425.mp4,molido,lenguaje
/fr.fr/word/7499/aferrar/0/?q=aferrar,https://media.spreadthesign.com/video/mp4/10/284176.mp4,aferrar,lenguaje
/fr.fr/word/7497/sonrisa/0/?q=sonrisa,https://media.spreadthesign.com/video/mp4/10/284174.mp4,sonrisa,lenguaje
/fr.fr/word/7464/cotilla/0/?q=cotilla,https://media.spreadthesign.com/video/mp4/10/186399.mp4,cotilla,lenguaje
/fr.fr/word/7437/regalo/0/?q=regalo,https://media.spreadthesign.com/video/mp4/10/158461.mp4,regalo,lenguaje
/fr.fr/word/7435/gesto/0/?q=gesto,https://media.spreadthesign.com/video/mp4/10/186349.mp4,gesto,lenguaje
/fr.fr/word/743/flamear/0/?q=flamear,https://media.spreadthesign.com/video/mp4/10/7423.mp4,flamear,lenguaje
/fr.fr/word/7102/omitir/0/?q=omitir,https://media.spreadthesign.com/video/mp4/10/187396.mp4,omitir,lenguaje
/fr.fr/word/7107/unico/0/?q=%C3%BAnico,https://media.spreadthesign.com/video/mp4/10/187412.mp4,único,lenguaje
/fr.fr/word/7109/hacia-delante/0/?q=hacia+delante,https://media.spreadthesign.com/video/mp4/10/285467.mp4,hacia delante,lenguaje
/fr.fr/word/7103/encendido/0/?q=encendido,https://media.spreadthesign.com/video/mp4/10/266081.mp4,encendido,lenguaje
/fr.fr/word/7177/palmadita/0/?q=palmadita,https://media.spreadthesign.com/video/mp4/10/282908.mp4,palmadita,lenguaje
/fr.fr/word/7110/abierto/0/?q=abierto,https://media.spreadthesign.com/video/mp4/10/266086.mp4,abierto,lenguaje
/fr.fr/word/7182/tardio/0/?q=tard%C3%ADo,https://media.spreadthesign.com/video/mp4/10/188923.mp4,tardío,lenguaje
/fr.fr/word/7158/citar/0/?q=citar,https://media.spreadthesign.com/video/mp4/10/158648.mp4,citar,lenguaje
/fr.fr/word/7155/rinar/0/?q=ri%C3%B1ar,https://media.spreadthesign.com/video/mp4/10/188087.mp4,riñar,lenguaje
/fr.fr/word/7153/estar-cualificado/0/?q=estar+cualificado,https://media.spreadthesign.com/video/mp4/10/188086.mp4,estar cualificado,lenguaje
/fr.fr/word/7120/oralmente/0/?q=oralmente,https://media.spreadthesign.com/video/mp4/10/187430.mp4,oralmente,lenguaje
/fr.fr/word/7194/desgarrar/0/?q=desgarrar,https://media.spreadthesign.com/video/mp4/10/188936.mp4,desgarrar,lenguaje
/fr.fr/word/7195/burlarse/0/?q=burlarse,https://media.spreadthesign.com/video/mp4/10/188937.mp4,burlarse,lenguaje
/fr.fr/word/7193/lagrima/0/?q=l%C3%A1grima,https://media.spreadthesign.com/video/mp4/10/266783.mp4,lágrima,lenguaje
/fr.fr/word/7138/salida/0/?q=salida,https://media.spreadthesign.com/video/mp4/10/187443.mp4,salida,lenguaje
/fr.fr/word/7135/fuera/0/?q=fuera,https://media.spreadthesign.com/video/mp4/10/266105.mp4,fuera,lenguaje
/fr.fr/word/7132/deberia/0/?q=deber%C3%ADa,https://media.spreadthesign.com/video/mp4/10/187439.mp4,debería,lenguaje
/fr.fr/word/7134/nuestro/0/?q=nuestro,https://media.spreadthesign.com/video/mp4/10/285495.mp4,nuestro,lenguaje
/fr.fr/word/7841/mensaje/0/?q=mensaje,https://media.spreadthesign.com/video/mp4/10/285275.mp4,mensaje,lenguaje
/fr.fr/word/7816/ancho-de-hombros/0/?q=ancho+de+hombros,https://media.spreadthesign.com/video/mp4/10/259906.mp4,ancho de hombros,lenguaje
/fr.fr/word/7888/participante/0/?q=participante,https://media.spreadthesign.com/video/mp4/10/187551.mp4,participante,lenguaje
/fr.fr/word/7886/definir/0/?q=definir,https://media.spreadthesign.com/video/mp4/10/180480.mp4,definir,lenguaje
/fr.fr/word/7855/central/0/?q=central,https://media.spreadthesign.com/video/mp4/10/158533.mp4,central,lenguaje
/fr.fr/word/7852/celibato/0/?q=celibato,https://media.spreadthesign.com/video/mp4/10/173841.mp4,celibato,lenguaje
/fr.fr/word/7856/arriesgar/0/?q=arriesgar,https://media.spreadthesign.com/video/mp4/10/282897.mp4,arriesgar,lenguaje
/fr.fr/word/7824/usuario/0/?q=usuario,https://media.spreadthesign.com/video/mp4/10/283763.mp4,usuario,lenguaje
/fr.fr/word/7829/romper-una-promesa/0/?q=romper+una+promesa,https://media.spreadthesign.com/video/mp4/10/281630.mp4,romper una promesa,lenguaje
/fr.fr/word/7826/roto/0/?q=roto,https://media.spreadthesign.com/video/mp4/10/173712.mp4,roto,lenguaje
/fr.fr/word/78/superficie/0/?q=superficie,https://media.spreadthesign.com/video/mp4/10/769.mp4,superficie,lenguaje
/fr.fr/word/7898/dialecto/0/?q=dialecto,https://media.spreadthesign.com/video/mp4/10/180537.mp4,dialecto,lenguaje
/fr.fr/word/7894/destructivo/0/?q=destructivo,https://media.spreadthesign.com/video/mp4/10/180519.mp4,destructivo,lenguaje
/fr.fr/word/7899/dialogo/0/?q=dialogo,https://media.spreadthesign.com/video/mp4/10/180538.mp4,dialogo,lenguaje
/fr.fr/word/7893/ademas/0/?q=adem%C3%A1s,https://media.spreadthesign.com/video/mp4/10/171913.mp4,además,lenguaje
/fr.fr/word/7864/cita/0/?q=cita,https://media.spreadthesign.com/video/mp4/10/188093.mp4,cita,lenguaje
/fr.fr/word/7833/alboroto/0/?q=alboroto,https://media.spreadthesign.com/video/mp4/10/284130.mp4,alboroto,lenguaje
/fr.fr/word/7500/agarrar/0/?q=agarrar,https://media.spreadthesign.com/video/mp4/10/284177.mp4,agarrar,lenguaje
/fr.fr/word/7501/gemir/0/?q=gemir,https://media.spreadthesign.com/video/mp4/10/186301.mp4,gemir,lenguaje
/fr.fr/word/7580/omnipotencia/0/?q=omnipotencia,https://media.spreadthesign.com/video/mp4/10/285446.mp4,omnipotencia,lenguaje
/fr.fr/word/7582/en-general/0/?q=en+general,https://media.spreadthesign.com/video/mp4/10/186936.mp4,en general,lenguaje
/fr.fr/word/7587/todas-las-cosas/0/?q=todas+las+cosas,https://media.spreadthesign.com/video/mp4/10/255324.mp4,todas las cosas,lenguaje
/fr.fr/word/7510/quejarse/0/?q=quejarse,https://media.spreadthesign.com/video/mp4/10/186429.mp4,quejarse,lenguaje
/fr.fr/word/7518/timar/0/?q=timar,https://media.spreadthesign.com/video/mp4/10/284189.mp4,timar,lenguaje
/fr.fr/word/7512/suponer/0/?q=suponer,https://media.spreadthesign.com/video/mp4/10/186432.mp4,suponer,lenguaje
/fr.fr/word/7514/guiar/0/?q=guiar,https://media.spreadthesign.com/video/mp4/10/256901.mp4,guiar,lenguaje
/fr.fr/word/7568/vital/0/?q=vital,https://media.spreadthesign.com/video/mp4/10/169068.mp4,vital,lenguaje
/fr.fr/word/7567/activar/0/?q=activar,https://media.spreadthesign.com/video/mp4/10/169066.mp4,activar,lenguaje
/fr.fr/word/7538/definitivo/0/?q=definitivo,https://media.spreadthesign.com/video/mp4/10/180482.mp4,definitivo,lenguaje
/fr.fr/word/7539/ovacion/0/?q=ovaci%C3%B3n,https://media.spreadthesign.com/video/mp4/10/158287.mp4,ovación,lenguaje
/fr.fr/word/7204/contar/0/?q=contar,https://media.spreadthesign.com/video/mp4/10/188947.mp4,contar,lenguaje
/fr.fr/word/7209/tentar/0/?q=tentar,https://media.spreadthesign.com/video/mp4/10/188953.mp4,tentar,lenguaje
/fr.fr/word/7206/estado-de-animo/0/?q=estado+de+%C3%A1nimo,https://media.spreadthesign.com/video/mp4/10/188948.mp4,estado de ánimo,lenguaje
/fr.fr/word/7251/por/0/?q=por,https://media.spreadthesign.com/video/mp4/10/283566.mp4,por,lenguaje
/fr.fr/word/7220/declarar/0/?q=declarar,https://media.spreadthesign.com/video/mp4/10/188965.mp4,declarar,lenguaje
/fr.fr/word/7225/tema/0/?q=tema,https://media.spreadthesign.com/video/mp4/10/266797.mp4,tema,lenguaje
/fr.fr/word/7227/por-eso/0/?q=por+eso,https://media.spreadthesign.com/video/mp4/10/188976.mp4,por eso,lenguaje
/fr.fr/word/7224/a-ellos/0/?q=a+ellos,https://media.spreadthesign.com/video/mp4/10/282998.mp4,a ellos,lenguaje
/fr.fr/word/7221/aquel/0/?q=aquel,https://media.spreadthesign.com/video/mp4/10/158456.mp4,aquel,lenguaje
/fr.fr/word/7223/su/0/?q=su,https://media.spreadthesign.com/video/mp4/10/282997.mp4,su,lenguaje
/fr.fr/word/7241/pensamiento/0/?q=pensamiento,https://media.spreadthesign.com/video/mp4/10/188986.mp4,pensamiento,lenguaje
/fr.fr/word/7211/tender/0/?q=tender,https://media.spreadthesign.com/video/mp4/10/284905.mp4,tender,lenguaje
/fr.fr/word/7216/esplendido/0/?q=espl%C3%A9ndido,https://media.spreadthesign.com/video/mp4/10/188960.mp4,espléndido,lenguaje
/fr.fr/word/7215/terrible/0/?q=terrible,https://media.spreadthesign.com/video/mp4/10/188959.mp4,terrible,lenguaje
/fr.fr/word/7231/ellos-as/0/?q=ellos%2Fas,https://media.spreadthesign.com/video/mp4/10/283011.mp4,ellos/as,lenguaje
/fr.fr/word/7237/este/0/?q=este,https://media.spreadthesign.com/video/mp4/10/158527.mp4,este,lenguaje
/fr.fr/word/7908/conducir/0/?q=conducir,https://media.spreadthesign.com/video/mp4/10/264792.mp4,conducir,lenguaje
/fr.fr/word/7901/difundido/0/?q=difundido,https://media.spreadthesign.com/video/mp4/10/185619.mp4,difundido,lenguaje
/fr.fr/word/7909/disciplina/0/?q=disciplina,https://media.spreadthesign.com/video/mp4/10/265759.mp4,disciplina,lenguaje
/fr.fr/word/7914/debatir/0/?q=debatir,https://media.spreadthesign.com/video/mp4/10/185645.mp4,debatir,lenguaje
/fr.fr/word/7912/discriminar/0/?q=discriminar,https://media.spreadthesign.com/video/mp4/10/185643.mp4,discriminar,lenguaje
/fr.fr/word/7988/sustituir/0/?q=sustituir,https://media.spreadthesign.com/video/mp4/10/188230.mp4,sustituir,lenguaje
/fr.fr/word/7982/una-vez-mas/0/?q=Una+vez+m%C3%A1s,https://media.spreadthesign.com/video/mp4/10/285452.mp4,Una vez más,lenguaje
/fr.fr/word/7987/experiencia/0/?q=experiencia,https://media.spreadthesign.com/video/mp4/10/255334.mp4,experiencia,lenguaje
/fr.fr/word/7983/mantener-ocupado-a-alguien/0/?q=mantener+ocupado+a+alguien,https://media.spreadthesign.com/video/mp4/10/185840.mp4,mantener ocupado a alguien,lenguaje
/fr.fr/word/7959/sordera/0/?q=sordera,https://media.spreadthesign.com/video/mp4/10/264876.mp4,sordera,lenguaje
/fr.fr/word/7952/sin-embargo/0/?q=sin+embargo,https://media.spreadthesign.com/video/mp4/10/186657.mp4,sin embargo,lenguaje
/fr.fr/word/7991/etica/0/?q=%C3%A9tica,https://media.spreadthesign.com/video/mp4/10/185880.mp4,ética,lenguaje
/fr.fr/word/7993/hay/0/?q=hay,https://media.spreadthesign.com/video/mp4/10/282745.mp4,hay,lenguaje
/fr.fr/word/7968/realmente/0/?q=realmente,https://media.spreadthesign.com/video/mp4/10/188123.mp4,realmente,lenguaje
/fr.fr/word/7963/efecto/0/?q=efecto,https://media.spreadthesign.com/video/mp4/10/282690.mp4,efecto,lenguaje
/fr.fr/word/7938/sueno/0/?q=sue%C3%B1o,https://media.spreadthesign.com/video/mp4/10/265786.mp4,sueño,lenguaje
/fr.fr/word/7935/babear/0/?q=babear,https://media.spreadthesign.com/video/mp4/10/185740.mp4,babear,lenguaje
/fr.fr/word/7674/solucionado/0/?q=solucionado,https://media.spreadthesign.com/video/mp4/10/188733.mp4,solucionado,lenguaje
/fr.fr/word/7675/distante/0/?q=distante,https://media.spreadthesign.com/video/mp4/10/282386.mp4,distante,lenguaje
/fr.fr/word/7645/argumento/0/?q=argumento,https://media.spreadthesign.com/video/mp4/10/156177.mp4,argumento,lenguaje
/fr.fr/word/7643/arbitrario/0/?q=arbitrario,https://media.spreadthesign.com/video/mp4/10/169256.mp4,arbitrario,lenguaje
/fr.fr/word/7617/comunicado/0/?q=comunicado,https://media.spreadthesign.com/video/mp4/10/169154.mp4,comunicado,lenguaje
/fr.fr/word/761/lleno-hasta-el-borde/0/?q=lleno+hasta+el+borde,https://media.spreadthesign.com/video/mp4/10/7611.mp4,lleno hasta el borde,lenguaje
/fr.fr/word/7685/sector/0/?q=sector,https://media.spreadthesign.com/video/mp4/10/281915.mp4,sector,lenguaje
/fr.fr/word/7682/abominable/0/?q=abominable,https://media.spreadthesign.com/video/mp4/10/158278.mp4,abominable,lenguaje
/fr.fr/word/7684/poner-al-descubierto/0/?q=poner+al+descubierto,https://media.spreadthesign.com/video/mp4/10/185949.mp4,poner al descubierto,lenguaje
/fr.fr/word/7683/finalizacion/0/?q=finalizaci%C3%B3n,https://media.spreadthesign.com/video/mp4/10/255385.mp4,finalización,lenguaje
/fr.fr/word/7625/adaptar/0/?q=adaptar,https://media.spreadthesign.com/video/mp4/10/188862.mp4,adaptar,lenguaje
/fr.fr/word/7620/de-otro-modo/0/?q=de+otro+modo,https://media.spreadthesign.com/video/mp4/10/187438.mp4,de otro modo,lenguaje
/fr.fr/word/7629/energico/0/?q=en%C3%A9rgico,https://media.spreadthesign.com/video/mp4/10/188835.mp4,enérgico,lenguaje
/fr.fr/word/7694/nimiedad/0/?q=nimiedad,https://media.spreadthesign.com/video/mp4/10/189074.mp4,nimiedad,lenguaje
/fr.fr/word/7696/hacia-atras/0/?q=hacia+atr%C3%A1s,https://media.spreadthesign.com/video/mp4/10/169366.mp4,hacia atrás,lenguaje
/fr.fr/word/7693/una-tarea-sencilla/0/?q=una+tarea+sencilla,https://media.spreadthesign.com/video/mp4/10/259727.mp4,una tarea sencilla,lenguaje
/fr.fr/word/7660/asimilacion/0/?q=asimilaci%C3%B3n,https://media.spreadthesign.com/video/mp4/10/156270.mp4,asimilación,lenguaje
/fr.fr/word/7666/avanzado/0/?q=avanzado,https://media.spreadthesign.com/video/mp4/10/281014.mp4,avanzado,lenguaje
/fr.fr/word/7630/admision/0/?q=admisi%C3%B3n,https://media.spreadthesign.com/video/mp4/10/155976.mp4,admisión,lenguaje
/fr.fr/word/7638/arabe/0/?q=%C3%81rabe,https://media.spreadthesign.com/video/mp4/10/156164.mp4,Árabe,lenguaje
/fr.fr/word/7632/nota/0/?q=nota,https://media.spreadthesign.com/video/mp4/10/266055.mp4,nota,lenguaje
/fr.fr/word/7631/anotar/0/?q=anotar,https://media.spreadthesign.com/video/mp4/10/187310.mp4,anotar,lenguaje
/fr.fr/word/7639/arameo/0/?q=Arameo,https://media.spreadthesign.com/video/mp4/10/169255.mp4,Arameo,lenguaje
/fr.fr/word/7307/superar/0/?q=superar,https://media.spreadthesign.com/video/mp4/10/156363.mp4,superar,lenguaje
/fr.fr/word/7354/truco/0/?q=truco,https://media.spreadthesign.com/video/mp4/10/283658.mp4,truco,lenguaje
/fr.fr/word/7373/caerse/0/?q=caerse,https://media.spreadthesign.com/video/mp4/10/158624.mp4,caerse,lenguaje
/fr.fr/word/7347/tremendo/0/?q=tremendo,https://media.spreadthesign.com/video/mp4/10/189069.mp4,tremendo,lenguaje
/fr.fr/word/7399/tipo/0/?q=tipo,https://media.spreadthesign.com/video/mp4/10/284913.mp4,tipo,lenguaje
/fr.fr/word/7393/hacer-una-pirueta/0/?q=hacer+una+pirueta,https://media.spreadthesign.com/video/mp4/10/283688.mp4,hacer una pirueta,lenguaje
/fr.fr/word/7334/trasladar/0/?q=trasladar,https://media.spreadthesign.com/video/mp4/10/283632.mp4,trasladar,lenguaje
/fr.fr/word/7332/pisar/0/?q=pisar,https://media.spreadthesign.com/video/mp4/10/283624.mp4,pisar,lenguaje
/fr.fr/word/4008/ocupado/0/?q=ocupado,https://media.spreadthesign.com/video/mp4/10/35556.mp4,ocupado,lenguaje
/fr.fr/word/4005/vocalizar/0/?q=vocalizar,https://media.spreadthesign.com/video/mp4/10/35546.mp4,vocalizar,lenguaje
/fr.fr/word/4004/oral/0/?q=oral,https://media.spreadthesign.com/video/mp4/10/35537.mp4,oral,lenguaje
/fr.fr/word/4009/contra/0/?q=contra,https://media.spreadthesign.com/video/mp4/10/35565.mp4,contra,lenguaje
/fr.fr/word/4041/casi/0/?q=casi,https://media.spreadthesign.com/video/mp4/10/35724.mp4,casi,lenguaje
/fr.fr/word/4042/compacto/0/?q=compacto,https://media.spreadthesign.com/video/mp4/10/35725.mp4,compacto,lenguaje
/fr.fr/word/4047/error/0/?q=error,https://media.spreadthesign.com/video/mp4/10/35754.mp4,error,lenguaje
/fr.fr/word/4010/especialmente/0/?q=especialmente,https://media.spreadthesign.com/video/mp4/10/35566.mp4,especialmente,lenguaje
/fr.fr/word/4016/desordenado/0/?q=desordenado,https://media.spreadthesign.com/video/mp4/10/35596.mp4,desordenado,lenguaje
/fr.fr/word/4085/seducir/0/?q=seducir,https://media.spreadthesign.com/video/mp4/10/35943.mp4,seducir,lenguaje
/fr.fr/word/4089/cautivar/0/?q=cautivar,https://media.spreadthesign.com/video/mp4/10/35963.mp4,cautivar,lenguaje
/fr.fr/word/4086/si/0/?q=si,https://media.spreadthesign.com/video/mp4/10/35944.mp4,si,lenguaje
/fr.fr/word/4083/presionar/0/?q=presionar,https://media.spreadthesign.com/video/mp4/10/35933.mp4,presionar,lenguaje
/fr.fr/word/4028/accesibilidad/0/?q=accesibilidad,https://media.spreadthesign.com/video/mp4/10/35656.mp4,accesibilidad,lenguaje
/fr.fr/word/4024/actual/0/?q=actual,https://media.spreadthesign.com/video/mp4/10/35636.mp4,actual,lenguaje
/fr.fr/word/40/soga/0/?q=soga,https://media.spreadthesign.com/video/mp4/10/388.mp4,soga,lenguaje
/fr.fr/word/4097/pronombre-posesivo/0/?q=pronombre+posesivo,https://media.spreadthesign.com/video/mp4/10/36002.mp4,pronombre posesivo,lenguaje
/fr.fr/word/4094/nombre-comun/0/?q=nombre+com%C3%BAn,https://media.spreadthesign.com/video/mp4/10/35984.mp4,nombre común,lenguaje
/fr.fr/word/4091/general/0/?q=general,https://media.spreadthesign.com/video/mp4/10/35973.mp4,general,lenguaje
/fr.fr/word/4098/pronombre-personal/0/?q=pronombre+personal,https://media.spreadthesign.com/video/mp4/10/36003.mp4,pronombre personal,lenguaje
/fr.fr/word/4095/nombre-propio/0/?q=nombre+propio,https://media.spreadthesign.com/video/mp4/10/35993.mp4,nombre propio,lenguaje
/fr.fr/word/4092/obligar/0/?q=obligar,https://media.spreadthesign.com/video/mp4/10/35974.mp4,obligar,lenguaje
/fr.fr/word/4099/pronombre-demostrativo/0/?q=pronombre+demostrativo,https://media.spreadthesign.com/video/mp4/10/36011.mp4,pronombre demostrativo,lenguaje
/fr.fr/word/4096/verbo/0/?q=verbo,https://media.spreadthesign.com/video/mp4/10/35995.mp4,verbo,lenguaje
/fr.fr/word/4093/palabra/0/?q=palabra,https://media.spreadthesign.com/video/mp4/10/35983.mp4,palabra,lenguaje
/fr.fr/word/4067/luchar/0/?q=luchar,https://media.spreadthesign.com/video/mp4/10/35853.mp4,luchar,lenguaje
/fr.fr/word/4031/delicado/0/?q=delicado,https://media.spreadthesign.com/video/mp4/10/35675.mp4,delicado,lenguaje
/fr.fr/word/4036/asombro/0/?q=asombro,https://media.spreadthesign.com/video/mp4/10/35695.mp4,asombro,lenguaje
/fr.fr/word/4039/exacto/0/?q=exacto,https://media.spreadthesign.com/video/mp4/10/35714.mp4,exacto,lenguaje
/fr.fr/word/477/como/0/?q=c%C3%B3mo,https://media.spreadthesign.com/video/mp4/10/4697.mp4,cómo,lenguaje
/fr.fr/word/4711/cesped/0/?q=c%C3%A9sped,https://media.spreadthesign.com/video/mp4/10/39749.mp4,césped,lenguaje
/fr.fr/word/478/quien/0/?q=qui%C3%A9n,https://media.spreadthesign.com/video/mp4/10/4715.mp4,quién,lenguaje
/fr.fr/word/472/buscar/0/?q=buscar,https://media.spreadthesign.com/video/mp4/10/4649.mp4,buscar,lenguaje
/fr.fr/word/479/cuando/0/?q=cu%C3%A1ndo,https://media.spreadthesign.com/video/mp4/10/4716.mp4,cuándo,lenguaje
/fr.fr/word/449/conversar/0/?q=conversar,https://media.spreadthesign.com/video/mp4/10/4413.mp4,conversar,lenguaje
/fr.fr/word/4462/posicion-vertical/0/?q=posici%C3%B3n+vertical,https://media.spreadthesign.com/video/mp4/10/38368.mp4,posición vertical,lenguaje
/fr.fr/word/446/direccion/0/?q=direcci%C3%B3n,https://media.spreadthesign.com/video/mp4/10/4381.mp4,dirección,lenguaje
/fr.fr/word/418/chica/0/?q=chica,https://media.spreadthesign.com/video/mp4/10/4096.mp4,chica,lenguaje
/fr.fr/word/4100/pronombre-indefinido/0/?q=pronombre+indefinido,https://media.spreadthesign.com/video/mp4/10/36012.mp4,pronombre indefinido,lenguaje
/fr.fr/word/4101/conjuncion/0/?q=conjunci%C3%B3n,https://media.spreadthesign.com/video/mp4/10/36021.mp4,conjunción,lenguaje
/fr.fr/word/4106/quejarse/0/?q=quejarse,https://media.spreadthesign.com/video/mp4/10/36042.mp4,quejarse,lenguaje
/fr.fr/word/4120/nombre/0/?q=nombre,https://media.spreadthesign.com/video/mp4/10/36115.mp4,nombre,lenguaje
/fr.fr/word/4122/preposicion/0/?q=preposici%C3%B3n,https://media.spreadthesign.com/video/mp4/10/36125.mp4,preposición,lenguaje
/fr.fr/word/412/sordo-a/0/?q=sordo%2Fa,https://media.spreadthesign.com/video/mp4/10/4039.mp4,sordo/a,lenguaje
/fr.fr/word/4121/pronombre/0/?q=pronombre,https://media.spreadthesign.com/video/mp4/10/36116.mp4,pronombre,lenguaje
/fr.fr/word/4123/calidad/0/?q=calidad,https://media.spreadthesign.com/video/mp4/10/36126.mp4,calidad,lenguaje
/fr.fr/word/417/chico/0/?q=chico,https://media.spreadthesign.com/video/mp4/10/4094.mp4,chico,lenguaje
/fr.fr/word/414/oir/0/?q=oir,https://media.spreadthesign.com/video/mp4/10/4065.mp4,oir,lenguaje
/fr.fr/word/4118/adverbio/0/?q=adverbio,https://media.spreadthesign.com/video/mp4/10/36105.mp4,adverbio,lenguaje
/fr.fr/word/4112/interjeccion/0/?q=interjecci%C3%B3n,https://media.spreadthesign.com/video/mp4/10/36072.mp4,interjección,lenguaje
/fr.fr/word/411/nombre/0/?q=nombre,https://media.spreadthesign.com/video/mp4/10/4035.mp4,nombre,lenguaje
/fr.fr/word/4117/vocabulario/0/?q=vocabulario,https://media.spreadthesign.com/video/mp4/10/36097.mp4,vocabulario,lenguaje
/fr.fr/word/4119/adjetivo/0/?q=adjetivo,https://media.spreadthesign.com/video/mp4/10/36106.mp4,adjetivo,lenguaje
/fr.fr/word/4116/gramatica/0/?q=gram%C3%A1tica,https://media.spreadthesign.com/video/mp4/10/36095.mp4,gramática,lenguaje
/fr.fr/word/4111/obedecer/0/?q=obedecer,https://media.spreadthesign.com/video/mp4/10/36071.mp4,obedecer,lenguaje
/fr.fr/word/484/comprobar/0/?q=comprobar,https://media.spreadthesign.com/video/mp4/10/4768.mp4,comprobar,lenguaje
/fr.fr/word/488/mentir/0/?q=mentir,https://media.spreadthesign.com/video/mp4/10/4816.mp4,mentir,lenguaje
/fr.fr/word/482/comunicacion/0/?q=comunicaci%C3%B3n,https://media.spreadthesign.com/video/mp4/10/4753.mp4,comunicación,lenguaje
/fr.fr/word/486/criticar/0/?q=criticar,https://media.spreadthesign.com/video/mp4/10/4787.mp4,criticar,lenguaje
/fr.fr/word/483/terminar/0/?q=terminar,https://media.spreadthesign.com/video/mp4/10/4756.mp4,terminar,lenguaje
/fr.fr/word/4567/contrasena/0/?q=contrase%C3%B1a,https://media.spreadthesign.com/video/mp4/10/38937.mp4,contraseña,lenguaje
/fr.fr/word/421/no/0/?q=no,https://media.spreadthesign.com/video/mp4/10/4127.mp4,no,lenguaje
/fr.fr/word/425/hablar/0/?q=hablar,https://media.spreadthesign.com/video/mp4/10/4166.mp4,hablar,lenguaje
/fr.fr/word/422/por-favor/0/?q=por+favor,https://media.spreadthesign.com/video/mp4/10/41490.mp4,por favor,lenguaje
/fr.fr/word/423/gracias/0/?q=gracias,https://media.spreadthesign.com/video/mp4/10/4154.mp4,gracias,lenguaje
/fr.fr/word/495/quiza/0/?q=quiz%C3%A1,https://media.spreadthesign.com/video/mp4/10/4884.mp4,quizá,lenguaje
/fr.fr/word/497/pensar/0/?q=pensar,https://media.spreadthesign.com/video/mp4/10/4903.mp4,pensar,lenguaje
/fr.fr/word/496/deber/0/?q=deber,https://media.spreadthesign.com/video/mp4/10/4889.mp4,deber,lenguaje
/fr.fr/word/493/tener/0/?q=tener,https://media.spreadthesign.com/video/mp4/10/4860.mp4,tener,lenguaje
/fr.fr/word/461/hacer/0/?q=hacer,https://media.spreadthesign.com/video/mp4/10/4543.mp4,hacer,lenguaje
/fr.fr/word/465/acompanar/0/?q=acompa%C3%B1ar,https://media.spreadthesign.com/video/mp4/10/4584.mp4,acompañar,lenguaje
/fr.fr/word/4622/inicial/0/?q=inicial,https://media.spreadthesign.com/video/mp4/10/39245.mp4,inicial,lenguaje
/fr.fr/word/4627/insertar/0/?q=insertar,https://media.spreadthesign.com/video/mp4/10/39268.mp4,insertar,lenguaje
/fr.fr/word/4621/fila/0/?q=fila,https://media.spreadthesign.com/video/mp4/10/39237.mp4,fila,lenguaje
/fr.fr/word/469/discutir/0/?q=discutir,https://media.spreadthesign.com/video/mp4/10/4616.mp4,discutir,lenguaje
/fr.fr/word/4308/deslizarse/0/?q=deslizarse,https://media.spreadthesign.com/video/mp4/10/37398.mp4,deslizarse,lenguaje
/fr.fr/word/430/problema/0/?q=problema,https://media.spreadthesign.com/video/mp4/10/4225.mp4,problema,lenguaje
/fr.fr/word/10712/separacion/0/?q=separaci%C3%B3n,https://media.spreadthesign.com/video/mp4/10/188604.mp4,separación,lenguaje
/fr.fr/word/10754/habla/0/?q=habla,https://media.spreadthesign.com/video/mp4/10/266684.mp4,habla,lenguaje
/fr.fr/word/10734/escepticismo/0/?q=escepticismo,https://media.spreadthesign.com/video/mp4/10/188679.mp4,escepticismo,lenguaje
/fr.fr/word/10730/sinceridad/0/?q=sinceridad,https://media.spreadthesign.com/video/mp4/10/188660.mp4,sinceridad,lenguaje
/fr.fr/word/10404/enaltecer/0/?q=enaltecer,https://media.spreadthesign.com/video/mp4/10/185900.mp4,enaltecer,lenguaje
/fr.fr/word/10479/incorruptible/0/?q=incorruptible,https://media.spreadthesign.com/video/mp4/10/284843.mp4,incorruptible,lenguaje
/fr.fr/word/10480/ingratitud/0/?q=ingratitud,https://media.spreadthesign.com/video/mp4/10/186952.mp4,ingratitud,lenguaje
/fr.fr/word/10428/libre-albedrio/0/?q=libre+albedr%C3%ADo,https://media.spreadthesign.com/video/mp4/10/186207.mp4,libre albedrío,lenguaje
/fr.fr/word/1042/paquete/0/?q=paquete,https://media.spreadthesign.com/video/mp4/10/10433.mp4,paquete,lenguaje
/fr.fr/word/10424/perdon/0/?q=perd%C3%B3n,https://media.spreadthesign.com/video/mp4/10/186177.mp4,perdón,lenguaje
/fr.fr/word/104/universal/0/?q=universal,https://media.spreadthesign.com/video/mp4/10/1034.mp4,universal,lenguaje
/fr.fr/word/10495/justificacion/0/?q=justificaci%C3%B3n,https://media.spreadthesign.com/video/mp4/10/186990.mp4,justificación,lenguaje
/fr.fr/word/1049/paquete/0/?q=paquete,https://media.spreadthesign.com/video/mp4/10/285524.mp4,paquete,lenguaje
/fr.fr/word/10468/hipocresia/0/?q=hipocres%C3%ADa,https://media.spreadthesign.com/video/mp4/10/186694.mp4,hipocresía,lenguaje
/fr.fr/word/10430/cumplir-las-expectativas/0/?q=cumplir+las+expectativas,https://media.spreadthesign.com/video/mp4/10/186267.mp4,cumplir las expectativas,lenguaje
/fr.fr/word/1088/echar/0/?q=echar,https://media.spreadthesign.com/video/mp4/10/10882.mp4,echar,lenguaje
/fr.fr/word/10899/avion-de-papel/0/?q=avi%C3%B3n+de+papel,https://media.spreadthesign.com/video/mp4/10/156500.mp4,avión de papel,lenguaje
/fr.fr/word/10895/jurado/0/?q=jurado,https://media.spreadthesign.com/video/mp4/10/285536.mp4,jurado,lenguaje
/fr.fr/word/10860/he-terminado/0/?q=he+terminado,https://media.spreadthesign.com/video/mp4/10/186113.mp4,he terminado,lenguaje
/fr.fr/word/10516/semejanza/0/?q=semejanza,https://media.spreadthesign.com/video/mp4/10/265860.mp4,semejanza,lenguaje
/fr.fr/word/10587/personal/0/?q=personal,https://media.spreadthesign.com/video/mp4/10/266168.mp4,personal,lenguaje
/fr.fr/word/10582/perecer/0/?q=perecer,https://media.spreadthesign.com/video/mp4/10/187666.mp4,perecer,lenguaje
/fr.fr/word/10552/burla/0/?q=burla,https://media.spreadthesign.com/video/mp4/10/187121.mp4,burla,lenguaje
/fr.fr/word/10555/moralidad/0/?q=moralidad,https://media.spreadthesign.com/video/mp4/10/265991.mp4,moralidad,lenguaje
/fr.fr/word/10596/reflexionar/0/?q=reflexionar,https://media.spreadthesign.com/video/mp4/10/187795.mp4,reflexionar,lenguaje
/fr.fr/word/10562/ofensa/0/?q=ofensa,https://media.spreadthesign.com/video/mp4/10/285435.mp4,ofensa,lenguaje
/fr.fr/word/10564/omnipresente/0/?q=omnipresente,https://media.spreadthesign.com/video/mp4/10/187399.mp4,omnipresente,lenguaje
/fr.fr/word/10288/reincidir/0/?q=reincidir,https://media.spreadthesign.com/video/mp4/10/169365.mp4,reincidir,lenguaje
/fr.fr/word/10286/garantia/0/?q=garant%C3%ADa,https://media.spreadthesign.com/video/mp4/10/156289.mp4,garantía,lenguaje
/fr.fr/word/10255/acatar/0/?q=acatar,https://media.spreadthesign.com/video/mp4/10/259729.mp4,acatar,lenguaje
/fr.fr/word/10259/aceptable/0/?q=aceptable,https://media.spreadthesign.com/video/mp4/10/169059.mp4,aceptable,lenguaje
/fr.fr/word/10296/amado/0/?q=amado,https://media.spreadthesign.com/video/mp4/10/158601.mp4,amado,lenguaje
/fr.fr/word/10265/consejo/0/?q=consejo,https://media.spreadthesign.com/video/mp4/10/169085.mp4,consejo,lenguaje
/fr.fr/word/10262/amonestar/0/?q=amonestar,https://media.spreadthesign.com/video/mp4/10/281009.mp4,amonestar,lenguaje
/fr.fr/word/10905/paradoja/0/?q=paradoja,https://media.spreadthesign.com/video/mp4/10/187500.mp4,paradoja,lenguaje
/fr.fr/word/10909/paralelo/0/?q=paralelo,https://media.spreadthesign.com/video/mp4/10/187508.mp4,paralelo,lenguaje
/fr.fr/word/10970/filtrarse/0/?q=filtrarse,https://media.spreadthesign.com/video/mp4/10/187650.mp4,filtrarse,lenguaje
/fr.fr/word/10976/permitir/0/?q=permitir,https://media.spreadthesign.com/video/mp4/10/187673.mp4,permitir,lenguaje
/fr.fr/word/10973/perimetro/0/?q=per%C3%ADmetro,https://media.spreadthesign.com/video/mp4/10/187661.mp4,perímetro,lenguaje
/fr.fr/word/10918/parentesis/0/?q=par%C3%A9ntesis,https://media.spreadthesign.com/video/mp4/10/187526.mp4,paréntesis,lenguaje
/fr.fr/word/1091/preparar/0/?q=preparar,https://media.spreadthesign.com/video/mp4/10/10911.mp4,preparar,lenguaje
/fr.fr/word/10982/persuadir/0/?q=persuadir,https://media.spreadthesign.com/video/mp4/10/266174.mp4,persuadir,lenguaje
/fr.fr/word/10951/pico/0/?q=pico,https://media.spreadthesign.com/video/mp4/10/187606.mp4,pico,lenguaje
/fr.fr/word/10997/album-de-fotos/0/?q=%C3%A1lbum+de+fotos,https://media.spreadthesign.com/video/mp4/10/156014.mp4,álbum de fotos,lenguaje
/fr.fr/word/10965/penetrar/0/?q=penetrar,https://media.spreadthesign.com/video/mp4/10/187643.mp4,penetrar,lenguaje
/fr.fr/word/10969/percatarse/0/?q=percatarse,https://media.spreadthesign.com/video/mp4/10/187648.mp4,percatarse,lenguaje
/fr.fr/word/10966/banderin/0/?q=bander%C3%ADn,https://media.spreadthesign.com/video/mp4/10/187645.mp4,banderín,lenguaje
/fr.fr/word/10936/cruzarse-con-alguien-en-la-entrada/0/?q=cruzarse+con+alguien+en+la+entrada,https://media.spreadthesign.com/video/mp4/10/266146.mp4,cruzarse con alguien en la entrada,lenguaje
/fr.fr/word/10610/presuncion/0/?q=presunci%C3%B3n,https://media.spreadthesign.com/video/mp4/10/187865.mp4,presunción,lenguaje
/fr.fr/word/10685/saludo/0/?q=saludo,https://media.spreadthesign.com/video/mp4/10/188502.mp4,saludo,lenguaje
/fr.fr/word/10650/rechazar/0/?q=rechazar,https://media.spreadthesign.com/video/mp4/10/188204.mp4,rechazar,lenguaje
/fr.fr/word/10626/prudencia/0/?q=prudencia,https://media.spreadthesign.com/video/mp4/10/187957.mp4,prudencia,lenguaje
/fr.fr/word/10695/salvado/0/?q=salvado,https://media.spreadthesign.com/video/mp4/10/188515.mp4,salvado,lenguaje
/fr.fr/word/10660/revelacion/0/?q=revelaci%C3%B3n,https://media.spreadthesign.com/video/mp4/10/188283.mp4,revelación,lenguaje
/fr.fr/word/10667/honrado/0/?q=honrado,https://media.spreadthesign.com/video/mp4/10/188341.mp4,honrado,lenguaje
/fr.fr/word/10630/purificacion/0/?q=purificaci%C3%B3n,https://media.spreadthesign.com/video/mp4/10/188068.mp4,purificación,lenguaje
/fr.fr/word/10639/reproche/0/?q=reproche,https://media.spreadthesign.com/video/mp4/10/188130.mp4,reproche,lenguaje
/fr.fr/word/10632/pureza/0/?q=pureza,https://media.spreadthesign.com/video/mp4/10/188070.mp4,pureza,lenguaje
/fr.fr/word/10384/desobedecer/0/?q=desobedecer,https://media.spreadthesign.com/video/mp4/10/185653.mp4,desobedecer,lenguaje
/fr.fr/word/10308/hacer-una-reverencia/0/?q=hacer+una+reverencia,https://media.spreadthesign.com/video/mp4/10/171981.mp4,hacer una reverencia,lenguaje
/fr.fr/word/10306/prestamo/0/?q=pr%C3%A9stamo,https://media.spreadthesign.com/video/mp4/10/171976.mp4,préstamo,lenguaje
/fr.fr/word/10371/dedicacion/0/?q=dedicaci%C3%B3n,https://media.spreadthesign.com/video/mp4/10/180475.mp4,dedicación,lenguaje
/fr.fr/word/10340/confusion/0/?q=confusi%C3%B3n,https://media.spreadthesign.com/video/mp4/10/180337.mp4,confusión,lenguaje
/fr.fr/word/10344/consuelo/0/?q=consuelo,https://media.spreadthesign.com/video/mp4/10/180348.mp4,consuelo,lenguaje
/fr.fr/word/10349/conversion/0/?q=conversi%C3%B3n,https://media.spreadthesign.com/video/mp4/10/264815.mp4,conversión,lenguaje
/fr.fr/word/10390/embriaguez/0/?q=embriaguez,https://media.spreadthesign.com/video/mp4/10/185745.mp4,embriaguez,lenguaje
/fr.fr/word/10397/soportar/0/?q=soportar,https://media.spreadthesign.com/video/mp4/10/267083.mp4,soportar,lenguaje
/fr.fr/word/10338/concebir/0/?q=concebir,https://media.spreadthesign.com/video/mp4/10/180323.mp4,concebir,lenguaje
/fr.fr/word/10334/limpiar/0/?q=limpiar,https://media.spreadthesign.com/video/mp4/10/264741.mp4,limpiar,lenguaje
/fr.fr/word/1707/mirar/0/?q=mirar,https://media.spreadthesign.com/video/mp4/10/16970.mp4,mirar,lenguaje
/fr.fr/word/17019/repugnante/0/?q=repugnante,https://media.spreadthesign.com/video/mp4/10/265765.mp4,repugnante,lenguaje
/fr.fr/word/1706/mirar-con-detenimiento/0/?q=mirar+con+detenimiento,https://media.spreadthesign.com/video/mp4/10/16960.mp4,mirar con detenimiento,lenguaje
/fr.fr/word/17708/asignacion/0/?q=asignaci%C3%B3n,https://media.spreadthesign.com/video/mp4/10/281743.mp4,asignación,lenguaje
/fr.fr/word/17707/alivio/0/?q=alivio,https://media.spreadthesign.com/video/mp4/10/281443.mp4,alivio,lenguaje
/fr.fr/word/17704/empeoramiento/0/?q=empeoramiento,https://media.spreadthesign.com/video/mp4/10/284406.mp4,empeoramiento,lenguaje
/fr.fr/word/17703/agravar/0/?q=agravar,https://media.spreadthesign.com/video/mp4/10/284405.mp4,agravar,lenguaje
/fr.fr/word/17712/alternancia/0/?q=alternancia,https://media.spreadthesign.com/video/mp4/10/281446.mp4,alternancia,lenguaje
/fr.fr/word/1776/mejor/0/?q=mejor,https://media.spreadthesign.com/video/mp4/10/17670.mp4,mejor,lenguaje
/fr.fr/word/17735/austero/0/?q=austero,https://media.spreadthesign.com/video/mp4/10/281524.mp4,austero,lenguaje
/fr.fr/word/1744/encontrarse/0/?q=encontrarse,https://media.spreadthesign.com/video/mp4/10/17350.mp4,encontrarse,lenguaje
/fr.fr/word/17484/olor-agradable/0/?q=olor+agradable,https://media.spreadthesign.com/video/mp4/10/266043.mp4,olor agradable,lenguaje
/fr.fr/word/1748/recoger-a-alguien/0/?q=recoger+a+alguien,https://media.spreadthesign.com/video/mp4/10/17396.mp4,recoger a alguien,lenguaje
/fr.fr/word/17181/por-primera-vez/0/?q=por+primera+vez,https://media.spreadthesign.com/video/mp4/10/255417.mp4,por primera vez,lenguaje
/fr.fr/word/1718/sonar/0/?q=so%C3%B1ar,https://media.spreadthesign.com/video/mp4/10/17091.mp4,soñar,lenguaje
/fr.fr/word/1717/solo/0/?q=solo,https://media.spreadthesign.com/video/mp4/10/17071.mp4,solo,lenguaje
/fr.fr/word/1714/sin/0/?q=sin,https://media.spreadthesign.com/video/mp4/10/17048.mp4,sin,lenguaje
/fr.fr/word/17118/euskera/0/?q=Euskera,https://media.spreadthesign.com/video/mp4/10/284772.mp4,Euskera,lenguaje
/fr.fr/word/1711/sentarse/0/?q=sentarse,https://media.spreadthesign.com/video/mp4/10/41489.mp4,sentarse,lenguaje
/fr.fr/word/1713/con/0/?q=con,https://media.spreadthesign.com/video/mp4/10/17036.mp4,con,lenguaje
/fr.fr/word/17555/parafrasis/0/?q=par%C3%A1frasis,https://media.spreadthesign.com/video/mp4/10/284872.mp4,paráfrasis,lenguaje
/fr.fr/word/17527/una-vez/0/?q=una+vez,https://media.spreadthesign.com/video/mp4/10/266082.mp4,una vez,lenguaje
/fr.fr/word/1754/recepcion/0/?q=recepci%C3%B3n,https://media.spreadthesign.com/video/mp4/10/17458.mp4,recepción,lenguaje
/fr.fr/word/1728/verdadero/0/?q=verdadero,https://media.spreadthesign.com/video/mp4/10/17183.mp4,verdadero,lenguaje
/fr.fr/word/1722/suspender/0/?q=suspender,https://media.spreadthesign.com/video/mp4/10/17122.mp4,suspender,lenguaje
/fr.fr/word/17243/culpable/0/?q=culpable,https://media.spreadthesign.com/video/mp4/10/256902.mp4,culpable,lenguaje
/fr.fr/word/1729/falso/0/?q=falso,https://media.spreadthesign.com/video/mp4/10/17195.mp4,falso,lenguaje
/fr.fr/word/1726/tocar/0/?q=tocar,https://media.spreadthesign.com/video/mp4/10/17165.mp4,tocar,lenguaje
/fr.fr/word/1798/spreadthesign/0/?q=Spreadthesign,https://media.spreadthesign.com/video/mp4/10/17891.mp4,Spreadthesign,lenguaje
/fr.fr/word/1767/risa/0/?q=risa,https://media.spreadthesign.com/video/mp4/10/17587.mp4,risa,lenguaje
/fr.fr/word/17690/fallar/0/?q=fallar,https://media.spreadthesign.com/video/mp4/10/259758.mp4,fallar,lenguaje
/fr.fr/word/17691/sentencia/0/?q=sentencia,https://media.spreadthesign.com/video/mp4/10/259759.mp4,sentencia,lenguaje
/fr.fr/word/17668/abandono/0/?q=abandono,https://media.spreadthesign.com/video/mp4/10/259728.mp4,abandono,lenguaje
/fr.fr/word/1739/donde/0/?q=donde,https://media.spreadthesign.com/video/mp4/10/17304.mp4,donde,lenguaje
/fr.fr/word/17354/liquido/0/?q=l%C3%ADquido,https://media.spreadthesign.com/video/mp4/10/267010.mp4,líquido,lenguaje
/fr.fr/word/1737/dar/0/?q=dar,https://media.spreadthesign.com/video/mp4/10/17285.mp4,dar,lenguaje
/fr.fr/word/14054/cobertura/0/?q=cobertura,https://media.spreadthesign.com/video/mp4/10/264836.mp4,cobertura,lenguaje
/fr.fr/word/14059/crucial/0/?q=crucial,https://media.spreadthesign.com/video/mp4/10/282296.mp4,crucial,lenguaje
/fr.fr/word/14052/corregido/0/?q=corregido,https://media.spreadthesign.com/video/mp4/10/281886.mp4,corregido,lenguaje
/fr.fr/word/14049/nucleo/0/?q=n%C3%BAcleo,https://media.spreadthesign.com/video/mp4/10/264820.mp4,núcleo,lenguaje
/fr.fr/word/14041/transmitir/0/?q=transmitir,https://media.spreadthesign.com/video/mp4/10/264816.mp4,transmitir,lenguaje
/fr.fr/word/1409/cenicero/0/?q=cenicero,https://media.spreadthesign.com/video/mp4/10/13961.mp4,cenicero,lenguaje
/fr.fr/word/14066/deseable/0/?q=deseable,https://media.spreadthesign.com/video/mp4/10/282341.mp4,deseable,lenguaje
/fr.fr/word/14038/contradiccion/0/?q=contradicci%C3%B3n,https://media.spreadthesign.com/video/mp4/10/281869.mp4,contradicción,lenguaje
/fr.fr/word/14032/exhaustivo/0/?q=exhaustivo,https://media.spreadthesign.com/video/mp4/10/281825.mp4,exhaustivo,lenguaje
/fr.fr/word/14031/compilar/0/?q=compilar,https://media.spreadthesign.com/video/mp4/10/281818.mp4,compilar,lenguaje
/fr.fr/word/14033/obligatorio/0/?q=obligatorio,https://media.spreadthesign.com/video/mp4/10/264776.mp4,obligatorio,lenguaje
/fr.fr/word/1475/malo/0/?q=malo,https://media.spreadthesign.com/video/mp4/10/14621.mp4,malo,lenguaje
/fr.fr/word/1477/amable/0/?q=amable,https://media.spreadthesign.com/video/mp4/10/14641.mp4,amable,lenguaje
/fr.fr/word/14483/sustentar/0/?q=sustentar,https://media.spreadthesign.com/video/mp4/10/282882.mp4,sustentar,lenguaje
/fr.fr/word/14406/requerir/0/?q=requerir,https://media.spreadthesign.com/video/mp4/10/266420.mp4,requerir,lenguaje
/fr.fr/word/14414/reversion/0/?q=reversi%C3%B3n,https://media.spreadthesign.com/video/mp4/10/266446.mp4,reversión,lenguaje
/fr.fr/word/14108/signo-de-exclamacion/0/?q=signo+de+exclamaci%C3%B3n,https://media.spreadthesign.com/video/mp4/10/255327.mp4,signo de exclamación,lenguaje
/fr.fr/word/14101/abarcar/0/?q=abarcar,https://media.spreadthesign.com/video/mp4/10/255295.mp4,abarcar,lenguaje
/fr.fr/word/14105/visualizar/0/?q=visualizar,https://media.spreadthesign.com/video/mp4/10/255312.mp4,visualizar,lenguaje
/fr.fr/word/14172/inevitable/0/?q=inevitable,https://media.spreadthesign.com/video/mp4/10/284998.mp4,inevitable,lenguaje
/fr.fr/word/14171/inducir/0/?q=inducir,https://media.spreadthesign.com/video/mp4/10/284997.mp4,inducir,lenguaje
/fr.fr/word/14176/dentro/0/?q=dentro,https://media.spreadthesign.com/video/mp4/10/257044.mp4,dentro,lenguaje
/fr.fr/word/14112/expectacion/0/?q=expectaci%C3%B3n,https://media.spreadthesign.com/video/mp4/10/255332.mp4,expectación,lenguaje
/fr.fr/word/14117/favorable/0/?q=favorable,https://media.spreadthesign.com/video/mp4/10/282783.mp4,favorable,lenguaje
/fr.fr/word/14159/nombre-conocido/0/?q=nombre+conocido,https://media.spreadthesign.com/video/mp4/10/256964.mp4,nombre conocido,lenguaje
/fr.fr/word/14128/venidero/0/?q=venidero,https://media.spreadthesign.com/video/mp4/10/284106.mp4,venidero,lenguaje
/fr.fr/word/14193/jugoso/0/?q=jugoso,https://media.spreadthesign.com/video/mp4/10/284849.mp4,jugoso,lenguaje
/fr.fr/word/14197/clave/0/?q=clave,https://media.spreadthesign.com/video/mp4/10/265800.mp4,clave,lenguaje
/fr.fr/word/14160/escribir-con-un-guion/0/?q=escribir+con+un+guion,https://media.spreadthesign.com/video/mp4/10/256985.mp4,escribir con un guion,lenguaje
/fr.fr/word/14168/incoherente/0/?q=incoherente,https://media.spreadthesign.com/video/mp4/10/284983.mp4,incoherente,lenguaje
/fr.fr/word/14167/en-laminas/0/?q=en+l%C3%A1minas,https://media.spreadthesign.com/video/mp4/10/284971.mp4,en láminas,lenguaje
/fr.fr/word/14161/division-mediante-guion/0/?q=divisi%C3%B3n+mediante+guion,https://media.spreadthesign.com/video/mp4/10/256986.mp4,división mediante guion,lenguaje
/fr.fr/word/14831/separar/0/?q=separar,https://media.spreadthesign.com/video/mp4/10/282142.mp4,separar,lenguaje
/fr.fr/word/14876/lustroso/0/?q=lustroso,https://media.spreadthesign.com/video/mp4/10/256856.mp4,lustroso,lenguaje
/fr.fr/word/14506/tesauro/0/?q=tesauro,https://media.spreadthesign.com/video/mp4/10/283009.mp4,tesauro,lenguaje
/fr.fr/word/14522/sin-ambiguedades/0/?q=sin+ambig%C3%BCedades,https://media.spreadthesign.com/video/mp4/10/283696.mp4,sin ambigüedades,lenguaje
/fr.fr/word/14521/inalterado/0/?q=inalterado,https://media.spreadthesign.com/video/mp4/10/266845.mp4,inalterado,lenguaje
/fr.fr/word/14529/letras-mayusculas/0/?q=letras+may%C3%BAsculas,https://media.spreadthesign.com/video/mp4/10/283748.mp4,letras mayúsculas,lenguaje
/fr.fr/word/14526/no-solicitado/0/?q=no+solicitado,https://media.spreadthesign.com/video/mp4/10/283740.mp4,no solicitado,lenguaje
/fr.fr/word/14549/envoltorio/0/?q=envoltorio,https://media.spreadthesign.com/video/mp4/10/284053.mp4,envoltorio,lenguaje
/fr.fr/word/14541/visual/0/?q=visual,https://media.spreadthesign.com/video/mp4/10/266885.mp4,visual,lenguaje
/fr.fr/word/14535/localizacion/0/?q=localizaci%C3%B3n,https://media.spreadthesign.com/video/mp4/10/266871.mp4,localización,lenguaje
/fr.fr/word/14538/viable/0/?q=viable,https://media.spreadthesign.com/video/mp4/10/283795.mp4,viable,lenguaje
/fr.fr/word/14536/textualmente/0/?q=textualmente,https://media.spreadthesign.com/video/mp4/10/283787.mp4,textualmente,lenguaje
/fr.fr/word/14209/carga/0/?q=carga,https://media.spreadthesign.com/video/mp4/10/265847.mp4,carga,lenguaje
/fr.fr/word/14275/ofensivo/0/?q=ofensivo,https://media.spreadthesign.com/video/mp4/10/285436.mp4,ofensivo,lenguaje
/fr.fr/word/14273/novedad/0/?q=novedad,https://media.spreadthesign.com/video/mp4/10/266057.mp4,novedad,lenguaje
/fr.fr/word/14218/probable/0/?q=probable,https://media.spreadthesign.com/video/mp4/10/285156.mp4,probable,lenguaje
/fr.fr/word/14211/seguir-en-contacto/0/?q=seguir+en+contacto,https://media.spreadthesign.com/video/mp4/10/265849.mp4,seguir en contacto,lenguaje
/fr.fr/word/1421/esconder/0/?q=esconder,https://media.spreadthesign.com/video/mp4/10/14076.mp4,esconder,lenguaje
/fr.fr/word/14288/originar/0/?q=originar,https://media.spreadthesign.com/video/mp4/10/285491.mp4,originar,lenguaje
/fr.fr/word/14289/iniciacion/0/?q=iniciaci%C3%B3n,https://media.spreadthesign.com/video/mp4/10/266100.mp4,iniciación,lenguaje
/fr.fr/word/14297/ser-mas-importante/0/?q=ser+m%C3%A1s+importante,https://media.spreadthesign.com/video/mp4/10/285508.mp4,ser más importante,lenguaje
/fr.fr/word/14294/consecuencia/0/?q=consecuencia,https://media.spreadthesign.com/video/mp4/10/266108.mp4,consecuencia,lenguaje
/fr.fr/word/14296/inicio/0/?q=inicio,https://media.spreadthesign.com/video/mp4/10/266111.mp4,inicio,lenguaje
/fr.fr/word/14236/letra-minuscula/0/?q=letra+min%C3%BAscula,https://media.spreadthesign.com/video/mp4/10/285179.mp4,letra minúscula,lenguaje
/fr.fr/word/14654/estrato/0/?q=estrato,https://media.spreadthesign.com/video/mp4/10/285125.mp4,estrato,lenguaje
/fr.fr/word/14651/estar-ubicado-en/0/?q=estar+ubicado+en,https://media.spreadthesign.com/video/mp4/10/266986.mp4,estar ubicado en,lenguaje
/fr.fr/word/14645/sin-hacer/0/?q=sin+hacer,https://media.spreadthesign.com/video/mp4/10/283716.mp4,sin hacer,lenguaje
/fr.fr/word/14646/permitido/0/?q=permitido,https://media.spreadthesign.com/video/mp4/10/259778.mp4,permitido,lenguaje
/fr.fr/word/1469/comportamiento/0/?q=comportamiento,https://media.spreadthesign.com/video/mp4/10/14560.mp4,comportamiento,lenguaje
/fr.fr/word/14635/no-saber/0/?q=no+saber,https://media.spreadthesign.com/video/mp4/10/267026.mp4,no saber,lenguaje
/fr.fr/word/14637/no-tengo/0/?q=no+tengo,https://media.spreadthesign.com/video/mp4/10/284219.mp4,no tengo,lenguaje
/fr.fr/word/14634/no-entender/0/?q=no+entender,https://media.spreadthesign.com/video/mp4/10/267025.mp4,no entender,lenguaje
/fr.fr/word/14636/prohibido/0/?q=prohibido,https://media.spreadthesign.com/video/mp4/10/285422.mp4,prohibido,lenguaje
/fr.fr/word/14304/paquete/0/?q=paquete,https://media.spreadthesign.com/video/mp4/10/285525.mp4,paquete,lenguaje
/fr.fr/word/14306/paquetes-embalados/0/?q=paquetes+embalados,https://media.spreadthesign.com/video/mp4/10/285527.mp4,paquetes embalados,lenguaje
/fr.fr/word/14322/incitacion/0/?q=incitaci%C3%B3n,https://media.spreadthesign.com/video/mp4/10/266175.mp4,incitación,lenguaje
/fr.fr/word/14378/comillas/0/?q=comillas,https://media.spreadthesign.com/video/mp4/10/266346.mp4,comillas,lenguaje
/fr.fr/word/11043/promesa/0/?q=promesa,https://media.spreadthesign.com/video/mp4/10/187764.mp4,promesa,lenguaje
/fr.fr/word/11047/plural/0/?q=plural,https://media.spreadthesign.com/video/mp4/10/187768.mp4,plural,lenguaje
/fr.fr/word/11019/pellizcar/0/?q=pellizcar,https://media.spreadthesign.com/video/mp4/10/187727.mp4,pellizcar,lenguaje
/fr.fr/word/11013/apilar/0/?q=apilar,https://media.spreadthesign.com/video/mp4/10/285523.mp4,apilar,lenguaje
/fr.fr/word/11086/popular/0/?q=popular,https://media.spreadthesign.com/video/mp4/10/187803.mp4,popular,lenguaje
/fr.fr/word/11087/poblar/0/?q=poblar,https://media.spreadthesign.com/video/mp4/10/187804.mp4,poblar,lenguaje
/fr.fr/word/11058/punzante/0/?q=punzante,https://media.spreadthesign.com/video/mp4/10/187779.mp4,punzante,lenguaje
/fr.fr/word/11059/senalar/0/?q=se%C3%B1alar,https://media.spreadthesign.com/video/mp4/10/187781.mp4,señalar,lenguaje
/fr.fr/word/11022/pionero/0/?q=pionero,https://media.spreadthesign.com/video/mp4/10/187732.mp4,pionero,lenguaje
/fr.fr/word/11090/movil/0/?q=m%C3%B3vil,https://media.spreadthesign.com/video/mp4/10/187806.mp4,móvil,lenguaje
/fr.fr/word/11060/punto-de-interes/0/?q=punto+de+inter%C3%A9s,https://media.spreadthesign.com/video/mp4/10/187780.mp4,punto de interés,lenguaje
/fr.fr/word/11063/pinchar-con-el-dedo-o-con-un-palo/0/?q=pinchar+con+el+dedo+o+con+un+palo,https://media.spreadthesign.com/video/mp4/10/187783.mp4,pinchar con el dedo o con un palo,lenguaje
/fr.fr/word/11033/claro/0/?q=claro,https://media.spreadthesign.com/video/mp4/10/158711.mp4,claro,lenguaje
/fr.fr/word/11702/extraviarse/0/?q=extraviarse,https://media.spreadthesign.com/video/mp4/10/188828.mp4,extraviarse,lenguaje
/fr.fr/word/11771/adquirido/0/?q=adquirido,https://media.spreadthesign.com/video/mp4/10/158305.mp4,adquirido,lenguaje
/fr.fr/word/11746/suponer/0/?q=suponer,https://media.spreadthesign.com/video/mp4/10/188878.mp4,suponer,lenguaje
/fr.fr/word/11747/reprimir/0/?q=reprimir,https://media.spreadthesign.com/video/mp4/10/188879.mp4,reprimir,lenguaje
/fr.fr/word/11716/golpe/0/?q=golpe,https://media.spreadthesign.com/video/mp4/10/188841.mp4,golpe,lenguaje
/fr.fr/word/11757/suspender/0/?q=suspender,https://media.spreadthesign.com/video/mp4/10/282878.mp4,suspender,lenguaje
/fr.fr/word/11753/rodear/0/?q=rodear,https://media.spreadthesign.com/video/mp4/10/188889.mp4,rodear,lenguaje
/fr.fr/word/11728/sufijo/0/?q=sufijo,https://media.spreadthesign.com/video/mp4/10/188859.mp4,sufijo,lenguaje
/fr.fr/word/11729/sugerir/0/?q=sugerir,https://media.spreadthesign.com/video/mp4/10/188860.mp4,sugerir,lenguaje
/fr.fr/word/11726/candido/0/?q=c%C3%A1ndido,https://media.spreadthesign.com/video/mp4/10/188855.mp4,cándido,lenguaje
/fr.fr/word/11723/sutil/0/?q=sutil,https://media.spreadthesign.com/video/mp4/10/188852.mp4,sutil,lenguaje
/fr.fr/word/11765/imponente/0/?q=imponente,https://media.spreadthesign.com/video/mp4/10/188900.mp4,imponente,lenguaje
/fr.fr/word/11769/sinonimo/0/?q=sin%C3%B3nimo,https://media.spreadthesign.com/video/mp4/10/188906.mp4,sinónimo,lenguaje
/fr.fr/word/11767/dar-una-bofetada/0/?q=dar+una+bofetada,https://media.spreadthesign.com/video/mp4/10/188901.mp4,dar una bofetada,lenguaje
/fr.fr/word/11480/brillar/0/?q=brillar,https://media.spreadthesign.com/video/mp4/10/158376.mp4,brillar,lenguaje
/fr.fr/word/11488/temblar/0/?q=temblar,https://media.spreadthesign.com/video/mp4/10/282002.mp4,temblar,lenguaje
/fr.fr/word/11450/segmento/0/?q=segmento,https://media.spreadthesign.com/video/mp4/10/188590.mp4,segmento,lenguaje
/fr.fr/word/11451/seleccionar/0/?q=seleccionar,https://media.spreadthesign.com/video/mp4/10/188592.mp4,seleccionar,lenguaje
/fr.fr/word/11452/uno-mismo/0/?q=uno+mismo,https://media.spreadthesign.com/video/mp4/10/281924.mp4,uno mismo,lenguaje
/fr.fr/word/11421/reganar/0/?q=rega%C3%B1ar,https://media.spreadthesign.com/video/mp4/10/188550.mp4,regañar,lenguaje
/fr.fr/word/11427/rascarse/0/?q=rascarse,https://media.spreadthesign.com/video/mp4/10/188559.mp4,rascarse,lenguaje
/fr.fr/word/11471/agitar/0/?q=agitar,https://media.spreadthesign.com/video/mp4/10/155993.mp4,agitar,lenguaje
/fr.fr/word/11448/parecer/0/?q=parecer,https://media.spreadthesign.com/video/mp4/10/188589.mp4,parecer,lenguaje
/fr.fr/word/11444/seccion/0/?q=secci%C3%B3n,https://media.spreadthesign.com/video/mp4/10/188584.mp4,sección,lenguaje
/fr.fr/word/11447/buscar/0/?q=buscar,https://media.spreadthesign.com/video/mp4/10/158599.mp4,buscar,lenguaje
/fr.fr/word/11460/segregar/0/?q=segregar,https://media.spreadthesign.com/video/mp4/10/266542.mp4,segregar,lenguaje
/fr.fr/word/11464/zanjar/0/?q=zanjar,https://media.spreadthesign.com/video/mp4/10/281973.mp4,zanjar,lenguaje
/fr.fr/word/11463/colocar/0/?q=colocar,https://media.spreadthesign.com/video/mp4/10/266554.mp4,colocar,lenguaje
/fr.fr/word/11108/preciso/0/?q=preciso,https://media.spreadthesign.com/video/mp4/10/266239.mp4,preciso,lenguaje
/fr.fr/word/11107/precioso/0/?q=precioso,https://media.spreadthesign.com/video/mp4/10/187849.mp4,precioso,lenguaje
/fr.fr/word/11101/en-polvo/0/?q=en+polvo,https://media.spreadthesign.com/video/mp4/10/187819.mp4,en polvo,lenguaje
/fr.fr/word/11109/predicado/0/?q=predicado,https://media.spreadthesign.com/video/mp4/10/156405.mp4,predicado,lenguaje
/fr.fr/word/11170/objetivo/0/?q=objetivo,https://media.spreadthesign.com/video/mp4/10/158453.mp4,objetivo,lenguaje
/fr.fr/word/11175/poner/0/?q=poner,https://media.spreadthesign.com/video/mp4/10/266336.mp4,poner,lenguaje
/fr.fr/word/11173/empujar/0/?q=empujar,https://media.spreadthesign.com/video/mp4/10/266332.mp4,empujar,lenguaje
/fr.fr/word/11144/declaracion-formal/0/?q=declaraci%C3%B3n+formal,https://media.spreadthesign.com/video/mp4/10/187908.mp4,declaración formal,lenguaje
/fr.fr/word/11140/progreso/0/?q=progreso,https://media.spreadthesign.com/video/mp4/10/266294.mp4,progreso,lenguaje
/fr.fr/word/11110/predecir/0/?q=predecir,https://media.spreadthesign.com/video/mp4/10/187853.mp4,predecir,lenguaje
/fr.fr/word/11112/el-primero/0/?q=el+primero,https://media.spreadthesign.com/video/mp4/10/187857.mp4,el primero,lenguaje
/fr.fr/word/11117/preservar/0/?q=preservar,https://media.spreadthesign.com/video/mp4/10/187863.mp4,preservar,lenguaje
/fr.fr/word/11111/prefijo/0/?q=prefijo,https://media.spreadthesign.com/video/mp4/10/187855.mp4,prefijo,lenguaje
/fr.fr/word/11150/proximo/0/?q=pr%C3%B3ximo,https://media.spreadthesign.com/video/mp4/10/187951.mp4,próximo,lenguaje
/fr.fr/word/11121/el-mejor/0/?q=el+mejor,https://media.spreadthesign.com/video/mp4/10/187875.mp4,el mejor,lenguaje
/fr.fr/word/11122/el-primero/0/?q=el+primero,https://media.spreadthesign.com/video/mp4/10/266268.mp4,el primero,lenguaje
/fr.fr/word/11196/rampa/0/?q=rampa,https://media.spreadthesign.com/video/mp4/10/188115.mp4,rampa,lenguaje
/fr.fr/word/11167/puntuacion/0/?q=puntuaci%C3%B3n,https://media.spreadthesign.com/video/mp4/10/188063.mp4,puntuación,lenguaje
/fr.fr/word/11130/probable/0/?q=probable,https://media.spreadthesign.com/video/mp4/10/187886.mp4,probable,lenguaje
/fr.fr/word/11132/proceso-de-elaboracion/0/?q=proceso+de+elaboraci%C3%B3n,https://media.spreadthesign.com/video/mp4/10/187888.mp4,proceso de elaboración,lenguaje
/fr.fr/word/11137/profesar/0/?q=profesar,https://media.spreadthesign.com/video/mp4/10/187867.mp4,profesar,lenguaje
/fr.fr/word/11131/proceder/0/?q=proceder,https://media.spreadthesign.com/video/mp4/10/187887.mp4,proceder,lenguaje
/fr.fr/word/11133/posponer/0/?q=posponer,https://media.spreadthesign.com/video/mp4/10/187889.mp4,posponer,lenguaje
/fr.fr/word/11833/sensible-a-la-luz/0/?q=sensible+a+la+luz,https://media.spreadthesign.com/video/mp4/10/187028.mp4,sensible a la luz,lenguaje
/fr.fr/word/11874/altitud/0/?q=altitud,https://media.spreadthesign.com/video/mp4/10/156150.mp4,altitud,lenguaje
/fr.fr/word/11504/encoger/0/?q=encoger,https://media.spreadthesign.com/video/mp4/10/188645.mp4,encoger,lenguaje
/fr.fr/word/11505/lado/0/?q=lado,https://media.spreadthesign.com/video/mp4/10/188647.mp4,lado,lenguaje
/fr.fr/word/11509/tamizar/0/?q=tamizar,https://media.spreadthesign.com/video/mp4/10/188651.mp4,tamizar,lenguaje
/fr.fr/word/11510/suspirar/0/?q=suspirar,https://media.spreadthesign.com/video/mp4/10/282021.mp4,suspirar,lenguaje
/fr.fr/word/11520/senor/0/?q=se%C3%B1or,https://media.spreadthesign.com/video/mp4/10/188665.mp4,señor,lenguaje
/fr.fr/word/11522/sitio/0/?q=sitio,https://media.spreadthesign.com/video/mp4/10/188667.mp4,sitio,lenguaje
/fr.fr/word/11529/calor-abrasador/0/?q=calor+abrasador,https://media.spreadthesign.com/video/mp4/10/158392.mp4,calor abrasador,lenguaje
/fr.fr/word/11523/situar/0/?q=situar,https://media.spreadthesign.com/video/mp4/10/188668.mp4,situar,lenguaje
/fr.fr/word/11594/algunos/0/?q=algunos,https://media.spreadthesign.com/video/mp4/10/282098.mp4,algunos,lenguaje
/fr.fr/word/11599/clasificar/0/?q=clasificar,https://media.spreadthesign.com/video/mp4/10/282106.mp4,clasificar,lenguaje
/fr.fr/word/11593/unica/0/?q=%C3%BAnica,https://media.spreadthesign.com/video/mp4/10/266671.mp4,única,lenguaje
/fr.fr/word/11568/recortar/0/?q=recortar,https://media.spreadthesign.com/video/mp4/10/266617.mp4,recortar,lenguaje
/fr.fr/word/11565/escabullirse/0/?q=escabullirse,https://media.spreadthesign.com/video/mp4/10/282070.mp4,escabullirse,lenguaje
/fr.fr/word/11567/inhalar/0/?q=inhalar,https://media.spreadthesign.com/video/mp4/10/188706.mp4,inhalar,lenguaje
/fr.fr/word/11564/chascar-los-dedos/0/?q=chascar+los+dedos,https://media.spreadthesign.com/video/mp4/10/188705.mp4,chascar los dedos,lenguaje
/fr.fr/word/11536/habilidad/0/?q=habilidad,https://media.spreadthesign.com/video/mp4/10/188684.mp4,habilidad,lenguaje
/fr.fr/word/11204/alcanzar/0/?q=alcanzar,https://media.spreadthesign.com/video/mp4/10/156324.mp4,alcanzar,lenguaje
/fr.fr/word/11202/repiquetear/0/?q=repiquetear,https://media.spreadthesign.com/video/mp4/10/158723.mp4,repiquetear,lenguaje
/fr.fr/word/11277/retrasar/0/?q=retrasar,https://media.spreadthesign.com/video/mp4/10/266440.mp4,retrasar,lenguaje
/fr.fr/word/11247/confiar/0/?q=confiar,https://media.spreadthesign.com/video/mp4/10/188215.mp4,confiar,lenguaje
/fr.fr/word/11244/relativo/0/?q=relativo,https://media.spreadthesign.com/video/mp4/10/188209.mp4,relativo,lenguaje
/fr.fr/word/11248/permanecer/0/?q=permanecer,https://media.spreadthesign.com/video/mp4/10/188216.mp4,permanecer,lenguaje
/fr.fr/word/11245/liberacion/0/?q=liberaci%C3%B3n,https://media.spreadthesign.com/video/mp4/10/266400.mp4,liberación,lenguaje
/fr.fr/word/11242/reforzar/0/?q=reforzar,https://media.spreadthesign.com/video/mp4/10/188203.mp4,reforzar,lenguaje
/fr.fr/word/11249/recordarle-a-uno-algo/0/?q=recordarle+a+uno+algo,https://media.spreadthesign.com/video/mp4/10/188220.mp4,recordarle a uno algo,lenguaje
/fr.fr/word/11246/aliviar/0/?q=aliviar,https://media.spreadthesign.com/video/mp4/10/188214.mp4,aliviar,lenguaje
/fr.fr/word/11243/relacionar/0/?q=relacionar,https://media.spreadthesign.com/video/mp4/10/266397.mp4,relacionar,lenguaje
/fr.fr/word/11219/recomendar/0/?q=recomendar,https://media.spreadthesign.com/video/mp4/10/188143.mp4,recomendar,lenguaje
/fr.fr/word/11218/reconocer/0/?q=reconocer,https://media.spreadthesign.com/video/mp4/10/266369.mp4,reconocer,lenguaje
/fr.fr/word/11280/retirarse/0/?q=retirarse,https://media.spreadthesign.com/video/mp4/10/188280.mp4,retirarse,lenguaje
/fr.fr/word/11285/girar/0/?q=girar,https://media.spreadthesign.com/video/mp4/10/266449.mp4,girar,lenguaje
/fr.fr/word/11282/vengar/0/?q=vengar,https://media.spreadthesign.com/video/mp4/10/188299.mp4,vengar,lenguaje
/fr.fr/word/11283/revisar/0/?q=revisar,https://media.spreadthesign.com/video/mp4/10/188302.mp4,revisar,lenguaje
/fr.fr/word/11250/rememorar/0/?q=rememorar,https://media.spreadthesign.com/video/mp4/10/188221.mp4,rememorar,lenguaje
/fr.fr/word/11255/replicar/0/?q=replicar,https://media.spreadthesign.com/video/mp4/10/188234.mp4,replicar,lenguaje
/fr.fr/word/11254/repeler/0/?q=repeler,https://media.spreadthesign.com/video/mp4/10/188228.mp4,repeler,lenguaje
/fr.fr/word/11251/remoto/0/?q=remoto,https://media.spreadthesign.com/video/mp4/10/188223.mp4,remoto,lenguaje
/fr.fr/word/11259/reputacion/0/?q=reputaci%C3%B3n,https://media.spreadthesign.com/video/mp4/10/284886.mp4,reputación,lenguaje
/fr.fr/word/11228/reducir-la-velocidad/0/?q=reducir+la+velocidad,https://media.spreadthesign.com/video/mp4/10/188176.mp4,reducir la velocidad,lenguaje
/fr.fr/word/11294/ridiculo/0/?q=rid%C3%ADculo,https://media.spreadthesign.com/video/mp4/10/188334.mp4,ridículo,lenguaje
/fr.fr/word/11291/librarse-de-algo/0/?q=librarse+de+algo,https://media.spreadthesign.com/video/mp4/10/188335.mp4,librarse de algo,lenguaje
/fr.fr/word/11261/pedir/0/?q=pedir,https://media.spreadthesign.com/video/mp4/10/188246.mp4,pedir,lenguaje
/fr.fr/word/11269/recurso/0/?q=recurso,https://media.spreadthesign.com/video/mp4/10/188261.mp4,recurso,lenguaje
/fr.fr/word/11238/habitual/0/?q=habitual,https://media.spreadthesign.com/video/mp4/10/188196.mp4,habitual,lenguaje
/fr.fr/word/11235/registrar/0/?q=registrar,https://media.spreadthesign.com/video/mp4/10/188188.mp4,registrar,lenguaje
/fr.fr/word/11232/reflejar/0/?q=reflejar,https://media.spreadthesign.com/video/mp4/10/266387.mp4,reflejar,lenguaje
/fr.fr/word/11237/regresar/0/?q=regresar,https://media.spreadthesign.com/video/mp4/10/188191.mp4,regresar,lenguaje
/fr.fr/word/11233/declinar/0/?q=declinar,https://media.spreadthesign.com/video/mp4/10/188183.mp4,declinar,lenguaje
/fr.fr/word/11600/origen/0/?q=origen,https://media.spreadthesign.com/video/mp4/10/188742.mp4,origen,lenguaje
/fr.fr/word/11601/dar-un-azote-en-el-culo/0/?q=dar+un+azote+en+el+culo,https://media.spreadthesign.com/video/mp4/10/188746.mp4,dar un azote en el culo,lenguaje
/fr.fr/word/11602/especifico/0/?q=espec%C3%ADfico,https://media.spreadthesign.com/video/mp4/10/188755.mp4,específico,lenguaje
/fr.fr/word/11670/empinado/0/?q=empinado,https://media.spreadthesign.com/video/mp4/10/282257.mp4,empinado,lenguaje
/fr.fr/word/1167/sin-grumos/0/?q=sin+grumos,https://media.spreadthesign.com/video/mp4/10/11643.mp4,sin grumos,lenguaje
/fr.fr/word/1164/oler/0/?q=oler,https://media.spreadthesign.com/video/mp4/10/11615.mp4,oler,lenguaje
/fr.fr/word/11641/rociar/0/?q=rociar,https://media.spreadthesign.com/video/mp4/10/266698.mp4,rociar,lenguaje
/fr.fr/word/11646/amontonar/0/?q=amontonar,https://media.spreadthesign.com/video/mp4/10/188783.mp4,amontonar,lenguaje
/fr.fr/word/11643/estrujar/0/?q=estrujar,https://media.spreadthesign.com/video/mp4/10/282161.mp4,estrujar,lenguaje
/fr.fr/word/11617/gastar/0/?q=gastar,https://media.spreadthesign.com/video/mp4/10/188765.mp4,gastar,lenguaje
/fr.fr/word/11684/apestar/0/?q=apestar,https://media.spreadthesign.com/video/mp4/10/188817.mp4,apestar,lenguaje
/fr.fr/word/11683/estimulo/0/?q=est%C3%ADmulo,https://media.spreadthesign.com/video/mp4/10/188816.mp4,estímulo,lenguaje
/fr.fr/word/11655/parametro/0/?q=par%C3%A1metro,https://media.spreadthesign.com/video/mp4/10/282174.mp4,parámetro,lenguaje
/fr.fr/word/11659/estado/0/?q=estado,https://media.spreadthesign.com/video/mp4/10/282182.mp4,estado,lenguaje
/fr.fr/word/11653/pisar-fuerte/0/?q=pisar+fuerte,https://media.spreadthesign.com/video/mp4/10/188788.mp4,pisar fuerte,lenguaje
/fr.fr/word/11623/expectorar/0/?q=expectorar,https://media.spreadthesign.com/video/mp4/10/255333.mp4,expectorar,lenguaje
/fr.fr/word/11627/escupitajo/0/?q=escupitajo,https://media.spreadthesign.com/video/mp4/10/188771.mp4,escupitajo,lenguaje
/fr.fr/word/11699/montar-a-horcajadas/0/?q=montar+a+horcajadas,https://media.spreadthesign.com/video/mp4/10/282280.mp4,montar a horcajadas,lenguaje
/fr.fr/word/11664/lugar/0/?q=lugar,https://media.spreadthesign.com/video/mp4/10/188800.mp4,lugar,lenguaje
/fr.fr/word/11380/satisfacer/0/?q=satisfacer,https://media.spreadthesign.com/video/mp4/10/188511.mp4,satisfacer,lenguaje
/fr.fr/word/11385/dar-miedo/0/?q=dar+miedo,https://media.spreadthesign.com/video/mp4/10/266509.mp4,dar miedo,lenguaje
/fr.fr/word/11387/esparcir/0/?q=esparcir,https://media.spreadthesign.com/video/mp4/10/188524.mp4,esparcir,lenguaje
/fr.fr/word/11351/gobernar/0/?q=gobernar,https://media.spreadthesign.com/video/mp4/10/188441.mp4,gobernar,lenguaje
/fr.fr/word/11352/rebuscar/0/?q=rebuscar,https://media.spreadthesign.com/video/mp4/10/188446.mp4,rebuscar,lenguaje
/fr.fr/word/11353/rumor/0/?q=rumor,https://media.spreadthesign.com/video/mp4/10/188448.mp4,rumor,lenguaje
/fr.fr/word/11324/deambular/0/?q=deambular,https://media.spreadthesign.com/video/mp4/10/266466.mp4,deambular,lenguaje
/fr.fr/word/11304/rasgon/0/?q=rasg%C3%B3n,https://media.spreadthesign.com/video/mp4/10/188347.mp4,rasgón,lenguaje
/fr.fr/word/11344/rotar/0/?q=rotar,https://media.spreadthesign.com/video/mp4/10/188409.mp4,rotar,lenguaje
/fr.fr/word/11392/esquema/0/?q=esquema,https://media.spreadthesign.com/video/mp4/10/188529.mp4,esquema,lenguaje
/fr.fr/word/11368/dicho-anteriormente/0/?q=dicho+anteriormente,https://media.spreadthesign.com/video/mp4/10/188497.mp4,dicho anteriormente,lenguaje
/fr.fr/word/18092/rigidez/0/?q=rigidez,https://media.spreadthesign.com/video/mp4/10/282264.mp4,rigidez,lenguaje
/fr.fr/word/1874/atencion/0/?q=atenci%C3%B3n,https://media.spreadthesign.com/video/mp4/10/18623.mp4,atención,lenguaje
/fr.fr/word/1879/bilinguismo/0/?q=biling%C3%BCismo,https://media.spreadthesign.com/video/mp4/10/18679.mp4,bilingüismo,lenguaje
/fr.fr/word/1876/balbucear/0/?q=balbucear,https://media.spreadthesign.com/video/mp4/10/18647.mp4,balbucear,lenguaje
/fr.fr/word/1842/serio/0/?q=serio,https://media.spreadthesign.com/video/mp4/10/18324.mp4,serio,lenguaje
/fr.fr/word/1847/uso/0/?q=uso,https://media.spreadthesign.com/video/mp4/10/18370.mp4,uso,lenguaje
/fr.fr/word/1841/a-salvo/0/?q=a+salvo,https://media.spreadthesign.com/video/mp4/10/18313.mp4,a salvo,lenguaje
/fr.fr/word/1846/problema/0/?q=problema,https://media.spreadthesign.com/video/mp4/10/18354.mp4,problema,lenguaje
/fr.fr/word/1818/significado/0/?q=significado,https://media.spreadthesign.com/video/mp4/10/18083.mp4,significado,lenguaje
/fr.fr/word/18176/usar/0/?q=usar,https://media.spreadthesign.com/video/mp4/10/266862.mp4,usar,lenguaje
/fr.fr/word/1819/error/0/?q=error,https://media.spreadthesign.com/video/mp4/10/18084.mp4,error,lenguaje
/fr.fr/word/1816/lectura-labial/0/?q=lectura+labial,https://media.spreadthesign.com/video/mp4/10/18064.mp4,lectura labial,lenguaje
/fr.fr/word/1888/oportunidad/0/?q=oportunidad,https://media.spreadthesign.com/video/mp4/10/18770.mp4,oportunidad,lenguaje
/fr.fr/word/1858/maldita-sea/0/?q=%C2%A1maldita+sea%21,https://media.spreadthesign.com/video/mp4/10/18478.mp4,¡maldita sea!,lenguaje
/fr.fr/word/1855/incorrecto/0/?q=incorrecto,https://media.spreadthesign.com/video/mp4/10/18449.mp4,incorrecto,lenguaje
/fr.fr/word/185/cadena/0/?q=cadena,https://media.spreadthesign.com/video/mp4/10/1816.mp4,cadena,lenguaje
/fr.fr/word/1857/mierda/0/?q=%C2%A1Mierda%21,https://media.spreadthesign.com/video/mp4/10/18468.mp4,¡Mierda!,lenguaje
/fr.fr/word/1853/voluntad/0/?q=voluntad,https://media.spreadthesign.com/video/mp4/10/18429.mp4,voluntad,lenguaje
/fr.fr/word/1828/pregunta/0/?q=pregunta,https://media.spreadthesign.com/video/mp4/10/18184.mp4,pregunta,lenguaje
/fr.fr/word/1827/privado/0/?q=privado,https://media.spreadthesign.com/video/mp4/10/18173.mp4,privado,lenguaje
/fr.fr/word/1824/fuera-de/0/?q=fuera+de,https://media.spreadthesign.com/video/mp4/10/18144.mp4,fuera de,lenguaje
/fr.fr/word/1829/silencioso/0/?q=silencioso,https://media.spreadthesign.com/video/mp4/10/18185.mp4,silencioso,lenguaje
/fr.fr/word/1838/riesgo/0/?q=riesgo,https://media.spreadthesign.com/video/mp4/10/18282.mp4,riesgo,lenguaje
/fr.fr/word/1835/recordar/0/?q=recordar,https://media.spreadthesign.com/video/mp4/10/18253.mp4,recordar,lenguaje
/fr.fr/word/1832/real/0/?q=real,https://media.spreadthesign.com/video/mp4/10/18222.mp4,real,lenguaje
/fr.fr/word/1830/rapido/0/?q=r%C3%A1pido,https://media.spreadthesign.com/video/mp4/10/18204.mp4,rápido,lenguaje
/fr.fr/word/1831/preparado/0/?q=preparado,https://media.spreadthesign.com/video/mp4/10/18205.mp4,preparado,lenguaje
/fr.fr/word/1836/responder/0/?q=responder,https://media.spreadthesign.com/video/mp4/10/18264.mp4,responder,lenguaje
/fr.fr/word/1833/superfluo/0/?q=superfluo,https://media.spreadthesign.com/video/mp4/10/18234.mp4,superfluo,lenguaje
/fr.fr/word/150/caucho/0/?q=caucho,https://media.spreadthesign.com/video/mp4/10/1472.mp4,caucho,lenguaje
/fr.fr/word/1578/detras/0/?q=detr%C3%A1s,https://media.spreadthesign.com/video/mp4/10/15669.mp4,detrás,lenguaje
/fr.fr/word/1575/enfrente-de/0/?q=enfrente++de,https://media.spreadthesign.com/video/mp4/10/15647.mp4,enfrente  de,lenguaje
/fr.fr/word/1572/cruzar/0/?q=cruzar,https://media.spreadthesign.com/video/mp4/10/15608.mp4,cruzar,lenguaje
/fr.fr/word/1577/despertarse/0/?q=despertarse,https://media.spreadthesign.com/video/mp4/10/15666.mp4,despertarse,lenguaje
/fr.fr/word/1579/dificil/0/?q=dif%C3%ADcil,https://media.spreadthesign.com/video/mp4/10/15680.mp4,difícil,lenguaje
/fr.fr/word/1576/desacuerdo/0/?q=desacuerdo,https://media.spreadthesign.com/video/mp4/10/15651.mp4,desacuerdo,lenguaje
/fr.fr/word/15738/de-lado-a-lado/0/?q=de+lado+a+lado,https://media.spreadthesign.com/video/mp4/10/284120.mp4,de lado a lado,lenguaje
/fr.fr/word/15739/desde-los-lados-al-centro/0/?q=desde+los+lados+al+centro,https://media.spreadthesign.com/video/mp4/10/284121.mp4,desde los lados al centro,lenguaje
/fr.fr/word/15478/comparacion-de-igualdad/0/?q=comparaci%C3%B3n+de+igualdad,https://media.spreadthesign.com/video/mp4/10/281811.mp4,comparación de igualdad,lenguaje
/fr.fr/word/15479/comparacion-de-inferioridad/0/?q=comparaci%C3%B3n+de+inferioridad,https://media.spreadthesign.com/video/mp4/10/281812.mp4,comparación de inferioridad,lenguaje
/fr.fr/word/15480/comparacion-de-superioridad/0/?q=comparaci%C3%B3n+de+superioridad,https://media.spreadthesign.com/video/mp4/10/281813.mp4,comparación de superioridad,lenguaje
/fr.fr/word/15488/sustantivo-concreto/0/?q=sustantivo+concreto,https://media.spreadthesign.com/video/mp4/10/264791.mp4,sustantivo concreto,lenguaje
/fr.fr/word/15482/oracion-compuesta/0/?q=oraci%C3%B3n+compuesta,https://media.spreadthesign.com/video/mp4/10/264775.mp4,oración compuesta,lenguaje
/fr.fr/word/15422/articulacion/0/?q=articulaci%C3%B3n,https://media.spreadthesign.com/video/mp4/10/281503.mp4,articulación,lenguaje
/fr.fr/word/1542/bonito/0/?q=bonito,https://media.spreadthesign.com/video/mp4/10/15302.mp4,bonito,lenguaje
/fr.fr/word/15421/articulo/0/?q=art%C3%ADculo,https://media.spreadthesign.com/video/mp4/10/259789.mp4,artículo,lenguaje
/fr.fr/word/154/manilla/0/?q=manilla,https://media.spreadthesign.com/video/mp4/10/1516.mp4,manilla,lenguaje
/fr.fr/word/15493/conjugacion/0/?q=conjugaci%C3%B3n,https://media.spreadthesign.com/video/mp4/10/284805.mp4,conjugación,lenguaje
/fr.fr/word/1518/cerca-de/0/?q=cerca+de,https://media.spreadthesign.com/video/mp4/10/15063.mp4,cerca de,lenguaje
/fr.fr/word/1511/derecha/0/?q=derecha,https://media.spreadthesign.com/video/mp4/10/14991.mp4,derecha,lenguaje
/fr.fr/word/1512/izquierda/0/?q=izquierda,https://media.spreadthesign.com/video/mp4/10/14994.mp4,izquierda,lenguaje
/fr.fr/word/1588/encontrar/0/?q=encontrar,https://media.spreadthesign.com/video/mp4/10/15770.mp4,encontrar,lenguaje
/fr.fr/word/1580/facil/0/?q=f%C3%A1cil,https://media.spreadthesign.com/video/mp4/10/15697.mp4,fácil,lenguaje
/fr.fr/word/158/nivel/0/?q=nivel,https://media.spreadthesign.com/video/mp4/10/1561.mp4,nivel,lenguaje
/fr.fr/word/15835/sistema-de-signos-internacional/0/?q=Sistema+de+Signos+Internacional,https://media.spreadthesign.com/video/mp4/10/257110.mp4,Sistema de Signos Internacional,lenguaje
/fr.fr/word/15836/oracion-interrogativa/0/?q=oraci%C3%B3n+interrogativa,https://media.spreadthesign.com/video/mp4/10/257105.mp4,oración interrogativa,lenguaje
/fr.fr/word/1557/comparar/0/?q=comparar,https://media.spreadthesign.com/video/mp4/10/15462.mp4,comparar,lenguaje
/fr.fr/word/15548/configuraciones-manuales-basicas/0/?q=configuraciones+manuales+b%C3%A1sicas,https://media.spreadthesign.com/video/mp4/10/281564.mp4,configuraciones manuales básicas,lenguaje
/fr.fr/word/15549/signos-basicos/0/?q=signos+b%C3%A1sicos,https://media.spreadthesign.com/video/mp4/10/281565.mp4,signos básicos,lenguaje
/fr.fr/word/15519/manos-cruzadas/0/?q=manos+cruzadas,https://media.spreadthesign.com/video/mp4/10/259745.mp4,manos cruzadas,lenguaje
/fr.fr/word/15588/humor-sordo/0/?q=humor+sordo,https://media.spreadthesign.com/video/mp4/10/264875.mp4,humor sordo,lenguaje
/fr.fr/word/1558/compartir/0/?q=compartir,https://media.spreadthesign.com/video/mp4/10/15466.mp4,compartir,lenguaje
/fr.fr/word/15556/cejas-subidas/0/?q=cejas+subidas,https://media.spreadthesign.com/video/mp4/10/259908.mp4,cejas subidas,lenguaje
/fr.fr/word/15590/oracion-enunciativa/0/?q=oraci%C3%B3n+enunciativa,https://media.spreadthesign.com/video/mp4/10/282323.mp4,oración enunciativa,lenguaje
/fr.fr/word/15599/dieresis/0/?q=di%C3%A9resis,https://media.spreadthesign.com/video/mp4/10/282355.mp4,diéresis,lenguaje
/fr.fr/word/15535/arco/0/?q=arco,https://media.spreadthesign.com/video/mp4/10/281490.mp4,arco,lenguaje
/fr.fr/word/1520/algo/0/?q=algo,https://media.spreadthesign.com/video/mp4/10/15075.mp4,algo,lenguaje
/fr.fr/word/1590/enganar/0/?q=enga%C3%B1ar,https://media.spreadthesign.com/video/mp4/10/15799.mp4,engañar,lenguaje
/fr.fr/word/1598/parar/0/?q=parar,https://media.spreadthesign.com/video/mp4/10/15879.mp4,parar,lenguaje
/fr.fr/word/15957/prestamo-linguistico/0/?q=pr%C3%A9stamo+ling%C3%BC%C3%ADstico,https://media.spreadthesign.com/video/mp4/10/285172.mp4,préstamo lingüístico,lenguaje
/fr.fr/word/1594/espacio/0/?q=espacio,https://media.spreadthesign.com/video/mp4/10/15832.mp4,espacio,lenguaje
/fr.fr/word/1591/ensenar/0/?q=ense%C3%B1ar,https://media.spreadthesign.com/video/mp4/10/15801.mp4,enseñar,lenguaje
/fr.fr/word/15608/signo-direccional/0/?q=signo+direccional,https://media.spreadthesign.com/video/mp4/10/282368.mp4,signo direccional,lenguaje
/fr.fr/word/15607/complemento-directo/0/?q=complemento+directo,https://media.spreadthesign.com/video/mp4/10/282365.mp4,complemento directo,lenguaje
/fr.fr/word/15604/diminutivo/0/?q=diminutivo,https://media.spreadthesign.com/video/mp4/10/282360.mp4,diminutivo,lenguaje
/fr.fr/word/15676/buscar-signos-sinonimos/0/?q=buscar+signos+sin%C3%B3nimos,https://media.spreadthesign.com/video/mp4/10/282806.mp4,buscar signos sinónimos,lenguaje
/fr.fr/word/15640/desenlace/0/?q=desenlace,https://media.spreadthesign.com/video/mp4/10/255298.mp4,desenlace,lenguaje
/fr.fr/word/15618/mano-dominante/0/?q=mano+dominante,https://media.spreadthesign.com/video/mp4/10/282415.mp4,mano dominante,lenguaje
/fr.fr/word/15620/movimiento-hacia-abajo/0/?q=movimiento+hacia+abajo,https://media.spreadthesign.com/video/mp4/10/265783.mp4,movimiento hacia abajo,lenguaje
/fr.fr/word/15621/orientacion-de-la-mano-hacia-abajo/0/?q=orientaci%C3%B3n+de+la+mano+hacia+abajo,https://media.spreadthesign.com/video/mp4/10/265784.mp4,orientación de la mano hacia abajo,lenguaje
/fr.fr/word/156/casco/0/?q=casco,https://media.spreadthesign.com/video/mp4/10/1541.mp4,casco,lenguaje
/fr.fr/word/1569/creer/0/?q=creer,https://media.spreadthesign.com/video/mp4/10/15585.mp4,creer,lenguaje
/fr.fr/word/15661/exclamacion/0/?q=exclamaci%C3%B3n,https://media.spreadthesign.com/video/mp4/10/282737.mp4,exclamación,lenguaje
/fr.fr/word/15662/oracion-exclamativa/0/?q=oraci%C3%B3n+exclamativa,https://media.spreadthesign.com/video/mp4/10/282738.mp4,oración exclamativa,lenguaje
/fr.fr/word/1530/apetecer/0/?q=apetecer,https://media.spreadthesign.com/video/mp4/10/15184.mp4,apetecer,lenguaje
/fr.fr/word/15327/por-encima-de/0/?q=por+encima+de,https://media.spreadthesign.com/video/mp4/10/259732.mp4,por encima de,lenguaje
/fr.fr/word/1532/pasar/0/?q=pasar,https://media.spreadthesign.com/video/mp4/10/15196.mp4,pasar,lenguaje
/fr.fr/word/15370/acento/0/?q=acento,https://media.spreadthesign.com/video/mp4/10/280990.mp4,acento,lenguaje
/fr.fr/word/15372/actividad/0/?q=actividad,https://media.spreadthesign.com/video/mp4/10/259750.mp4,actividad,lenguaje
/fr.fr/word/1537/aunque/0/?q=aunque,https://media.spreadthesign.com/video/mp4/10/15255.mp4,aunque,lenguaje
/fr.fr/word/15399/todo/0/?q=todo,https://media.spreadthesign.com/video/mp4/10/259776.mp4,todo,lenguaje
/fr.fr/word/12081/atento/0/?q=atento,https://media.spreadthesign.com/video/mp4/10/169322.mp4,atento,lenguaje
/fr.fr/word/12089/cerrado/0/?q=cerrado,https://media.spreadthesign.com/video/mp4/10/173895.mp4,cerrado,lenguaje
/fr.fr/word/12070/asombroso/0/?q=asombroso,https://media.spreadthesign.com/video/mp4/10/259779.mp4,asombroso,lenguaje
/fr.fr/word/12078/de-veras/0/?q=de+veras,https://media.spreadthesign.com/video/mp4/10/169282.mp4,de veras,lenguaje
/fr.fr/word/12079/a-mas/0/?q=a+m%C3%A1s,https://media.spreadthesign.com/video/mp4/10/156458.mp4,a más,lenguaje
/fr.fr/word/12073/molestia/0/?q=molestia,https://media.spreadthesign.com/video/mp4/10/284420.mp4,molestia,lenguaje
/fr.fr/word/12097/a-pesar-de/0/?q=a+pesar+de,https://media.spreadthesign.com/video/mp4/10/156637.mp4,a pesar de,lenguaje
/fr.fr/word/12094/danar/0/?q=da%C3%B1ar,https://media.spreadthesign.com/video/mp4/10/180445.mp4,dañar,lenguaje
/fr.fr/word/12099/diferencia/0/?q=diferencia,https://media.spreadthesign.com/video/mp4/10/185616.mp4,diferencia,lenguaje
/fr.fr/word/12096/exigente/0/?q=exigente,https://media.spreadthesign.com/video/mp4/10/180492.mp4,exigente,lenguaje
/fr.fr/word/12771/objetividad/0/?q=objetividad,https://media.spreadthesign.com/video/mp4/10/284862.mp4,objetividad,lenguaje
/fr.fr/word/1247/dar-la-vuelta/0/?q=dar+la+vuelta,https://media.spreadthesign.com/video/mp4/10/12365.mp4,dar la vuelta,lenguaje
/fr.fr/word/12494/definicion/0/?q=definici%C3%B3n,https://media.spreadthesign.com/video/mp4/10/264883.mp4,definición,lenguaje
/fr.fr/word/12468/emparejar/0/?q=emparejar,https://media.spreadthesign.com/video/mp4/10/281898.mp4,emparejar,lenguaje
/fr.fr/word/12431/cognicion/0/?q=cognici%C3%B3n,https://media.spreadthesign.com/video/mp4/10/264746.mp4,cognición,lenguaje
/fr.fr/word/12432/coherente/0/?q=coherente,https://media.spreadthesign.com/video/mp4/10/281772.mp4,coherente,lenguaje
/fr.fr/word/12100/dificultad/0/?q=dificultad,https://media.spreadthesign.com/video/mp4/10/185620.mp4,dificultad,lenguaje
/fr.fr/word/12105/eficiente/0/?q=eficiente,https://media.spreadthesign.com/video/mp4/10/185776.mp4,eficiente,lenguaje
/fr.fr/word/12174/fulano/0/?q=fulano,https://media.spreadthesign.com/video/mp4/10/158526.mp4,fulano,lenguaje
/fr.fr/word/12175/alguien/0/?q=alguien,https://media.spreadthesign.com/video/mp4/10/188735.mp4,alguien,lenguaje
/fr.fr/word/12173/para-que/0/?q=para+que...,https://media.spreadthesign.com/video/mp4/10/188713.mp4,para que...,lenguaje
/fr.fr/word/12147/de-hecho/0/?q=de+hecho,https://media.spreadthesign.com/video/mp4/10/186935.mp4,de hecho,lenguaje
/fr.fr/word/12118/dormirse/0/?q=dormirse,https://media.spreadthesign.com/video/mp4/10/185988.mp4,dormirse,lenguaje
/fr.fr/word/12114/exactamente/0/?q=exactamente,https://media.spreadthesign.com/video/mp4/10/185897.mp4,exactamente,lenguaje
/fr.fr/word/12111/etcetera/0/?q=etc%C3%A9tera,https://media.spreadthesign.com/video/mp4/10/185877.mp4,etcétera,lenguaje
/fr.fr/word/12116/extraordinario/0/?q=extraordinario,https://media.spreadthesign.com/video/mp4/10/185959.mp4,extraordinario,lenguaje
/fr.fr/word/12113/evidentemente/0/?q=evidentemente,https://media.spreadthesign.com/video/mp4/10/185891.mp4,evidentemente,lenguaje
/fr.fr/word/12181/ser-suficiente/0/?q=ser+suficiente,https://media.spreadthesign.com/video/mp4/10/282858.mp4,ser suficiente,lenguaje
/fr.fr/word/12182/resumen/0/?q=resumen,https://media.spreadthesign.com/video/mp4/10/188863.mp4,resumen,lenguaje
/fr.fr/word/12150/solamente/0/?q=solamente,https://media.spreadthesign.com/video/mp4/10/257057.mp4,solamente,lenguaje
/fr.fr/word/12159/requerido/0/?q=requerido,https://media.spreadthesign.com/video/mp4/10/187244.mp4,requerido,lenguaje
/fr.fr/word/12152/igual-que/0/?q=igual+que,https://media.spreadthesign.com/video/mp4/10/158752.mp4,igual que,lenguaje
/fr.fr/word/12128/parte-delantera/0/?q=parte+delantera,https://media.spreadthesign.com/video/mp4/10/255451.mp4,parte delantera,lenguaje
/fr.fr/word/12126/afortunadamente/0/?q=afortunadamente,https://media.spreadthesign.com/video/mp4/10/186188.mp4,afortunadamente,lenguaje
/fr.fr/word/12194/ensanchar/0/?q=ensanchar,https://media.spreadthesign.com/video/mp4/10/189212.mp4,ensanchar,lenguaje
/fr.fr/word/12193/calentar/0/?q=calentar,https://media.spreadthesign.com/video/mp4/10/158578.mp4,calentar,lenguaje
/fr.fr/word/12165/exponer/0/?q=exponer,https://media.spreadthesign.com/video/mp4/10/187861.mp4,exponer,lenguaje
/fr.fr/word/12161/encima-de/0/?q=encima+de,https://media.spreadthesign.com/video/mp4/10/156413.mp4,encima de,lenguaje
/fr.fr/word/12166/provecho/0/?q=provecho,https://media.spreadthesign.com/video/mp4/10/158323.mp4,provecho,lenguaje
/fr.fr/word/12139/agarrar/0/?q=agarrar,https://media.spreadthesign.com/video/mp4/10/156000.mp4,agarrar,lenguaje
/fr.fr/word/12132/generalmente/0/?q=generalmente,https://media.spreadthesign.com/video/mp4/10/186328.mp4,generalmente,lenguaje
/fr.fr/word/12133/hablando-en-terminos-generales/0/?q=hablando+en+t%C3%A9rminos+generales,https://media.spreadthesign.com/video/mp4/10/186326.mp4,hablando en términos generales,lenguaje
/fr.fr/word/12889/evaluacion-de-riesgos/0/?q=evaluaci%C3%B3n+de+riesgos,https://media.spreadthesign.com/video/mp4/10/266460.mp4,evaluación de riesgos,lenguaje
/fr.fr/word/12809/trazado-de-un-plano/0/?q=trazado+de+un+plano,https://media.spreadthesign.com/video/mp4/10/266197.mp4,trazado de un plano,lenguaje
/fr.fr/word/12849/problematico/0/?q=problem%C3%A1tico,https://media.spreadthesign.com/video/mp4/10/266275.mp4,problemático,lenguaje
/fr.fr/word/12866/reconocimiento/0/?q=reconocimiento,https://media.spreadthesign.com/video/mp4/10/266370.mp4,reconocimiento,lenguaje
/fr.fr/word/12830/potencial/0/?q=potencial,https://media.spreadthesign.com/video/mp4/10/267038.mp4,potencial,lenguaje
/fr.fr/word/12555/exploracion/0/?q=exploraci%C3%B3n,https://media.spreadthesign.com/video/mp4/10/282755.mp4,exploración,lenguaje
/fr.fr/word/12553/de-la-experiencia/0/?q=de+la+experiencia,https://media.spreadthesign.com/video/mp4/10/255335.mp4,de la experiencia,lenguaje
/fr.fr/word/1252/desenvolver/0/?q=desenvolver,https://media.spreadthesign.com/video/mp4/10/12405.mp4,desenvolver,lenguaje
/fr.fr/word/12574/riesgo-de-incendio/0/?q=riesgo+de+incendio,https://media.spreadthesign.com/video/mp4/10/255388.mp4,riesgo de incendio,lenguaje
/fr.fr/word/12590/carta-escrita-a-mano/0/?q=carta+escrita+a+mano,https://media.spreadthesign.com/video/mp4/10/284116.mp4,carta escrita a mano,lenguaje
/fr.fr/word/12595/acopio/0/?q=acopio,https://media.spreadthesign.com/video/mp4/10/256840.mp4,acopio,lenguaje
/fr.fr/word/12517/grupo-de-debate/0/?q=grupo+de+debate,https://media.spreadthesign.com/video/mp4/10/265763.mp4,grupo de debate,lenguaje
/fr.fr/word/12265/irreversible/0/?q=irreversible,https://media.spreadthesign.com/video/mp4/10/285050.mp4,irreversible,lenguaje
/fr.fr/word/12945/ubicar/0/?q=ubicar,https://media.spreadthesign.com/video/mp4/10/266695.mp4,ubicar,lenguaje
/fr.fr/word/1294/tu/0/?q=t%C3%BA,https://media.spreadthesign.com/video/mp4/10/12802.mp4,tú,lenguaje
/fr.fr/word/1292/conseguir/0/?q=conseguir,https://media.spreadthesign.com/video/mp4/10/12784.mp4,conseguir,lenguaje
/fr.fr/word/12995/testing/0/?q=testing,https://media.spreadthesign.com/video/mp4/10/266790.mp4,testing,lenguaje
/fr.fr/word/12641/implicacion/0/?q=implicaci%C3%B3n,https://media.spreadthesign.com/video/mp4/10/284959.mp4,implicación,lenguaje
/fr.fr/word/12630/jerarquia/0/?q=jerarqu%C3%ADa,https://media.spreadthesign.com/video/mp4/10/256941.mp4,jerarquía,lenguaje
/fr.fr/word/12635/iconico/0/?q=ic%C3%B3nico,https://media.spreadthesign.com/video/mp4/10/284936.mp4,icónico,lenguaje
/fr.fr/word/12357/artificial/0/?q=artificial,https://media.spreadthesign.com/video/mp4/10/259791.mp4,artificial,lenguaje
/fr.fr/word/12325/responsabilidad/0/?q=responsabilidad,https://media.spreadthesign.com/video/mp4/10/259743.mp4,responsabilidad,lenguaje
/fr.fr/word/1904/llorar/0/?q=llorar,https://media.spreadthesign.com/video/mp4/10/18932.mp4,llorar,lenguaje
/fr.fr/word/1902/gatear/0/?q=gatear,https://media.spreadthesign.com/video/mp4/10/18909.mp4,gatear,lenguaje
/fr.fr/word/1972/observacion/0/?q=observaci%C3%B3n,https://media.spreadthesign.com/video/mp4/10/19606.mp4,observación,lenguaje
/fr.fr/word/1974/orden/0/?q=orden,https://media.spreadthesign.com/video/mp4/10/19626.mp4,orden,lenguaje
/fr.fr/word/1973/ofertar/0/?q=ofertar,https://media.spreadthesign.com/video/mp4/10/19610.mp4,ofertar,lenguaje
/fr.fr/word/19473/habilidad/0/?q=habilidad,https://media.spreadthesign.com/video/mp4/10/281677.mp4,habilidad,lenguaje
/fr.fr/word/19414/destinatario/0/?q=destinatario,https://media.spreadthesign.com/video/mp4/10/284403.mp4,destinatario,lenguaje
/fr.fr/word/1919/emergencia/0/?q=emergencia,https://media.spreadthesign.com/video/mp4/10/19075.mp4,emergencia,lenguaje
/fr.fr/word/1983/percepcion/0/?q=percepci%C3%B3n,https://media.spreadthesign.com/video/mp4/10/19703.mp4,percepción,lenguaje
/fr.fr/word/19580/propension/0/?q=propensi%C3%B3n,https://media.spreadthesign.com/video/mp4/10/282380.mp4,propensión,lenguaje
/fr.fr/word/19582/disputa/0/?q=disputa,https://media.spreadthesign.com/video/mp4/10/265769.mp4,disputa,lenguaje
/fr.fr/word/1958/barrera-linguistica/0/?q=barrera+ling%C3%BC%C3%ADstica,https://media.spreadthesign.com/video/mp4/10/19467.mp4,barrera lingüística,lenguaje
/fr.fr/word/19503/lenguaje-coloquial/0/?q=lenguaje+coloquial,https://media.spreadthesign.com/video/mp4/10/284802.mp4,lenguaje coloquial,lenguaje
/fr.fr/word/1957/idioma/0/?q=idioma,https://media.spreadthesign.com/video/mp4/10/19450.mp4,idioma,lenguaje
/fr.fr/word/19594/eficacia/0/?q=eficacia,https://media.spreadthesign.com/video/mp4/10/255266.mp4,eficacia,lenguaje
/fr.fr/word/19593/excentrico/0/?q=exc%C3%A9ntrico,https://media.spreadthesign.com/video/mp4/10/282675.mp4,excéntrico,lenguaje
/fr.fr/word/1956/laberinto/0/?q=laberinto,https://media.spreadthesign.com/video/mp4/10/19447.mp4,laberinto,lenguaje
/fr.fr/word/19258/injusto/0/?q=injusto,https://media.spreadthesign.com/video/mp4/10/283730.mp4,injusto,lenguaje
/fr.fr/word/19255/unilateral/0/?q=unilateral,https://media.spreadthesign.com/video/mp4/10/283723.mp4,unilateral,lenguaje
/fr.fr/word/19259/injustificado/0/?q=injustificado,https://media.spreadthesign.com/video/mp4/10/283731.mp4,injustificado,lenguaje
/fr.fr/word/1924/evaluar/0/?q=evaluar,https://media.spreadthesign.com/video/mp4/10/19132.mp4,evaluar,lenguaje
/fr.fr/word/19264/imprevisible/0/?q=imprevisible,https://media.spreadthesign.com/video/mp4/10/283735.mp4,imprevisible,lenguaje
/fr.fr/word/19260/incontrolable/0/?q=incontrolable,https://media.spreadthesign.com/video/mp4/10/283732.mp4,incontrolable,lenguaje
/fr.fr/word/19959/hacer-algo-por-tu-cuenta/0/?q=hacer+algo+por+tu+cuenta,https://media.spreadthesign.com/video/mp4/10/282393.mp4,hacer algo por tu cuenta,lenguaje
/fr.fr/word/1992/elogiar/0/?q=elogiar,https://media.spreadthesign.com/video/mp4/10/19795.mp4,elogiar,lenguaje
/fr.fr/word/1993/preparacion/0/?q=preparaci%C3%B3n,https://media.spreadthesign.com/video/mp4/10/19803.mp4,preparación,lenguaje
/fr.fr/word/1969/movimiento/0/?q=movimiento,https://media.spreadthesign.com/video/mp4/10/19568.mp4,movimiento,lenguaje
/fr.fr/word/19622/exageracion/0/?q=exageraci%C3%B3n,https://media.spreadthesign.com/video/mp4/10/282734.mp4,exageración,lenguaje
/fr.fr/word/19624/exclusion/0/?q=exclusi%C3%B3n,https://media.spreadthesign.com/video/mp4/10/255328.mp4,exclusión,lenguaje
/fr.fr/word/19612/dar-poder/0/?q=dar+poder,https://media.spreadthesign.com/video/mp4/10/255294.mp4,dar poder,lenguaje
/fr.fr/word/19661/generalizacion/0/?q=generalizaci%C3%B3n,https://media.spreadthesign.com/video/mp4/10/256846.mp4,generalización,lenguaje
/fr.fr/word/19633/externo/0/?q=externo,https://media.spreadthesign.com/video/mp4/10/282759.mp4,externo,lenguaje
/fr.fr/word/19303/vulnerable/0/?q=vulnerable,https://media.spreadthesign.com/video/mp4/10/283848.mp4,vulnerable,lenguaje
/fr.fr/word/19307/desistimiento/0/?q=desistimiento,https://media.spreadthesign.com/video/mp4/10/284409.mp4,desistimiento,lenguaje
/fr.fr/word/19325/bienestar-medico/0/?q=bienestar+m%C3%A9dico,https://media.spreadthesign.com/video/mp4/10/283908.mp4,bienestar médico,lenguaje
/fr.fr/word/19324/benefactor/0/?q=benefactor,https://media.spreadthesign.com/video/mp4/10/283907.mp4,benefactor,lenguaje
/fr.fr/word/19321/con-buena-intencion/0/?q=con+buena+intenci%C3%B3n,https://media.spreadthesign.com/video/mp4/10/283904.mp4,con buena intención,lenguaje
/fr.fr/word/1937/grupo/0/?q=grupo,https://media.spreadthesign.com/video/mp4/10/19256.mp4,grupo,lenguaje
/fr.fr/word/19318/bien-equipado/0/?q=bien+equipado,https://media.spreadthesign.com/video/mp4/10/283901.mp4,bien equipado,lenguaje
/fr.fr/word/19319/bien-intencionado/0/?q=bien+intencionado,https://media.spreadthesign.com/video/mp4/10/283902.mp4,bien intencionado,lenguaje
/fr.fr/word/19330/generalizado/0/?q=generalizado,https://media.spreadthesign.com/video/mp4/10/284003.mp4,generalizado,lenguaje
/fr.fr/word/1605/fin/0/?q=fin,https://media.spreadthesign.com/video/mp4/10/15951.mp4,fin,lenguaje
/fr.fr/word/16028/palabra-monosilabica/0/?q=palabra+monosil%C3%A1bica,https://media.spreadthesign.com/video/mp4/10/285316.mp4,palabra monosilábica,lenguaje
/fr.fr/word/1602/fantasia/0/?q=fantas%C3%ADa,https://media.spreadthesign.com/video/mp4/10/15914.mp4,fantasía,lenguaje
/fr.fr/word/1601/fantastico/0/?q=fant%C3%A1stico,https://media.spreadthesign.com/video/mp4/10/15909.mp4,fantástico,lenguaje
/fr.fr/word/16701/vocalizacion-sin-voz/0/?q=vocalizaci%C3%B3n+sin+voz,https://media.spreadthesign.com/video/mp4/10/283836.mp4,vocalización sin voz,lenguaje
/fr.fr/word/1672/original/0/?q=original,https://media.spreadthesign.com/video/mp4/10/16628.mp4,original,lenguaje
/fr.fr/word/16740/pregunta-de-si-o-no/0/?q=pregunta+de+s%C3%AD+o+no,https://media.spreadthesign.com/video/mp4/10/284067.mp4,pregunta de sí o no,lenguaje
/fr.fr/word/1673/sombra/0/?q=sombra,https://media.spreadthesign.com/video/mp4/10/16639.mp4,sombra,lenguaje
/fr.fr/word/16732/familia-de-palabras/0/?q=familia+de+palabras,https://media.spreadthesign.com/video/mp4/10/284021.mp4,familia de palabras,lenguaje
/fr.fr/word/16737/expresion-escrita/0/?q=expresi%C3%B3n+escrita,https://media.spreadthesign.com/video/mp4/10/266932.mp4,expresión escrita,lenguaje
/fr.fr/word/16481/sustantivo-singular/0/?q=sustantivo+singular,https://media.spreadthesign.com/video/mp4/10/282039.mp4,sustantivo singular,lenguaje
/fr.fr/word/16458/poesia-en-lengua-de-signos/0/?q=poes%C3%ADa+en+lengua+de+signos,https://media.spreadthesign.com/video/mp4/10/266576.mp4,poesía en lengua de signos,lenguaje
/fr.fr/word/16457/diccionario-de-lengua-de-signos/0/?q=diccionario+de+lengua+de+signos,https://media.spreadthesign.com/video/mp4/10/266575.mp4,diccionario de lengua de signos,lenguaje
/fr.fr/word/16459/canciones-en-lengua-de-signos/0/?q=canciones+en+lengua+de+signos,https://media.spreadthesign.com/video/mp4/10/266577.mp4,canciones en lengua de signos,lenguaje
/fr.fr/word/16456/desarrollo-lengua-de-signos/0/?q=desarrollo+lengua+de+signos,https://media.spreadthesign.com/video/mp4/10/266574.mp4,desarrollo lengua de signos,lenguaje
/fr.fr/word/16453/signo/0/?q=signo,https://media.spreadthesign.com/video/mp4/10/266573.mp4,signo,lenguaje
/fr.fr/word/164/suave/0/?q=suave,https://media.spreadthesign.com/video/mp4/10/1618.mp4,suave,lenguaje
/fr.fr/word/16462/normas-linguisticas-universales-de-la-lengua-de-signos/0/?q=normas+ling%C3%BC%C3%ADsticas+universales+de+la+lengua+de+signos,https://media.spreadthesign.com/video/mp4/10/282023.mp4,normas lingüísticas universales de la lengua de signos,lenguaje
/fr.fr/word/1646/metro/0/?q=metro+,https://media.spreadthesign.com/video/mp4/10/16365.mp4,metro ,lenguaje
/fr.fr/word/16464/signo-de-un-nombre-propio/0/?q=signo+de+un+nombre+propio,https://media.spreadthesign.com/video/mp4/10/266589.mp4,signo de un nombre propio,lenguaje
/fr.fr/word/16461/estructura-de-lengua-de-signos/0/?q=estructura+de+lengua+de+signos,https://media.spreadthesign.com/video/mp4/10/266579.mp4,estructura de lengua de signos,lenguaje
/fr.fr/word/1619/lo-mismo/0/?q=lo+mismo,https://media.spreadthesign.com/video/mp4/10/16083.mp4,lo mismo,lenguaje
/fr.fr/word/1682/advertir/0/?q=advertir,https://media.spreadthesign.com/video/mp4/10/16729.mp4,advertir,lenguaje
/fr.fr/word/1687/pero/0/?q=pero,https://media.spreadthesign.com/video/mp4/10/16772.mp4,pero,lenguaje
/fr.fr/word/1681/peligro/0/?q=peligro,https://media.spreadthesign.com/video/mp4/10/16712.mp4,peligro,lenguaje
/fr.fr/word/1683/aconsejar/0/?q=aconsejar,https://media.spreadthesign.com/video/mp4/10/16731.mp4,aconsejar,lenguaje
/fr.fr/word/16504/locutor/0/?q=locutor,https://media.spreadthesign.com/video/mp4/10/282120.mp4,locutor,lenguaje
/fr.fr/word/1654/razon/0/?q=raz%C3%B3n,https://media.spreadthesign.com/video/mp4/10/16446.mp4,razón,lenguaje
/fr.fr/word/1655/consecuencia/0/?q=consecuencia,https://media.spreadthesign.com/video/mp4/10/16449.mp4,consecuencia,lenguaje
/fr.fr/word/165/normal/0/?q=normal,https://media.spreadthesign.com/video/mp4/10/1619.mp4,normal,lenguaje
/fr.fr/word/16594/lo-mismo-que/0/?q=lo+mismo+que,https://media.spreadthesign.com/video/mp4/10/282982.mp4,lo mismo que,lenguaje
/fr.fr/word/16533/sujeto/0/?q=sujeto,https://media.spreadthesign.com/video/mp4/10/266734.mp4,sujeto,lenguaje
/fr.fr/word/1624/culpa/0/?q=culpa,https://media.spreadthesign.com/video/mp4/10/16142.mp4,culpa,lenguaje
/fr.fr/word/1697/porque/0/?q=porque,https://media.spreadthesign.com/video/mp4/10/16880.mp4,porque,lenguaje
/fr.fr/word/16649/sustantivo-incontable/0/?q=sustantivo+incontable,https://media.spreadthesign.com/video/mp4/10/283699.mp4,sustantivo incontable,lenguaje
/fr.fr/word/1668/objetivo/0/?q=objetivo,https://media.spreadthesign.com/video/mp4/10/16582.mp4,objetivo,lenguaje
/fr.fr/word/1662/permitir/0/?q=permitir,https://media.spreadthesign.com/video/mp4/10/16519.mp4,permitir,lenguaje
/fr.fr/word/1666/simple/0/?q=simple,https://media.spreadthesign.com/video/mp4/10/16567.mp4,simple,lenguaje
/fr.fr/word/1632/juzgar/0/?q=juzgar,https://media.spreadthesign.com/video/mp4/10/16217.mp4,juzgar,lenguaje
/fr.fr/word/1637/elevarse/0/?q=elevarse,https://media.spreadthesign.com/video/mp4/10/16266.mp4,elevarse,lenguaje
/fr.fr/word/1634/juntos/0/?q=juntos,https://media.spreadthesign.com/video/mp4/10/16243.mp4,juntos,lenguaje
/fr.fr/word/163/duro/0/?q=duro,https://media.spreadthesign.com/video/mp4/10/1601.mp4,duro,lenguaje
/fr.fr/word/13009/retocar/0/?q=retocar,https://media.spreadthesign.com/video/mp4/10/283598.mp4,retocar,lenguaje
/fr.fr/word/13023/utilizar/0/?q=utilizar,https://media.spreadthesign.com/video/mp4/10/266863.mp4,utilizar,lenguaje
/fr.fr/word/13021/urbano/0/?q=urbano,https://media.spreadthesign.com/video/mp4/10/266857.mp4,urbano,lenguaje
/fr.fr/word/1302/audicion/0/?q=audici%C3%B3n,https://media.spreadthesign.com/video/mp4/10/12883.mp4,audición,lenguaje
/fr.fr/word/1307/rotulador/0/?q=rotulador,https://media.spreadthesign.com/video/mp4/10/12934.mp4,rotulador,lenguaje
/fr.fr/word/1301/apellido/0/?q=apellido,https://media.spreadthesign.com/video/mp4/10/12872.mp4,apellido,lenguaje
/fr.fr/word/13788/anormal/0/?q=anormal,https://media.spreadthesign.com/video/mp4/10/280984.mp4,anormal,lenguaje
/fr.fr/word/1378/gel/0/?q=gel,https://media.spreadthesign.com/video/mp4/10/13642.mp4,gel,lenguaje
/fr.fr/word/13790/adverso/0/?q=adverso,https://media.spreadthesign.com/video/mp4/10/284404.mp4,adverso,lenguaje
/fr.fr/word/13763/menguado/0/?q=menguado,https://media.spreadthesign.com/video/mp4/10/265727.mp4,menguado,lenguaje
/fr.fr/word/13713/transporte/0/?q=transporte,https://media.spreadthesign.com/video/mp4/10/283645.mp4,transporte,lenguaje
/fr.fr/word/13422/peligro-para-la-salud/0/?q=peligro+para+la+salud,https://media.spreadthesign.com/video/mp4/10/256927.mp4,peligro para la salud,lenguaje
/fr.fr/word/13473/ascender/0/?q=ascender,https://media.spreadthesign.com/video/mp4/10/285153.mp4,ascender,lenguaje
/fr.fr/word/13188/absorber/0/?q=absorber,https://media.spreadthesign.com/video/mp4/10/280985.mp4,absorber,lenguaje
/fr.fr/word/1314/salir/0/?q=salir,https://media.spreadthesign.com/video/mp4/10/13002.mp4,salir,lenguaje
/fr.fr/word/13800/discreto/0/?q=discreto,https://media.spreadthesign.com/video/mp4/10/284816.mp4,discreto,lenguaje
/fr.fr/word/13805/irregular/0/?q=irregular,https://media.spreadthesign.com/video/mp4/10/285048.mp4,irregular,lenguaje
/fr.fr/word/13870/guion/0/?q=guion,https://media.spreadthesign.com/video/mp4/10/256984.mp4,guion,lenguaje
/fr.fr/word/13875/palabra-no-flexiva/0/?q=palabra+no+flexiva,https://media.spreadthesign.com/video/mp4/10/283725.mp4,palabra no flexiva,lenguaje
/fr.fr/word/13872/formacion-de-palabras/0/?q=formaci%C3%B3n+de+palabras,https://media.spreadthesign.com/video/mp4/10/284022.mp4,formación de palabras,lenguaje
/fr.fr/word/13871/punto-y-coma/0/?q=punto+y+coma,https://media.spreadthesign.com/video/mp4/10/281955.mp4,punto y coma,lenguaje
/fr.fr/word/13812/fenomeno/0/?q=fen%C3%B3meno,https://media.spreadthesign.com/video/mp4/10/284879.mp4,fenómeno,lenguaje
/fr.fr/word/13888/orden-de-las-palabras/0/?q=orden+de+las+palabras,https://media.spreadthesign.com/video/mp4/10/284023.mp4,orden de las palabras,lenguaje
/fr.fr/word/13883/oracion-simple/0/?q=oraci%C3%B3n+simple,https://media.spreadthesign.com/video/mp4/10/266596.mp4,oración simple,lenguaje
/fr.fr/word/13850/futuro-simple/0/?q=futuro+simple,https://media.spreadthesign.com/video/mp4/10/255460.mp4,futuro simple,lenguaje
/fr.fr/word/13858/modo-imperativo/0/?q=modo+imperativo,https://media.spreadthesign.com/video/mp4/10/284954.mp4,modo imperativo,lenguaje
/fr.fr/word/13857/modo-condicional/0/?q=modo+condicional,https://media.spreadthesign.com/video/mp4/10/281835.mp4,modo condicional,lenguaje
/fr.fr/word/13899/lexico/0/?q=l%C3%A9xico,https://media.spreadthesign.com/video/mp4/10/285146.mp4,léxico,lenguaje
/fr.fr/word/13869/dos-puntos/0/?q=dos+puntos,https://media.spreadthesign.com/video/mp4/10/281778.mp4,dos puntos,lenguaje
/fr.fr/word/13832/objetivo/0/?q=objetivo,https://media.spreadthesign.com/video/mp4/10/266068.mp4,objetivo,lenguaje
/fr.fr/word/13839/conjugar/0/?q=conjugar,https://media.spreadthesign.com/video/mp4/10/284804.mp4,conjugar,lenguaje
/fr.fr/word/13836/singular/0/?q=singular,https://media.spreadthesign.com/video/mp4/10/282038.mp4,singular,lenguaje
/fr.fr/word/135/aprobado/0/?q=aprobado,https://media.spreadthesign.com/video/mp4/10/1339.mp4,aprobado,lenguaje
/fr.fr/word/13572/perspectiva/0/?q=perspectiva,https://media.spreadthesign.com/video/mp4/10/266299.mp4,perspectiva,lenguaje
/fr.fr/word/13562/precision/0/?q=precisi%C3%B3n,https://media.spreadthesign.com/video/mp4/10/266240.mp4,precisión,lenguaje
/fr.fr/word/13227/punto-de-referencia/0/?q=punto+de+referencia,https://media.spreadthesign.com/video/mp4/10/259843.mp4,punto de referencia,lenguaje
/fr.fr/word/13276/cumplir/0/?q=cumplir,https://media.spreadthesign.com/video/mp4/10/281821.mp4,cumplir,lenguaje
/fr.fr/word/13272/error-comun/0/?q=error+com%C3%BAn,https://media.spreadthesign.com/video/mp4/10/281796.mp4,error común,lenguaje
/fr.fr/word/1323/logopeda/0/?q=logopeda,https://media.spreadthesign.com/video/mp4/10/13095.mp4,logopeda,lenguaje
/fr.fr/word/13/empalme/0/?q=empalme,https://media.spreadthesign.com/video/mp4/10/124.mp4,empalme,lenguaje
/fr.fr/word/13909/ausencia/0/?q=ausencia,https://media.spreadthesign.com/video/mp4/10/259733.mp4,ausencia,lenguaje
/fr.fr/word/13959/bilingue/0/?q=biling%C3%BCe,https://media.spreadthesign.com/video/mp4/10/259853.mp4,bilingüe,lenguaje
/fr.fr/word/13922/alertar/0/?q=alertar,https://media.spreadthesign.com/video/mp4/10/281031.mp4,alertar,lenguaje
/fr.fr/word/13927/auxiliar/0/?q=auxiliar,https://media.spreadthesign.com/video/mp4/10/281453.mp4,auxiliar,lenguaje
/fr.fr/word/13926/enmendar/0/?q=enmendar,https://media.spreadthesign.com/video/mp4/10/267066.mp4,enmendar,lenguaje
/fr.fr/word/13932/metodo/0/?q=m%C3%A9todo,https://media.spreadthesign.com/video/mp4/10/281483.mp4,método,lenguaje
/fr.fr/word/13937/ventaja/0/?q=ventaja,https://media.spreadthesign.com/video/mp4/10/284769.mp4,ventaja,lenguaje
/fr.fr/word/13931/apreciar/0/?q=apreciar,https://media.spreadthesign.com/video/mp4/10/281481.mp4,apreciar,lenguaje
/fr.fr/word/13936/verificar/0/?q=verificar,https://media.spreadthesign.com/video/mp4/10/259793.mp4,verificar,lenguaje
/fr.fr/word/13610/combado/0/?q=combado,https://media.spreadthesign.com/video/mp4/10/266485.mp4,combado,lenguaje
/fr.fr/word/13650/estable/0/?q=estable,https://media.spreadthesign.com/video/mp4/10/282163.mp4,estable,lenguaje
/fr.fr/word/8000/extremo/0/?q=extremo,https://media.spreadthesign.com/video/mp4/10/185960.mp4,extremo,lenguaje
/fr.fr/word/8078/tentacion/0/?q=tentaci%C3%B3n,https://media.spreadthesign.com/video/mp4/10/188952.mp4,tentación,lenguaje
/fr.fr/word/8045/flotante/0/?q=flotante,https://media.spreadthesign.com/video/mp4/10/186157.mp4,flotante,lenguaje
/fr.fr/word/8049/ligar/0/?q=ligar,https://media.spreadthesign.com/video/mp4/10/186156.mp4,ligar,lenguaje
/fr.fr/word/8046/mancha/0/?q=mancha,https://media.spreadthesign.com/video/mp4/10/266696.mp4,mancha,lenguaje
/fr.fr/word/8043/huir/0/?q=huir,https://media.spreadthesign.com/video/mp4/10/267023.mp4,huir,lenguaje
/fr.fr/word/8018/captar-la-idea/0/?q=captar+la+idea,https://media.spreadthesign.com/video/mp4/10/284169.mp4,captar la idea,lenguaje
/fr.fr/word/8010/paracaidas/0/?q=paraca%C3%ADdas,https://media.spreadthesign.com/video/mp4/10/187497.mp4,paracaídas,lenguaje
/fr.fr/word/8017/atascarse/0/?q=atascarse,https://media.spreadthesign.com/video/mp4/10/256851.mp4,atascarse,lenguaje
/fr.fr/word/8019/echar-de-menos/0/?q=echar+de+menos,https://media.spreadthesign.com/video/mp4/10/265972.mp4,echar de menos,lenguaje
/fr.fr/word/8013/peligroso/0/?q=peligroso,https://media.spreadthesign.com/video/mp4/10/264867.mp4,peligroso,lenguaje
/fr.fr/word/8085/signo-de-interrogacion/0/?q=signo+de+interrogaci%C3%B3n,https://media.spreadthesign.com/video/mp4/10/188089.mp4,signo de interrogación,lenguaje
/fr.fr/word/8082/refrescar-algo/0/?q=refrescar+algo,https://media.spreadthesign.com/video/mp4/10/284119.mp4,refrescar algo,lenguaje
/fr.fr/word/8089/rescatador/0/?q=rescatador,https://media.spreadthesign.com/video/mp4/10/188519.mp4,rescatador,lenguaje
/fr.fr/word/8055/formal/0/?q=formal,https://media.spreadthesign.com/video/mp4/10/186186.mp4,formal,lenguaje
/fr.fr/word/8057/formulacion/0/?q=formulaci%C3%B3n,https://media.spreadthesign.com/video/mp4/10/186182.mp4,formulación,lenguaje
/fr.fr/word/8056/formular/0/?q=formular,https://media.spreadthesign.com/video/mp4/10/186183.mp4,formular,lenguaje
/fr.fr/word/8021/impecable/0/?q=impecable,https://media.spreadthesign.com/video/mp4/10/186023.mp4,impecable,lenguaje
/fr.fr/word/8095/completamente/0/?q=completamente,https://media.spreadthesign.com/video/mp4/10/285505.mp4,completamente,lenguaje
/fr.fr/word/8092/senorita/0/?q=se%C3%B1orita,https://media.spreadthesign.com/video/mp4/10/265971.mp4,señorita,lenguaje
/fr.fr/word/8094/completo/0/?q=completo,https://media.spreadthesign.com/video/mp4/10/267089.mp4,completo,lenguaje
/fr.fr/word/8091/primero/0/?q=primero,https://media.spreadthesign.com/video/mp4/10/255390.mp4,primero,lenguaje
/fr.fr/word/8093/autorizacion/0/?q=autorizaci%C3%B3n,https://media.spreadthesign.com/video/mp4/10/156467.mp4,autorización,lenguaje
/fr.fr/word/8030/genial/0/?q=genial,https://media.spreadthesign.com/video/mp4/10/186421.mp4,genial,lenguaje
/fr.fr/word/8033/cono/0/?q=co%C3%B1o,https://media.spreadthesign.com/video/mp4/10/180430.mp4,coño,lenguaje
/fr.fr/word/8753/realizar-un-seguimiento/0/?q=realizar+un+seguimiento,https://media.spreadthesign.com/video/mp4/10/186167.mp4,realizar un seguimiento,lenguaje
/fr.fr/word/875/gotear/0/?q=gotear,https://media.spreadthesign.com/video/mp4/10/8792.mp4,gotear,lenguaje
/fr.fr/word/8721/diferenciacion/0/?q=diferenciaci%C3%B3n,https://media.spreadthesign.com/video/mp4/10/185617.mp4,diferenciación,lenguaje
/fr.fr/word/877/secar/0/?q=secar,https://media.spreadthesign.com/video/mp4/10/8810.mp4,secar,lenguaje
/fr.fr/word/8744/no-obligatorio/0/?q=no+obligatorio,https://media.spreadthesign.com/video/mp4/10/266890.mp4,no obligatorio,lenguaje
/fr.fr/word/8747/idioma-extranjero/0/?q=idioma+extranjero,https://media.spreadthesign.com/video/mp4/10/255420.mp4,idioma extranjero,lenguaje
/fr.fr/word/876/borracho/0/?q=borracho,https://media.spreadthesign.com/video/mp4/10/8794.mp4,borracho,lenguaje
/fr.fr/word/8764/puesta-en-practica/0/?q=puesta+en+pr%C3%A1ctica,https://media.spreadthesign.com/video/mp4/10/186927.mp4,puesta en práctica,lenguaje
/fr.fr/word/8761/eximir/0/?q=eximir,https://media.spreadthesign.com/video/mp4/10/185925.mp4,eximir,lenguaje
/fr.fr/word/840/triturar/0/?q=triturar,https://media.spreadthesign.com/video/mp4/10/8425.mp4,triturar,lenguaje
/fr.fr/word/8404/especial/0/?q=especial,https://media.spreadthesign.com/video/mp4/10/266676.mp4,especial,lenguaje
/fr.fr/word/8409/esforzarse/0/?q=esforzarse,https://media.spreadthesign.com/video/mp4/10/188840.mp4,esforzarse,lenguaje
/fr.fr/word/8403/solucion/0/?q=soluci%C3%B3n,https://media.spreadthesign.com/video/mp4/10/188732.mp4,solución,lenguaje
/fr.fr/word/8442/lengua-materna/0/?q=lengua+materna,https://media.spreadthesign.com/video/mp4/10/265994.mp4,lengua materna,lenguaje
/fr.fr/word/8414/dar-la-vuelta-por-donde-se-ha-venido/0/?q=dar+la+vuelta+por+donde+se+ha+venido,https://media.spreadthesign.com/video/mp4/10/188972.mp4,dar la vuelta por donde se ha venido,lenguaje
/fr.fr/word/8411/apoyar/0/?q=apoyar,https://media.spreadthesign.com/video/mp4/10/282870.mp4,apoyar,lenguaje
/fr.fr/word/8417/varios/0/?q=varios,https://media.spreadthesign.com/video/mp4/10/189152.mp4,varios,lenguaje
/fr.fr/word/8439/desfavorecido/0/?q=desfavorecido,https://media.spreadthesign.com/video/mp4/10/185636.mp4,desfavorecido,lenguaje
/fr.fr/word/8437/idioma-minoritario/0/?q=idioma+minoritario,https://media.spreadthesign.com/video/mp4/10/265966.mp4,idioma minoritario,lenguaje
/fr.fr/word/8171/aguardar/0/?q=aguardar,https://media.spreadthesign.com/video/mp4/10/185935.mp4,aguardar,lenguaje
/fr.fr/word/8148/proponer/0/?q=proponer,https://media.spreadthesign.com/video/mp4/10/187919.mp4,proponer,lenguaje
/fr.fr/word/8141/asamblea/0/?q=asamblea,https://media.spreadthesign.com/video/mp4/10/156245.mp4,asamblea,lenguaje
/fr.fr/word/8143/cuidadoso/0/?q=cuidadoso,https://media.spreadthesign.com/video/mp4/10/173823.mp4,cuidadoso,lenguaje
/fr.fr/word/8118/distribuir/0/?q=distribuir,https://media.spreadthesign.com/video/mp4/10/185663.mp4,distribuir,lenguaje
/fr.fr/word/8115/de-pasada/0/?q=de+pasada,https://media.spreadthesign.com/video/mp4/10/266147.mp4,de pasada,lenguaje
/fr.fr/word/8112/seguir/0/?q=seguir,https://media.spreadthesign.com/video/mp4/10/255413.mp4,seguir,lenguaje
/fr.fr/word/8117/mirar-sin-ver/0/?q=mirar+sin+ver,https://media.spreadthesign.com/video/mp4/10/187455.mp4,mirar sin ver,lenguaje
/fr.fr/word/8116/desvio/0/?q=desv%C3%ADo,https://media.spreadthesign.com/video/mp4/10/185667.mp4,desvío,lenguaje
/fr.fr/word/8184/mirar-a-traves-de-algo/0/?q=mirar+a+trav%C3%A9s+de+algo,https://media.spreadthesign.com/video/mp4/10/188587.mp4,mirar a través de algo,lenguaje
/fr.fr/word/8189/mirar-fijamente/0/?q=mirar+fijamente,https://media.spreadthesign.com/video/mp4/10/188792.mp4,mirar fijamente,lenguaje
/fr.fr/word/8182/lograr/0/?q=lograr,https://media.spreadthesign.com/video/mp4/10/280995.mp4,lograr,lenguaje
/fr.fr/word/8158/destrozar/0/?q=destrozar,https://media.spreadthesign.com/video/mp4/10/180518.mp4,destrozar,lenguaje
/fr.fr/word/8150/quedarse-dormido/0/?q=quedarse+dormido,https://media.spreadthesign.com/video/mp4/10/266114.mp4,quedarse dormido,lenguaje
/fr.fr/word/8154/ampliacion/0/?q=ampliaci%C3%B3n,https://media.spreadthesign.com/video/mp4/10/155999.mp4,ampliación,lenguaje
/fr.fr/word/8159/obviar/0/?q=obviar,https://media.spreadthesign.com/video/mp4/10/187250.mp4,obviar,lenguaje
/fr.fr/word/8153/ampliar/0/?q=ampliar,https://media.spreadthesign.com/video/mp4/10/155997.mp4,ampliar,lenguaje
/fr.fr/word/8123/en-vano/0/?q=en+vano,https://media.spreadthesign.com/video/mp4/10/186937.mp4,en vano,lenguaje
/fr.fr/word/8124/impedimento/0/?q=impedimento,https://media.spreadthesign.com/video/mp4/10/257007.mp4,impedimento,lenguaje
/fr.fr/word/812/cubrir-con/0/?q=cubrir+con,https://media.spreadthesign.com/video/mp4/10/8133.mp4,cubrir con,lenguaje
/fr.fr/word/8168/advertencia-de-un-peligro/0/?q=advertencia+de+un+peligro,https://media.spreadthesign.com/video/mp4/10/186176.mp4,advertencia de un peligro,lenguaje
/fr.fr/word/8167/almacenaje/0/?q=almacenaje,https://media.spreadthesign.com/video/mp4/10/186993.mp4,almacenaje,lenguaje
/fr.fr/word/8135/ventaja/0/?q=ventaja,https://media.spreadthesign.com/video/mp4/10/156480.mp4,ventaja,lenguaje
/fr.fr/word/8137/nombre/0/?q=nombre,https://media.spreadthesign.com/video/mp4/10/186131.mp4,nombre,lenguaje
/fr.fr/word/8880/factor/0/?q=factor,https://media.spreadthesign.com/video/mp4/10/185975.mp4,factor,lenguaje
/fr.fr/word/8888/falso/0/?q=falso,https://media.spreadthesign.com/video/mp4/10/185985.mp4,falso,lenguaje
/fr.fr/word/8889/caer/0/?q=caer,https://media.spreadthesign.com/video/mp4/10/255356.mp4,caer,lenguaje
/fr.fr/word/8886/fe/0/?q=fe,https://media.spreadthesign.com/video/mp4/10/255355.mp4,fe,lenguaje
/fr.fr/word/880/comer/0/?q=comer,https://media.spreadthesign.com/video/mp4/10/8841.mp4,comer,lenguaje
/fr.fr/word/8878/mascara/0/?q=m%C3%A1scara,https://media.spreadthesign.com/video/mp4/10/282767.mp4,máscara,lenguaje
/fr.fr/word/8879/facilitar/0/?q=facilitar,https://media.spreadthesign.com/video/mp4/10/185973.mp4,facilitar,lenguaje
/fr.fr/word/8894/imaginacion/0/?q=imaginaci%C3%B3n,https://media.spreadthesign.com/video/mp4/10/185997.mp4,imaginación,lenguaje
/fr.fr/word/8891/familiar/0/?q=familiar,https://media.spreadthesign.com/video/mp4/10/185993.mp4,familiar,lenguaje
/fr.fr/word/8897/fascinar/0/?q=fascinar,https://media.spreadthesign.com/video/mp4/10/186010.mp4,fascinar,lenguaje
/fr.fr/word/8582/dactilologia/0/?q=dactilolog%C3%ADa,https://media.spreadthesign.com/video/mp4/10/255382.mp4,dactilología,lenguaje
/fr.fr/word/8558/trastornos-del-lenguaje/0/?q=trastornos+del+lenguaje,https://media.spreadthesign.com/video/mp4/10/187009.mp4,trastornos del lenguaje,lenguaje
/fr.fr/word/8520/admitido/0/?q=admitido,https://media.spreadthesign.com/video/mp4/10/281008.mp4,admitido,lenguaje
/fr.fr/word/8571/division-en-grupos/0/?q=divisi%C3%B3n+en+grupos,https://media.spreadthesign.com/video/mp4/10/186428.mp4,división en grupos,lenguaje
/fr.fr/word/851/cortar/0/?q=cortar,https://media.spreadthesign.com/video/mp4/10/8535.mp4,cortar,lenguaje
/fr.fr/word/8514/adaptado/0/?q=adaptado,https://media.spreadthesign.com/video/mp4/10/169071.mp4,adaptado,lenguaje
/fr.fr/word/8519/cuota-de-inscripcion/0/?q=cuota+de+inscripci%C3%B3n,https://media.spreadthesign.com/video/mp4/10/281473.mp4,cuota de inscripción,lenguaje
/fr.fr/word/8599/multilingue/0/?q=multiling%C3%BCe,https://media.spreadthesign.com/video/mp4/10/265999.mp4,multilingüe,lenguaje
/fr.fr/word/8274/tener-tiempo/0/?q=tener+tiempo,https://media.spreadthesign.com/video/mp4/10/156494.mp4,tener tiempo,lenguaje
/fr.fr/word/8271/prevenir/0/?q=prevenir,https://media.spreadthesign.com/video/mp4/10/187868.mp4,prevenir,lenguaje
/fr.fr/word/8279/saludo/0/?q=saludo,https://media.spreadthesign.com/video/mp4/10/266504.mp4,saludo,lenguaje
/fr.fr/word/8247/honrar/0/?q=honrar,https://media.spreadthesign.com/video/mp4/10/284261.mp4,honrar,lenguaje
/fr.fr/word/8216/salir/0/?q=salir,https://media.spreadthesign.com/video/mp4/10/256859.mp4,salir,lenguaje
/fr.fr/word/821/combinacion/0/?q=combinaci%C3%B3n,https://media.spreadthesign.com/video/mp4/10/8239.mp4,combinación,lenguaje
/fr.fr/word/8251/cualquiera-de-los-dos/0/?q=cualquiera+de+los+dos,https://media.spreadthesign.com/video/mp4/10/155871.mp4,cualquiera de los dos,lenguaje
/fr.fr/word/8256/direccion-de-casa/0/?q=direcci%C3%B3n+de+casa,https://media.spreadthesign.com/video/mp4/10/186577.mp4,dirección de casa,lenguaje
/fr.fr/word/8253/preferentemente/0/?q=preferentemente,https://media.spreadthesign.com/video/mp4/10/266241.mp4,preferentemente,lenguaje
/fr.fr/word/8228/resbalar/0/?q=resbalar,https://media.spreadthesign.com/video/mp4/10/282057.mp4,resbalar,lenguaje
/fr.fr/word/8222/valido/0/?q=v%C3%A1lido,https://media.spreadthesign.com/video/mp4/10/283770.mp4,válido,lenguaje
/fr.fr/word/8224/deshacerse-de-algo/0/?q=deshacerse+de+algo,https://media.spreadthesign.com/video/mp4/10/284148.mp4,deshacerse de algo,lenguaje
/fr.fr/word/8262/en-casa/0/?q=en+casa,https://media.spreadthesign.com/video/mp4/10/169311.mp4,en casa,lenguaje
/fr.fr/word/8234/alfabeto-dactilologico/0/?q=alfabeto+dactilol%C3%B3gico,https://media.spreadthesign.com/video/mp4/10/187051.mp4,alfabeto dactilológico,lenguaje
/fr.fr/word/8231/resbaladizo/0/?q=resbaladizo,https://media.spreadthesign.com/video/mp4/10/188701.mp4,resbaladizo,lenguaje
/fr.fr/word/890/vacio/0/?q=vacio,https://media.spreadthesign.com/video/mp4/10/8933.mp4,vacio,lenguaje
/fr.fr/word/8979/doblar/0/?q=doblar,https://media.spreadthesign.com/video/mp4/10/255411.mp4,doblar,lenguaje
/fr.fr/word/8976/aletear/0/?q=aletear,https://media.spreadthesign.com/video/mp4/10/284078.mp4,aletear,lenguaje
/fr.fr/word/8944/firme/0/?q=firme,https://media.spreadthesign.com/video/mp4/10/186129.mp4,firme,lenguaje
/fr.fr/word/8986/olvidar/0/?q=olvidar,https://media.spreadthesign.com/video/mp4/10/284102.mp4,olvidar,lenguaje
/fr.fr/word/8982/pardillo/0/?q=pardillo,https://media.spreadthesign.com/video/mp4/10/158347.mp4,pardillo,lenguaje
/fr.fr/word/8920/mentirijilla/0/?q=mentirijilla,https://media.spreadthesign.com/video/mp4/10/255373.mp4,mentirijilla,lenguaje
/fr.fr/word/892/entero/0/?q=entero,https://media.spreadthesign.com/video/mp4/10/8958.mp4,entero,lenguaje
/fr.fr/word/8998/fraccion/0/?q=fracci%C3%B3n,https://media.spreadthesign.com/video/mp4/10/186198.mp4,fracción,lenguaje
/fr.fr/word/8992/afortunado/0/?q=afortunado,https://media.spreadthesign.com/video/mp4/10/186189.mp4,afortunado,lenguaje
/fr.fr/word/8999/fragil/0/?q=fr%C3%A1gil,https://media.spreadthesign.com/video/mp4/10/186199.mp4,frágil,lenguaje
/fr.fr/word/8934/obscenidad/0/?q=obscenidad,https://media.spreadthesign.com/video/mp4/10/186092.mp4,obscenidad,lenguaje
/fr.fr/word/8660/falta-de-habilidad/0/?q=falta+de+habilidad,https://media.spreadthesign.com/video/mp4/10/284978.mp4,falta de habilidad,lenguaje
/fr.fr/word/8662/extension/0/?q=extensi%C3%B3n,https://media.spreadthesign.com/video/mp4/10/282757.mp4,extensión,lenguaje
/fr.fr/word/8613/conocimiento-previo/0/?q=conocimiento+previo,https://media.spreadthesign.com/video/mp4/10/187881.mp4,conocimiento previo,lenguaje
/fr.fr/word/8698/interprete-de-lengua-de-signos/0/?q=int%C3%A9rprete+de+lengua+de+signos,https://media.spreadthesign.com/video/mp4/10/188652.mp4,intérprete de lengua de signos,lenguaje
/fr.fr/word/8695/dificultad-en-el-habla/0/?q=dificultad+en+el+habla,https://media.spreadthesign.com/video/mp4/10/282128.mp4,dificultad en el habla,lenguaje
/fr.fr/word/8697/curso-de-lengua-de-signos-para-padres/0/?q=curso+de+lengua+de+signos+para+padres,https://media.spreadthesign.com/video/mp4/10/266580.mp4,curso de lengua de signos para padres,lenguaje
/fr.fr/word/8696/interpretacion-de-signado-a-oral/0/?q=interpretaci%C3%B3n+de+signado+a+oral,https://media.spreadthesign.com/video/mp4/10/266593.mp4,interpretación de signado a oral,lenguaje
/fr.fr/word/8636/comparativa/0/?q=comparativa,https://media.spreadthesign.com/video/mp4/10/173924.mp4,comparativa,lenguaje
/fr.fr/word/8304/darse-el-lote/0/?q=darse+el+lote,https://media.spreadthesign.com/video/mp4/10/266025.mp4,darse el lote,lenguaje
/fr.fr/word/8301/echar-un-ojo-a-alguien/0/?q=Echar+un+ojo+a+alguien,https://media.spreadthesign.com/video/mp4/10/285098.mp4,Echar un ojo a alguien,lenguaje
/fr.fr/word/8374/llave/0/?q=llave,https://media.spreadthesign.com/video/mp4/10/158717.mp4,llave,lenguaje
/fr.fr/word/8373/solo-por-si-acaso/0/?q=s%C3%B3lo+por+si+acaso,https://media.spreadthesign.com/video/mp4/10/156410.mp4,sólo por si acaso,lenguaje
/fr.fr/word/8340/exigir/0/?q=exigir,https://media.spreadthesign.com/video/mp4/10/173741.mp4,exigir,lenguaje
/fr.fr/word/8349/corregir/0/?q=corregir,https://media.spreadthesign.com/video/mp4/10/281885.mp4,corregir,lenguaje
/fr.fr/word/8342/capricho/0/?q=capricho,https://media.spreadthesign.com/video/mp4/10/158498.mp4,capricho,lenguaje
/fr.fr/word/8310/ocurrir/0/?q=ocurrir,https://media.spreadthesign.com/video/mp4/10/256912.mp4,ocurrir,lenguaje
/fr.fr/word/8386/nadie/0/?q=nadie,https://media.spreadthesign.com/video/mp4/10/266046.mp4,nadie,lenguaje
/fr.fr/word/8352/denunciar/0/?q=denunciar,https://media.spreadthesign.com/video/mp4/10/180501.mp4,denunciar,lenguaje
/fr.fr/word/8325/adaptar/0/?q=adaptar,https://media.spreadthesign.com/video/mp4/10/155970.mp4,adaptar,lenguaje
/fr.fr/word/8322/abstenerse/0/?q=abstenerse,https://media.spreadthesign.com/video/mp4/10/169047.mp4,abstenerse,lenguaje
/fr.fr/word/8327/afectar/0/?q=afectar,https://media.spreadthesign.com/video/mp4/10/155983.mp4,afectar,lenguaje
/fr.fr/word/8324/aclamar/0/?q=aclamar,https://media.spreadthesign.com/video/mp4/10/158288.mp4,aclamar,lenguaje
/fr.fr/word/8323/aceptar/0/?q=aceptar,https://media.spreadthesign.com/video/mp4/10/158286.mp4,aceptar,lenguaje
/fr.fr/word/8398/dicho/0/?q=dicho,https://media.spreadthesign.com/video/mp4/10/188521.mp4,dicho,lenguaje
/fr.fr/word/8395/provisional/0/?q=provisional,https://media.spreadthesign.com/video/mp4/10/187944.mp4,provisional,lenguaje
/fr.fr/word/839/desmenuzar/0/?q=desmenuzar,https://media.spreadthesign.com/video/mp4/10/8416.mp4,desmenuzar,lenguaje
/fr.fr/word/8360/expresar/0/?q=expresar,https://media.spreadthesign.com/video/mp4/10/255338.mp4,expresar,lenguaje
/fr.fr/word/8368/homenaje/0/?q=homenaje,https://media.spreadthesign.com/video/mp4/10/186575.mp4,homenaje,lenguaje
/fr.fr/word/8369/ideal/0/?q=ideal,https://media.spreadthesign.com/video/mp4/10/256990.mp4,ideal,lenguaje
/fr.fr/word/8334/autentico/0/?q=aut%C3%A9ntico,https://media.spreadthesign.com/video/mp4/10/156461.mp4,auténtico,lenguaje
/fr.fr/word/8337/teta/0/?q=teta,https://media.spreadthesign.com/video/mp4/10/171968.mp4,teta,lenguaje
/fr.fr/word/509/plan/0/?q=plan,https://media.spreadthesign.com/video/mp4/10/5026.mp4,plan,lenguaje
/fr.fr/word/506/irse/0/?q=irse,https://media.spreadthesign.com/video/mp4/10/4997.mp4,irse,lenguaje
/fr.fr/word/5774/guino/0/?q=gui%C3%B1o,https://media.spreadthesign.com/video/mp4/10/158721.mp4,guiño,lenguaje
/fr.fr/word/5747/mojado/0/?q=mojado,https://media.spreadthesign.com/video/mp4/10/189200.mp4,mojado,lenguaje
/fr.fr/word/571/libre/0/?q=libre,https://media.spreadthesign.com/video/mp4/10/5654.mp4,libre,lenguaje
/fr.fr/word/5714/nosotros-as/0/?q=nosotros%2Fas,https://media.spreadthesign.com/video/mp4/10/266901.mp4,nosotros/as,lenguaje
/fr.fr/word/5713/camino/0/?q=camino,https://media.spreadthesign.com/video/mp4/10/158592.mp4,camino,lenguaje
/fr.fr/word/5784/peor/0/?q=peor,https://media.spreadthesign.com/video/mp4/10/189239.mp4,peor,lenguaje
/fr.fr/word/5780/retirar/0/?q=retirar,https://media.spreadthesign.com/video/mp4/10/189232.mp4,retirar,lenguaje
/fr.fr/word/5786/peor/0/?q=peor,https://media.spreadthesign.com/video/mp4/10/266930.mp4,peor,lenguaje
/fr.fr/word/5750/gimoteo/0/?q=gimoteo,https://media.spreadthesign.com/video/mp4/10/189204.mp4,gimoteo,lenguaje
/fr.fr/word/5757/entero/0/?q=entero,https://media.spreadthesign.com/video/mp4/10/189208.mp4,entero,lenguaje
/fr.fr/word/5751/azotar/0/?q=azotar,https://media.spreadthesign.com/video/mp4/10/189206.mp4,azotar,lenguaje
/fr.fr/word/5758/que/0/?q=que,https://media.spreadthesign.com/video/mp4/10/189209.mp4,que,lenguaje
/fr.fr/word/5752/girar-rapido/0/?q=girar+r%C3%A1pido,https://media.spreadthesign.com/video/mp4/10/283985.mp4,girar rápido,lenguaje
/fr.fr/word/575/coger/0/?q=coger,https://media.spreadthesign.com/video/mp4/10/5687.mp4,coger,lenguaje
/fr.fr/word/5759/de-quien/0/?q=de+qui%C3%A9n,https://media.spreadthesign.com/video/mp4/10/189211.mp4,de quién,lenguaje
/fr.fr/word/5756/susurro/0/?q=susurro,https://media.spreadthesign.com/video/mp4/10/158621.mp4,susurro,lenguaje
/fr.fr/word/572/regresar/0/?q=regresar,https://media.spreadthesign.com/video/mp4/10/5664.mp4,regresar,lenguaje
/fr.fr/word/5790/envolver/0/?q=envolver,https://media.spreadthesign.com/video/mp4/10/189248.mp4,envolver,lenguaje
/fr.fr/word/5792/chatarra/0/?q=chatarra,https://media.spreadthesign.com/video/mp4/10/189256.mp4,chatarra,lenguaje
/fr.fr/word/579/preguntar/0/?q=preguntar,https://media.spreadthesign.com/video/mp4/10/5727.mp4,preguntar,lenguaje
/fr.fr/word/5764/salvaje/0/?q=salvaje,https://media.spreadthesign.com/video/mp4/10/189219.mp4,salvaje,lenguaje
/fr.fr/word/5763/serpentear/0/?q=serpentear,https://media.spreadthesign.com/video/mp4/10/189215.mp4,serpentear,lenguaje
/fr.fr/word/540/sonreir/0/?q=sonre%C3%ADr,https://media.spreadthesign.com/video/mp4/10/5331.mp4,sonreír,lenguaje
/fr.fr/word/542/estar-de-acuerdo/0/?q=estar+de+acuerdo,https://media.spreadthesign.com/video/mp4/10/5358.mp4,estar de acuerdo,lenguaje
/fr.fr/word/544/mal/0/?q=mal,https://media.spreadthesign.com/video/mp4/10/5376.mp4,mal,lenguaje
/fr.fr/word/541/probar/0/?q=probar,https://media.spreadthesign.com/video/mp4/10/5343.mp4,probar,lenguaje
/fr.fr/word/543/dormir/0/?q=dormir,https://media.spreadthesign.com/video/mp4/10/5371.mp4,dormir,lenguaje
/fr.fr/word/514/escuchar/0/?q=escuchar,https://media.spreadthesign.com/video/mp4/10/5073.mp4,escuchar,lenguaje
/fr.fr/word/515/necesitar/0/?q=necesitar,https://media.spreadthesign.com/video/mp4/10/5087.mp4,necesitar,lenguaje
/fr.fr/word/513/enviar/0/?q=enviar,https://media.spreadthesign.com/video/mp4/10/5069.mp4,enviar,lenguaje
/fr.fr/word/5803/escurrir/0/?q=escurrir,https://media.spreadthesign.com/video/mp4/10/284056.mp4,escurrir,lenguaje
/fr.fr/word/5878/hacia-arriba/0/?q=hacia+arriba,https://media.spreadthesign.com/video/mp4/10/283742.mp4,hacia arriba,lenguaje
/fr.fr/word/587/perder/0/?q=perder,https://media.spreadthesign.com/video/mp4/10/5806.mp4,perder,lenguaje
/fr.fr/word/5874/unir/0/?q=unir,https://media.spreadthesign.com/video/mp4/10/267093.mp4,unir,lenguaje
/fr.fr/word/5879/encima-de/0/?q=encima+de,https://media.spreadthesign.com/video/mp4/10/189128.mp4,encima de,lenguaje
/fr.fr/word/5843/visible/0/?q=visible,https://media.spreadthesign.com/video/mp4/10/283818.mp4,visible,lenguaje
/fr.fr/word/5814/variar/0/?q=variar,https://media.spreadthesign.com/video/mp4/10/283780.mp4,variar,lenguaje
/fr.fr/word/5813/desaparecer/0/?q=desaparecer,https://media.spreadthesign.com/video/mp4/10/189150.mp4,desaparecer,lenguaje
/fr.fr/word/588/quedarse/0/?q=quedarse,https://media.spreadthesign.com/video/mp4/10/5822.mp4,quedarse,lenguaje
/fr.fr/word/585/cambiar/0/?q=cambiar,https://media.spreadthesign.com/video/mp4/10/5787.mp4,cambiar,lenguaje
/fr.fr/word/5828/vibrar/0/?q=vibrar,https://media.spreadthesign.com/video/mp4/10/266875.mp4,vibrar,lenguaje
/fr.fr/word/5895/alarido/0/?q=alarido,https://media.spreadthesign.com/video/mp4/10/189276.mp4,alarido,lenguaje
/fr.fr/word/5899/alla/0/?q=all%C3%A1,https://media.spreadthesign.com/video/mp4/10/284070.mp4,allá,lenguaje
/fr.fr/word/5893/bostezar/0/?q=bostezar,https://media.spreadthesign.com/video/mp4/10/158319.mp4,bostezar,lenguaje
/fr.fr/word/586/cancelar/0/?q=cancelar,https://media.spreadthesign.com/video/mp4/10/5804.mp4,cancelar,lenguaje
/fr.fr/word/5868/debajo-de/0/?q=debajo+de,https://media.spreadthesign.com/video/mp4/10/189110.mp4,debajo de,lenguaje
/fr.fr/word/5867/abajo-de/0/?q=abajo+de,https://media.spreadthesign.com/video/mp4/10/283700.mp4,abajo de,lenguaje
/fr.fr/word/5834/vista/0/?q=vista,https://media.spreadthesign.com/video/mp4/10/283807.mp4,vista,lenguaje
/fr.fr/word/5572/a-prueba-de-fuego/0/?q=a+prueba+de+fuego,https://media.spreadthesign.com/video/mp4/10/186125.mp4,a prueba de fuego,lenguaje
/fr.fr/word/5576/abrasion/0/?q=abrasi%C3%B3n,https://media.spreadthesign.com/video/mp4/10/158283.mp4,abrasión,lenguaje
/fr.fr/word/551/tambien/0/?q=tambi%C3%A9n,https://media.spreadthesign.com/video/mp4/10/5450.mp4,también,lenguaje
/fr.fr/word/5589/friccion/0/?q=fricci%C3%B3n,https://media.spreadthesign.com/video/mp4/10/186248.mp4,fricción,lenguaje
/fr.fr/word/5524/prestigio/0/?q=prestigio,https://media.spreadthesign.com/video/mp4/10/187864.mp4,prestigio,lenguaje
/fr.fr/word/5599/velocidad/0/?q=velocidad,https://media.spreadthesign.com/video/mp4/10/266686.mp4,velocidad,lenguaje
/fr.fr/word/5569/proceso-de-creacion/0/?q=proceso+de+creaci%C3%B3n,https://media.spreadthesign.com/video/mp4/10/187045.mp4,proceso de creación,lenguaje
/fr.fr/word/5539/sistemas-de-control/0/?q=sistemas+de+control,https://media.spreadthesign.com/video/mp4/10/265983.mp4,sistemas de control,lenguaje
/fr.fr/word/520/verdad/0/?q=verdad,https://media.spreadthesign.com/video/mp4/10/5139.mp4,verdad,lenguaje
/fr.fr/word/524/venir/0/?q=venir,https://media.spreadthesign.com/video/mp4/10/5179.mp4,venir,lenguaje
/fr.fr/word/528/provocar/0/?q=provocar,https://media.spreadthesign.com/video/mp4/10/5211.mp4,provocar,lenguaje
/fr.fr/word/525/llevar/0/?q=llevar,https://media.spreadthesign.com/video/mp4/10/5181.mp4,llevar,lenguaje
/fr.fr/word/529/escribir/0/?q=escribir,https://media.spreadthesign.com/video/mp4/10/5222.mp4,escribir,lenguaje
/fr.fr/word/526/por-que/0/?q=por+qu%C3%A9,https://media.spreadthesign.com/video/mp4/10/5195.mp4,por qué,lenguaje
/fr.fr/word/5980/vociferar/0/?q=vociferar,https://media.spreadthesign.com/video/mp4/10/169391.mp4,vociferar,lenguaje
/fr.fr/word/598/plano/0/?q=plano,https://media.spreadthesign.com/video/mp4/10/5918.mp4,plano,lenguaje
/fr.fr/word/591/agujero/0/?q=agujero,https://media.spreadthesign.com/video/mp4/10/5845.mp4,agujero,lenguaje
/fr.fr/word/5998/llegar-a-ser/0/?q=llegar+a+ser,https://media.spreadthesign.com/video/mp4/10/171882.mp4,llegar a ser,lenguaje
/fr.fr/word/5997/castor/0/?q=castor,https://media.spreadthesign.com/video/mp4/10/158519.mp4,castor,lenguaje
/fr.fr/word/5938/equilibrado/0/?q=equilibrado,https://media.spreadthesign.com/video/mp4/10/259814.mp4,equilibrado,lenguaje
/fr.fr/word/5939/malabarismo/0/?q=malabarismo,https://media.spreadthesign.com/video/mp4/10/158306.mp4,malabarismo,lenguaje
/fr.fr/word/5932/chapa/0/?q=chapa,https://media.spreadthesign.com/video/mp4/10/281553.mp4,chapa,lenguaje
/fr.fr/word/5685/sala-de-espera/0/?q=sala+de+espera,https://media.spreadthesign.com/video/mp4/10/189140.mp4,sala de espera,lenguaje
/fr.fr/word/5686/despertar/0/?q=despertar,https://media.spreadthesign.com/video/mp4/10/189141.mp4,despertar,lenguaje
/fr.fr/word/5683/gemir/0/?q=gemir,https://media.spreadthesign.com/video/mp4/10/189139.mp4,gemir,lenguaje
/fr.fr/word/5691/vagar/0/?q=vagar,https://media.spreadthesign.com/video/mp4/10/189149.mp4,vagar,lenguaje
/fr.fr/word/537/decidir/0/?q=decidir,https://media.spreadthesign.com/video/mp4/10/5300.mp4,decidir,lenguaje
/fr.fr/word/534/solucionar/0/?q=solucionar,https://media.spreadthesign.com/video/mp4/10/5276.mp4,solucionar,lenguaje
/fr.fr/word/539/promesa/0/?q=promesa,https://media.spreadthesign.com/video/mp4/10/5330.mp4,promesa,lenguaje
/fr.fr/word/5366/fusionar/0/?q=fusionar,https://media.spreadthesign.com/video/mp4/10/187081.mp4,fusionar,lenguaje
/fr.fr/word/2005/descansar/0/?q=descansar,https://media.spreadthesign.com/video/mp4/10/19923.mp4,descansar,lenguaje
/fr.fr/word/2002/refresco/0/?q=refresco,https://media.spreadthesign.com/video/mp4/10/19895.mp4,refresco,lenguaje
/fr.fr/word/20071/manipular/0/?q=manipular,https://media.spreadthesign.com/video/mp4/10/265911.mp4,manipular,lenguaje
/fr.fr/word/2004/rescate/0/?q=rescate,https://media.spreadthesign.com/video/mp4/10/19917.mp4,rescate,lenguaje
/fr.fr/word/20095/cabeza-hueca/0/?q=cabeza+hueca,https://media.spreadthesign.com/video/mp4/10/259775.mp4,cabeza hueca,lenguaje
/fr.fr/word/2006/resultado/0/?q=resultado,https://media.spreadthesign.com/video/mp4/10/19936.mp4,resultado,lenguaje
/fr.fr/word/20401/volicion/0/?q=volici%C3%B3n,https://media.spreadthesign.com/video/mp4/10/283839.mp4,volición,lenguaje
/fr.fr/word/20426/festivo/0/?q=festivo,https://media.spreadthesign.com/video/mp4/10/282796.mp4,festivo,lenguaje
/fr.fr/word/20471/limite/0/?q=l%C3%ADmite,https://media.spreadthesign.com/video/mp4/10/285158.mp4,límite,lenguaje
/fr.fr/word/20442/indefinido/0/?q=indefinido,https://media.spreadthesign.com/video/mp4/10/284990.mp4,indefinido,lenguaje
/fr.fr/word/20175/autopromocion/0/?q=autopromoci%C3%B3n,https://media.spreadthesign.com/video/mp4/10/281944.mp4,autopromoción,lenguaje
/fr.fr/word/20172/autogestion/0/?q=autogesti%C3%B3n,https://media.spreadthesign.com/video/mp4/10/281939.mp4,autogestión,lenguaje
/fr.fr/word/20168/autoengano/0/?q=autoenga%C3%B1o,https://media.spreadthesign.com/video/mp4/10/281930.mp4,autoengaño,lenguaje
/fr.fr/word/20166/surtido/0/?q=surtido,https://media.spreadthesign.com/video/mp4/10/281923.mp4,surtido,lenguaje
/fr.fr/word/20136/respuesta/0/?q=respuesta,https://media.spreadthesign.com/video/mp4/10/266433.mp4,respuesta,lenguaje
/fr.fr/word/208/hermetico/0/?q=herm%C3%A9tico,https://media.spreadthesign.com/video/mp4/10/2047.mp4,hermético,lenguaje
/fr.fr/word/20559/abrazarse/0/?q=abrazarse,https://media.spreadthesign.com/video/mp4/10/282299.mp4,abrazarse,lenguaje
/fr.fr/word/20527/demanda/0/?q=demanda,https://media.spreadthesign.com/video/mp4/10/259786.mp4,demanda,lenguaje
/fr.fr/word/2020/mostrar/0/?q=mostrar,https://media.spreadthesign.com/video/mp4/10/20077.mp4,mostrar,lenguaje
/fr.fr/word/20277/autonomo/0/?q=aut%C3%B3nomo,https://media.spreadthesign.com/video/mp4/10/266955.mp4,autónomo,lenguaje
/fr.fr/word/2027/etapa-de-desarrollo/0/?q=etapa+de+desarrollo,https://media.spreadthesign.com/video/mp4/10/20142.mp4,etapa de desarrollo,lenguaje
/fr.fr/word/20244/tolerancia/0/?q=tolerancia,https://media.spreadthesign.com/video/mp4/10/283588.mp4,tolerancia,lenguaje
/fr.fr/word/20241/achispado/0/?q=achispado,https://media.spreadthesign.com/video/mp4/10/283583.mp4,achispado,lenguaje
/fr.fr/word/2024/tobogan/0/?q=tobog%C3%A1n,https://media.spreadthesign.com/video/mp4/10/20115.mp4,tobogán,lenguaje
/fr.fr/word/20218/estresante/0/?q=estresante,https://media.spreadthesign.com/video/mp4/10/266724.mp4,estresante,lenguaje
/fr.fr/word/20220/sometimiento/0/?q=sometimiento,https://media.spreadthesign.com/video/mp4/10/267079.mp4,sometimiento,lenguaje
/fr.fr/word/20222/tener-exito/0/?q=tener+%C3%A9xito,https://media.spreadthesign.com/video/mp4/10/266737.mp4,tener éxito,lenguaje
/fr.fr/word/20227/tabu/0/?q=tab%C3%BA,https://media.spreadthesign.com/video/mp4/10/266757.mp4,tabú,lenguaje
/fr.fr/word/20238/pensamiento/0/?q=pensamiento,https://media.spreadthesign.com/video/mp4/10/266801.mp4,pensamiento,lenguaje
/fr.fr/word/2092/conexion/0/?q=conexi%C3%B3n,https://media.spreadthesign.com/video/mp4/10/20737.mp4,conexión,lenguaje
/fr.fr/word/2099/cortar-la-corriente/0/?q=cortar+la+corriente,https://media.spreadthesign.com/video/mp4/10/20790.mp4,cortar la corriente,lenguaje
/fr.fr/word/2093/contacto/0/?q=contacto,https://media.spreadthesign.com/video/mp4/10/20740.mp4,contacto,lenguaje
/fr.fr/word/20352/problema-de-credibilidad/0/?q=problema+de+credibilidad,https://media.spreadthesign.com/video/mp4/10/281911.mp4,problema de credibilidad,lenguaje
/fr.fr/word/2035/cuidar/0/?q=cuidar,https://media.spreadthesign.com/video/mp4/10/20219.mp4,cuidar,lenguaje
/fr.fr/word/20346/conformidad/0/?q=conformidad,https://media.spreadthesign.com/video/mp4/10/285364.mp4,conformidad,lenguaje
/fr.fr/word/2708/parte-de-atras/0/?q=parte+de+atr%C3%A1s,https://media.spreadthesign.com/video/mp4/10/25883.mp4,parte de atrás,lenguaje
/fr.fr/word/2722/servicio/0/?q=servicio,https://media.spreadthesign.com/video/mp4/10/26000.mp4,servicio,lenguaje
/fr.fr/word/2768/descargar/0/?q=descargar,https://media.spreadthesign.com/video/mp4/10/41617.mp4,descargar,lenguaje
/fr.fr/word/2763/giro/0/?q=giro,https://media.spreadthesign.com/video/mp4/10/26333.mp4,giro,lenguaje
/fr.fr/word/2733/arrancar/0/?q=arrancar,https://media.spreadthesign.com/video/mp4/10/26093.mp4,arrancar,lenguaje
/fr.fr/word/2444/progresion/0/?q=progresi%C3%B3n,https://media.spreadthesign.com/video/mp4/10/42575.mp4,progresión,lenguaje
/fr.fr/word/2480/estatico/0/?q=est%C3%A1tico,https://media.spreadthesign.com/video/mp4/10/42595.mp4,estático,lenguaje
/fr.fr/word/2458/enrollar/0/?q=enrollar,https://media.spreadthesign.com/video/mp4/10/42583.mp4,enrollar,lenguaje
/fr.fr/word/2450/regresion/0/?q=regresi%C3%B3n,https://media.spreadthesign.com/video/mp4/10/42585.mp4,regresión,lenguaje
/fr.fr/word/245/refugio/0/?q=refugio,https://media.spreadthesign.com/video/mp4/10/2405.mp4,refugio,lenguaje
/fr.fr/word/2429/patron/0/?q=patr%C3%B3n,https://media.spreadthesign.com/video/mp4/10/23641.mp4,patrón,lenguaje
/fr.fr/word/2469/secuencia/0/?q=secuencia,https://media.spreadthesign.com/video/mp4/10/42599.mp4,secuencia,lenguaje
/fr.fr/word/2105/directa/0/?q=directa,https://media.spreadthesign.com/video/mp4/10/20843.mp4,directa,lenguaje
/fr.fr/word/2145/arreglar/0/?q=arreglar,https://media.spreadthesign.com/video/mp4/10/21189.mp4,arreglar,lenguaje
/fr.fr/word/214/ayudar/0/?q=ayudar,https://media.spreadthesign.com/video/mp4/10/2100.mp4,ayudar,lenguaje
/fr.fr/word/2143/fallo/0/?q=fallo,https://media.spreadthesign.com/video/mp4/10/21180.mp4,fallo,lenguaje
/fr.fr/word/215/metodo/0/?q=m%C3%A9todo,https://media.spreadthesign.com/video/mp4/10/2117.mp4,método,lenguaje
/fr.fr/word/2194/movimiento/0/?q=movimiento,https://media.spreadthesign.com/video/mp4/10/21569.mp4,movimiento,lenguaje
/fr.fr/word/2195/mover/0/?q=mover,https://media.spreadthesign.com/video/mp4/10/21580.mp4,mover,lenguaje
/fr.fr/word/2874/crisis/0/?q=crisis,https://media.spreadthesign.com/video/mp4/10/27228.mp4,crisis,lenguaje
/fr.fr/word/2872/correccion/0/?q=correcci%C3%B3n,https://media.spreadthesign.com/video/mp4/10/27215.mp4,corrección,lenguaje
/fr.fr/word/2841/caso/0/?q=caso,https://media.spreadthesign.com/video/mp4/10/26970.mp4,caso,lenguaje
/fr.fr/word/2810/liso/0/?q=liso,https://media.spreadthesign.com/video/mp4/10/26709.mp4,liso,lenguaje
/fr.fr/word/2828/capacidad/0/?q=capacidad,https://media.spreadthesign.com/video/mp4/10/26857.mp4,capacidad,lenguaje
/fr.fr/word/2825/prestar-atencion/0/?q=prestar+atenci%C3%B3n,https://media.spreadthesign.com/video/mp4/10/26831.mp4,prestar atención,lenguaje
/fr.fr/word/2822/cuidar-de/0/?q=cuidar+de,https://media.spreadthesign.com/video/mp4/10/26805.mp4,cuidar de,lenguaje
/fr.fr/word/2897/efectivo/0/?q=efectivo,https://media.spreadthesign.com/video/mp4/10/27409.mp4,efectivo,lenguaje
/fr.fr/word/2893/discusion/0/?q=discusi%C3%B3n,https://media.spreadthesign.com/video/mp4/10/27371.mp4,discusión,lenguaje
/fr.fr/word/2864/confrontacion/0/?q=confrontaci%C3%B3n,https://media.spreadthesign.com/video/mp4/10/27155.mp4,confrontación,lenguaje
/fr.fr/word/2863/conformismo/0/?q=conformismo,https://media.spreadthesign.com/video/mp4/10/27146.mp4,conformismo,lenguaje
/fr.fr/word/2830/adaptacion/0/?q=adaptaci%C3%B3n,https://media.spreadthesign.com/video/mp4/10/26869.mp4,adaptación,lenguaje
/fr.fr/word/2500/borroso/0/?q=borroso,https://media.spreadthesign.com/video/mp4/10/24289.mp4,borroso,lenguaje
/fr.fr/word/2571/contenedor/0/?q=contenedor,https://media.spreadthesign.com/video/mp4/10/24837.mp4,contenedor,lenguaje
/fr.fr/word/2512/accidente/0/?q=accidente,https://media.spreadthesign.com/video/mp4/10/24388.mp4,accidente,lenguaje
/fr.fr/word/2513/ajustar/0/?q=ajustar,https://media.spreadthesign.com/video/mp4/10/41594.mp4,ajustar,lenguaje
/fr.fr/word/2526/montar/0/?q=montar,https://media.spreadthesign.com/video/mp4/10/24499.mp4,montar,lenguaje
/fr.fr/word/256/frotar/0/?q=frotar,https://media.spreadthesign.com/video/mp4/10/2523.mp4,frotar,lenguaje
/fr.fr/word/2203/apagado/0/?q=apagado,https://media.spreadthesign.com/video/mp4/10/21640.mp4,apagado,lenguaje
/fr.fr/word/2277/aviso/0/?q=aviso,https://media.spreadthesign.com/video/mp4/10/22223.mp4,aviso,lenguaje
/fr.fr/word/2288/encima/0/?q=encima,https://media.spreadthesign.com/video/mp4/10/22306.mp4,encima,lenguaje
/fr.fr/word/2901/empoderamiento/0/?q=empoderamiento,https://media.spreadthesign.com/video/mp4/10/185836.mp4,empoderamiento,lenguaje
/fr.fr/word/2905/evaluacion/0/?q=evaluaci%C3%B3n,https://media.spreadthesign.com/video/mp4/10/27474.mp4,evaluación,lenguaje
/fr.fr/word/2980/exotico/0/?q=ex%C3%B3tico,https://media.spreadthesign.com/video/mp4/10/28071.mp4,exótico,lenguaje
/fr.fr/word/2981/inusual/0/?q=inusual,https://media.spreadthesign.com/video/mp4/10/28079.mp4,inusual,lenguaje
/fr.fr/word/2983/extra/0/?q=extra,https://media.spreadthesign.com/video/mp4/10/28092.mp4,extra,lenguaje
/fr.fr/word/2970/escala/0/?q=escala,https://media.spreadthesign.com/video/mp4/10/27996.mp4,escala,lenguaje
/fr.fr/word/2974/lujo/0/?q=lujo,https://media.spreadthesign.com/video/mp4/10/28025.mp4,lujo,lenguaje
/fr.fr/word/2914/habito/0/?q=h%C3%A1bito,https://media.spreadthesign.com/video/mp4/10/27555.mp4,hábito,lenguaje
/fr.fr/word/2912/funcion/0/?q=funci%C3%B3n,https://media.spreadthesign.com/video/mp4/10/27541.mp4,función,lenguaje
/fr.fr/word/2996/por-tren/0/?q=por+tren,https://media.spreadthesign.com/video/mp4/10/28191.mp4,por tren,lenguaje
/fr.fr/word/2930/influencia/0/?q=influencia,https://media.spreadthesign.com/video/mp4/10/27692.mp4,influencia,lenguaje
/fr.fr/word/2938/malos-tratos/0/?q=malos+tratos,https://media.spreadthesign.com/video/mp4/10/27754.mp4,malos tratos,lenguaje
/fr.fr/word/2671/lubricacion/0/?q=lubricaci%C3%B3n,https://media.spreadthesign.com/video/mp4/10/41635.mp4,lubricación,lenguaje
/fr.fr/word/2308/debajo/0/?q=debajo,https://media.spreadthesign.com/video/mp4/10/22501.mp4,debajo,lenguaje
/fr.fr/word/2374/brillo/0/?q=brillo,https://media.spreadthesign.com/video/mp4/10/23124.mp4,brillo,lenguaje
/fr.fr/word/2347/destacar/0/?q=destacar,https://media.spreadthesign.com/video/mp4/10/42631.mp4,destacar,lenguaje
/fr.fr/word/2352/dinamico/0/?q=din%C3%A1mico,https://media.spreadthesign.com/video/mp4/10/22920.mp4,dinámico,lenguaje
/fr.fr/word/2322/cubrir/0/?q=cubrir,https://media.spreadthesign.com/video/mp4/10/42553.mp4,cubrir,lenguaje
/fr.fr/word/2323/cohesion/0/?q=cohesi%C3%B3n,https://media.spreadthesign.com/video/mp4/10/22646.mp4,cohesión,lenguaje
/fr.fr/word/2396/intensivo/0/?q=intensivo,https://media.spreadthesign.com/video/mp4/10/42537.mp4,intensivo,lenguaje
/fr.fr/word/2362/rellenar/0/?q=rellenar,https://media.spreadthesign.com/video/mp4/10/42580.mp4,rellenar,lenguaje
/fr.fr/word/2361/famoso/0/?q=famoso,https://media.spreadthesign.com/video/mp4/10/23005.mp4,famoso,lenguaje
/fr.fr/word/2330/colorido/0/?q=colorido,https://media.spreadthesign.com/video/mp4/10/22707.mp4,colorido,lenguaje
/fr.fr/word/9002/peca/0/?q=peca,https://media.spreadthesign.com/video/mp4/10/186204.mp4,peca,lenguaje
/fr.fr/word/9007/ameno/0/?q=ameno,https://media.spreadthesign.com/video/mp4/10/255456.mp4,ameno,lenguaje
/fr.fr/word/9006/congelado/0/?q=congelado,https://media.spreadthesign.com/video/mp4/10/186258.mp4,congelado,lenguaje
/fr.fr/word/9077/acceder/0/?q=acceder,https://media.spreadthesign.com/video/mp4/10/185846.mp4,acceder,lenguaje
/fr.fr/word/9071/ingles/0/?q=ingl%C3%A9s,https://media.spreadthesign.com/video/mp4/10/185842.mp4,inglés,lenguaje
/fr.fr/word/9076/suficiente/0/?q=suficiente,https://media.spreadthesign.com/video/mp4/10/156248.mp4,suficiente,lenguaje
/fr.fr/word/9040/elaborado/0/?q=elaborado,https://media.spreadthesign.com/video/mp4/10/185797.mp4,elaborado,lenguaje
/fr.fr/word/9049/elemental/0/?q=elemental,https://media.spreadthesign.com/video/mp4/10/185807.mp4,elemental,lenguaje
/fr.fr/word/9014/cada/0/?q=cada,https://media.spreadthesign.com/video/mp4/10/158550.mp4,cada,lenguaje
/fr.fr/word/9080/entusiasmar/0/?q=entusiasmar,https://media.spreadthesign.com/video/mp4/10/185847.mp4,entusiasmar,lenguaje
/fr.fr/word/9088/equiparar/0/?q=equiparar,https://media.spreadthesign.com/video/mp4/10/185857.mp4,equiparar,lenguaje
/fr.fr/word/9086/igual/0/?q=igual,https://media.spreadthesign.com/video/mp4/10/185855.mp4,igual,lenguaje
/fr.fr/word/9050/elevar/0/?q=elevar,https://media.spreadthesign.com/video/mp4/10/185810.mp4,elevar,lenguaje
/fr.fr/word/9055/por-lo-demas/0/?q=por+lo+dem%C3%A1s,https://media.spreadthesign.com/video/mp4/10/185821.mp4,por lo demás,lenguaje
/fr.fr/word/9090/equipar/0/?q=equipar,https://media.spreadthesign.com/video/mp4/10/282722.mp4,equipar,lenguaje
/fr.fr/word/9092/borrar/0/?q=borrar,https://media.spreadthesign.com/video/mp4/10/185860.mp4,borrar,lenguaje
/fr.fr/word/9093/erguido/0/?q=erguido,https://media.spreadthesign.com/video/mp4/10/185863.mp4,erguido,lenguaje
/fr.fr/word/9063/emitir/0/?q=emitir,https://media.spreadthesign.com/video/mp4/10/185830.mp4,emitir,lenguaje
/fr.fr/word/9034/esfuerzo/0/?q=esfuerzo,https://media.spreadthesign.com/video/mp4/10/185777.mp4,esfuerzo,lenguaje
/fr.fr/word/986/carta/0/?q=carta,https://media.spreadthesign.com/video/mp4/10/9881.mp4,carta,lenguaje
/fr.fr/word/9833/caerse-en-el-hielo/0/?q=caerse+en+el+hielo,https://media.spreadthesign.com/video/mp4/10/185991.mp4,caerse en el hielo,lenguaje
/fr.fr/word/9274/disco/0/?q=disco,https://media.spreadthesign.com/video/mp4/10/185651.mp4,disco,lenguaje
/fr.fr/word/9248/hice/0/?q=hice,https://media.spreadthesign.com/video/mp4/10/185612.mp4,hice,lenguaje
/fr.fr/word/9249/diferir/0/?q=diferir,https://media.spreadthesign.com/video/mp4/10/185618.mp4,diferir,lenguaje
/fr.fr/word/9217/asignar/0/?q=asignar,https://media.spreadthesign.com/video/mp4/10/180514.mp4,asignar,lenguaje
/fr.fr/word/9214/profundidad/0/?q=profundidad,https://media.spreadthesign.com/video/mp4/10/189344.mp4,profundidad,lenguaje
/fr.fr/word/9211/mermar/0/?q=mermar,https://media.spreadthesign.com/video/mp4/10/282338.mp4,mermar,lenguaje
/fr.fr/word/9216/merecer/0/?q=merecer,https://media.spreadthesign.com/video/mp4/10/282340.mp4,merecer,lenguaje
/fr.fr/word/9285/distraer/0/?q=distraer,https://media.spreadthesign.com/video/mp4/10/185662.mp4,distraer,lenguaje
/fr.fr/word/9284/deformar/0/?q=deformar,https://media.spreadthesign.com/video/mp4/10/185661.mp4,deformar,lenguaje
/fr.fr/word/9283/distinguirse/0/?q=distinguirse+,https://media.spreadthesign.com/video/mp4/10/282387.mp4,distinguirse ,lenguaje
/fr.fr/word/9256/abolladura/0/?q=abolladura,https://media.spreadthesign.com/video/mp4/10/185625.mp4,abolladura,lenguaje
/fr.fr/word/9228/deteriorar/0/?q=deteriorar,https://media.spreadthesign.com/video/mp4/10/180522.mp4,deteriorar,lenguaje
/fr.fr/word/9225/detectar/0/?q=detectar,https://media.spreadthesign.com/video/mp4/10/282344.mp4,detectar,lenguaje
/fr.fr/word/9222/destinar/0/?q=destinar,https://media.spreadthesign.com/video/mp4/10/189349.mp4,destinar,lenguaje
/fr.fr/word/9224/impedir/0/?q=impedir,https://media.spreadthesign.com/video/mp4/10/180520.mp4,impedir,lenguaje
/fr.fr/word/9229/determinar/0/?q=determinar,https://media.spreadthesign.com/video/mp4/10/180524.mp4,determinar,lenguaje
/fr.fr/word/9223/destruir/0/?q=destruir,https://media.spreadthesign.com/video/mp4/10/189350.mp4,destruir,lenguaje
/fr.fr/word/9297/esquivar/0/?q=esquivar,https://media.spreadthesign.com/video/mp4/10/185705.mp4,esquivar,lenguaje
/fr.fr/word/9260/dirigir/0/?q=dirigir,https://media.spreadthesign.com/video/mp4/10/156005.mp4,dirigir,lenguaje
/fr.fr/word/9267/destapar/0/?q=destapar,https://media.spreadthesign.com/video/mp4/10/185642.mp4,destapar,lenguaje
/fr.fr/word/9266/desalentar/0/?q=desalentar,https://media.spreadthesign.com/video/mp4/10/185641.mp4,desalentar,lenguaje
/fr.fr/word/9263/decepcionar/0/?q=decepcionar,https://media.spreadthesign.com/video/mp4/10/185638.mp4,decepcionar,lenguaje
/fr.fr/word/9234/idear/0/?q=idear,https://media.spreadthesign.com/video/mp4/10/180530.mp4,idear,lenguaje
/fr.fr/word/9231/desarrollar/0/?q=desarrollar,https://media.spreadthesign.com/video/mp4/10/265730.mp4,desarrollar,lenguaje
/fr.fr/word/9505/motivo/0/?q=motivo,https://media.spreadthesign.com/video/mp4/10/187152.mp4,motivo,lenguaje
/fr.fr/word/9503/el-mas/0/?q=el+m%C3%A1s,https://media.spreadthesign.com/video/mp4/10/285325.mp4,el más,lenguaje
/fr.fr/word/9571/pesadilla/0/?q=pesadilla,https://media.spreadthesign.com/video/mp4/10/158522.mp4,pesadilla,lenguaje
/fr.fr/word/9515/sr/0/?q=Sr.,https://media.spreadthesign.com/video/mp4/10/187166.mp4,Sr.,lenguaje
/fr.fr/word/9517/sra/0/?q=Sra.,https://media.spreadthesign.com/video/mp4/10/187168.mp4,Sra.,lenguaje
/fr.fr/word/9588/nocion/0/?q=noci%C3%B3n,https://media.spreadthesign.com/video/mp4/10/187322.mp4,noción,lenguaje
/fr.fr/word/9582/no/0/?q=no,https://media.spreadthesign.com/video/mp4/10/285421.mp4,no,lenguaje
/fr.fr/word/9586/nada/0/?q=nada,https://media.spreadthesign.com/video/mp4/10/187314.mp4,nada,lenguaje
/fr.fr/word/9583/muesca/0/?q=muesca,https://media.spreadthesign.com/video/mp4/10/285423.mp4,muesca,lenguaje
/fr.fr/word/9551/necesario/0/?q=necesario,https://media.spreadthesign.com/video/mp4/10/187236.mp4,necesario,lenguaje
/fr.fr/word/9553/requisito/0/?q=requisito,https://media.spreadthesign.com/video/mp4/10/156631.mp4,requisito,lenguaje
/fr.fr/word/9567/siguiente/0/?q=siguiente,https://media.spreadthesign.com/video/mp4/10/266042.mp4,siguiente,lenguaje
/fr.fr/word/9530/murmullo/0/?q=murmullo,https://media.spreadthesign.com/video/mp4/10/158373.mp4,murmullo,lenguaje
/fr.fr/word/9535/fastidiar/0/?q=fastidiar,https://media.spreadthesign.com/video/mp4/10/266009.mp4,fastidiar,lenguaje
/fr.fr/word/9531/mutuo/0/?q=mutuo,https://media.spreadthesign.com/video/mp4/10/187193.mp4,mutuo,lenguaje
/fr.fr/word/9539/siesta/0/?q=siesta,https://media.spreadthesign.com/video/mp4/10/266012.mp4,siesta,lenguaje
/fr.fr/word/9533/misterio/0/?q=misterio,https://media.spreadthesign.com/video/mp4/10/187195.mp4,misterio,lenguaje
/fr.fr/word/9400/maravilla/0/?q=maravilla,https://media.spreadthesign.com/video/mp4/10/265922.mp4,maravilla,lenguaje
/fr.fr/word/9475/mision/0/?q=misi%C3%B3n,https://media.spreadthesign.com/video/mp4/10/187109.mp4,misión,lenguaje
/fr.fr/word/9479/mezclar/0/?q=mezclar,https://media.spreadthesign.com/video/mp4/10/265974.mp4,mezclar,lenguaje
/fr.fr/word/9476/entender-mal/0/?q=entender+mal,https://media.spreadthesign.com/video/mp4/10/265973.mp4,entender mal,lenguaje
/fr.fr/word/9443/mencionar/0/?q=mencionar,https://media.spreadthesign.com/video/mp4/10/285271.mp4,mencionar,lenguaje
/fr.fr/word/9444/piedad/0/?q=piedad,https://media.spreadthesign.com/video/mp4/10/187078.mp4,piedad,lenguaje
/fr.fr/word/9447/caos/0/?q=caos,https://media.spreadthesign.com/video/mp4/10/285274.mp4,caos,lenguaje
/fr.fr/word/9410/importar/0/?q=importar,https://media.spreadthesign.com/video/mp4/10/187059.mp4,importar,lenguaje
/fr.fr/word/9485/modificar/0/?q=modificar,https://media.spreadthesign.com/video/mp4/10/187124.mp4,modificar,lenguaje
/fr.fr/word/9482/movil/0/?q=m%C3%B3vil,https://media.spreadthesign.com/video/mp4/10/187120.mp4,móvil,lenguaje
/fr.fr/word/9484/moderadamente/0/?q=moderadamente,https://media.spreadthesign.com/video/mp4/10/187123.mp4,moderadamente,lenguaje
/fr.fr/word/9481/gemido/0/?q=gemido,https://media.spreadthesign.com/video/mp4/10/187119.mp4,gemido,lenguaje
/fr.fr/word/9458/podria-ser/0/?q=podr%C3%ADa+ser,https://media.spreadthesign.com/video/mp4/10/187087.mp4,podría ser,lenguaje
/fr.fr/word/9457/medio/0/?q=medio,https://media.spreadthesign.com/video/mp4/10/158534.mp4,medio,lenguaje
/fr.fr/word/9459/moderado/0/?q=moderado,https://media.spreadthesign.com/video/mp4/10/187088.mp4,moderado,lenguaje
/fr.fr/word/9498/moral/0/?q=moral,https://media.spreadthesign.com/video/mp4/10/187142.mp4,moral,lenguaje
/fr.fr/word/9493/monotono/0/?q=mon%C3%B3tono,https://media.spreadthesign.com/video/mp4/10/285317.mp4,monótono,lenguaje
/fr.fr/word/9466/mente/0/?q=mente,https://media.spreadthesign.com/video/mp4/10/187094.mp4,mente,lenguaje
/fr.fr/word/9467/mina-explosiva/0/?q=mina+explosiva,https://media.spreadthesign.com/video/mp4/10/187095.mp4,mina explosiva,lenguaje
/fr.fr/word/9438/memorizar/0/?q=memorizar,https://media.spreadthesign.com/video/mp4/10/265944.mp4,memorizar,lenguaje
/fr.fr/word/9437/miembro/0/?q=miembro,https://media.spreadthesign.com/video/mp4/10/265942.mp4,miembro,lenguaje
/fr.fr/word/9431/meditar/0/?q=meditar,https://media.spreadthesign.com/video/mp4/10/285255.mp4,meditar,lenguaje
/fr.fr/word/9439/memoria/0/?q=memoria,https://media.spreadthesign.com/video/mp4/10/265946.mp4,memoria,lenguaje
/fr.fr/word/9100/estima/0/?q=estima,https://media.spreadthesign.com/video/mp4/10/185871.mp4,estima,lenguaje
/fr.fr/word/9105/evadir/0/?q=evadir,https://media.spreadthesign.com/video/mp4/10/255319.mp4,evadir,lenguaje
/fr.fr/word/9107/uniforme/0/?q=uniforme,https://media.spreadthesign.com/video/mp4/10/255320.mp4,uniforme,lenguaje
/fr.fr/word/9104/evacuar/0/?q=evacuar,https://media.spreadthesign.com/video/mp4/10/185883.mp4,evacuar,lenguaje
/fr.fr/word/9109/evento/0/?q=evento,https://media.spreadthesign.com/video/mp4/10/185886.mp4,evento,lenguaje
/fr.fr/word/9147/extracto/0/?q=extracto,https://media.spreadthesign.com/video/mp4/10/185958.mp4,extracto,lenguaje
/fr.fr/word/9112/todo-el-mundo/0/?q=todo+el+mundo,https://media.spreadthesign.com/video/mp4/10/255323.mp4,todo el mundo,lenguaje
/fr.fr/word/9114/evidente/0/?q=evidente,https://media.spreadthesign.com/video/mp4/10/282733.mp4,evidente,lenguaje
/fr.fr/word/9111/cada-uno/0/?q=cada+uno,https://media.spreadthesign.com/video/mp4/10/255321.mp4,cada uno,lenguaje
/fr.fr/word/9113/todos/0/?q=todos,https://media.spreadthesign.com/video/mp4/10/255322.mp4,todos,lenguaje
/fr.fr/word/9187/deducir/0/?q=deducir,https://media.spreadthesign.com/video/mp4/10/180476.mp4,deducir,lenguaje
/fr.fr/word/9188/profundo/0/?q=profundo,https://media.spreadthesign.com/video/mp4/10/189295.mp4,profundo,lenguaje
/fr.fr/word/9183/declarar/0/?q=declarar,https://media.spreadthesign.com/video/mp4/10/189296.mp4,declarar,lenguaje
/fr.fr/word/9128/excluir/0/?q=excluir,https://media.spreadthesign.com/video/mp4/10/185915.mp4,excluir,lenguaje
/fr.fr/word/9122/hacer-una-excepcion/0/?q=hacer+una+excepci%C3%B3n,https://media.spreadthesign.com/video/mp4/10/185910.mp4,hacer una excepción,lenguaje
/fr.fr/word/9127/exclamar/0/?q=exclamar,https://media.spreadthesign.com/video/mp4/10/185914.mp4,exclamar,lenguaje
/fr.fr/word/912/fresco/0/?q=fresco,https://media.spreadthesign.com/video/mp4/10/9152.mp4,fresco,lenguaje
/fr.fr/word/9129/exclusivo/0/?q=exclusivo,https://media.spreadthesign.com/video/mp4/10/185916.mp4,exclusivo,lenguaje
/fr.fr/word/91/bien/0/?q=bien,https://media.spreadthesign.com/video/mp4/10/897.mp4,bien,lenguaje
/fr.fr/word/9198/poner-en-libertad/0/?q=poner+en+libertad,https://media.spreadthesign.com/video/mp4/10/158295.mp4,poner en libertad,lenguaje
/fr.fr/word/9192/desinflar/0/?q=desinflar,https://media.spreadthesign.com/video/mp4/10/180483.mp4,desinflar,lenguaje
/fr.fr/word/9194/degenerar/0/?q=degenerar,https://media.spreadthesign.com/video/mp4/10/180487.mp4,degenerar,lenguaje
/fr.fr/word/9193/desafiar/0/?q=desafiar,https://media.spreadthesign.com/video/mp4/10/180485.mp4,desafiar,lenguaje
/fr.fr/word/9130/excusa/0/?q=excusa,https://media.spreadthesign.com/video/mp4/10/185922.mp4,excusa,lenguaje
/fr.fr/word/9136/explicar/0/?q=explicar,https://media.spreadthesign.com/video/mp4/10/185942.mp4,explicar,lenguaje
/fr.fr/word/9137/explorar/0/?q=explorar,https://media.spreadthesign.com/video/mp4/10/185945.mp4,explorar,lenguaje
/fr.fr/word/9307/hecho/0/?q=hecho,https://media.spreadthesign.com/video/mp4/10/185716.mp4,hecho,lenguaje
/fr.fr/word/9378/buzon/0/?q=buz%C3%B3n,https://media.spreadthesign.com/video/mp4/10/158330.mp4,buzón,lenguaje
/fr.fr/word/9346/agacharse/0/?q=agacharse,https://media.spreadthesign.com/video/mp4/10/185748.mp4,agacharse,lenguaje
/fr.fr/word/9313/manchita/0/?q=manchita,https://media.spreadthesign.com/video/mp4/10/185719.mp4,manchita,lenguaje
/fr.fr/word/9317/hacia-abajo/0/?q=hacia+abajo,https://media.spreadthesign.com/video/mp4/10/265782.mp4,hacia abajo,lenguaje
/fr.fr/word/9380/principal/0/?q=principal,https://media.spreadthesign.com/video/mp4/10/265893.mp4,principal,lenguaje
/fr.fr/word/9359/individuo/0/?q=individuo,https://media.spreadthesign.com/video/mp4/10/257020.mp4,individuo,lenguaje
/fr.fr/word/9391/manera/0/?q=manera,https://media.spreadthesign.com/video/mp4/10/187047.mp4,manera,lenguaje
/fr.fr/word/9368/irlandes/0/?q=irland%C3%A9s,https://media.spreadthesign.com/video/mp4/10/267000.mp4,irlandés,lenguaje
/fr.fr/word/6089/alardear/0/?q=alardear,https://media.spreadthesign.com/video/mp4/10/171958.mp4,alardear,lenguaje
/fr.fr/word/6009/creencia/0/?q=creencia,https://media.spreadthesign.com/video/mp4/10/171896.mp4,creencia,lenguaje
/fr.fr/word/6007/comportarse/0/?q=comportarse,https://media.spreadthesign.com/video/mp4/10/171891.mp4,comportarse,lenguaje
/fr.fr/word/6020/al-lado-de/0/?q=al+lado+de,https://media.spreadthesign.com/video/mp4/10/158609.mp4,al lado de,lenguaje
/fr.fr/word/6025/mejor/0/?q=mejor,https://media.spreadthesign.com/video/mp4/10/259848.mp4,mejor,lenguaje
/fr.fr/word/6027/tener-cuidado/0/?q=tener+cuidado,https://media.spreadthesign.com/video/mp4/10/171921.mp4,tener cuidado,lenguaje
/fr.fr/word/6024/delatar/0/?q=delatar,https://media.spreadthesign.com/video/mp4/10/284774.mp4,delatar,lenguaje
/fr.fr/word/6029/mas-alla-de/0/?q=m%C3%A1s+all%C3%A1+de,https://media.spreadthesign.com/video/mp4/10/156418.mp4,más allá de,lenguaje
/fr.fr/word/6026/entre/0/?q=entre,https://media.spreadthesign.com/video/mp4/10/171917.mp4,entre,lenguaje
/fr.fr/word/6040/atar/0/?q=atar,https://media.spreadthesign.com/video/mp4/10/156322.mp4,atar,lenguaje
/fr.fr/word/6042/prismaticos/0/?q=prism%C3%A1ticos,https://media.spreadthesign.com/video/mp4/10/259854.mp4,prismáticos,lenguaje
/fr.fr/word/6014/pertenecer/0/?q=pertenecer,https://media.spreadthesign.com/video/mp4/10/171901.mp4,pertenecer,lenguaje
/fr.fr/word/6019/abajo/0/?q=abajo,https://media.spreadthesign.com/video/mp4/10/171911.mp4,abajo,lenguaje
/fr.fr/word/6068/venda/0/?q=venda,https://media.spreadthesign.com/video/mp4/10/156522.mp4,venda,lenguaje
/fr.fr/word/6069/pestanear/0/?q=pesta%C3%B1ear,https://media.spreadthesign.com/video/mp4/10/158632.mp4,pestañear,lenguaje
/fr.fr/word/6705/colgar/0/?q=colgar,https://media.spreadthesign.com/video/mp4/10/284199.mp4,colgar,lenguaje
/fr.fr/word/6778/hogar/0/?q=hogar,https://media.spreadthesign.com/video/mp4/10/256956.mp4,hogar,lenguaje
/fr.fr/word/6775/hueco/0/?q=hueco,https://media.spreadthesign.com/video/mp4/10/256955.mp4,hueco,lenguaje
/fr.fr/word/6772/agarrar/0/?q=agarrar,https://media.spreadthesign.com/video/mp4/10/186565.mp4,agarrar,lenguaje
/fr.fr/word/6774/grito/0/?q=grito,https://media.spreadthesign.com/video/mp4/10/156632.mp4,grito,lenguaje
/fr.fr/word/6749/heroe/0/?q=h%C3%A9roe,https://media.spreadthesign.com/video/mp4/10/186550.mp4,héroe,lenguaje
/fr.fr/word/6747/su/0/?q=su,https://media.spreadthesign.com/video/mp4/10/256938.mp4,su,lenguaje
/fr.fr/word/6719/lio/0/?q=l%C3%ADo,https://media.spreadthesign.com/video/mp4/10/186471.mp4,lío,lenguaje
/fr.fr/word/6784/honor/0/?q=honor,https://media.spreadthesign.com/video/mp4/10/284260.mp4,honor,lenguaje
/fr.fr/word/6781/homonimo/0/?q=hom%C3%B3nimo,https://media.spreadthesign.com/video/mp4/10/186590.mp4,homónimo,lenguaje
/fr.fr/word/6754/elevado/0/?q=elevado,https://media.spreadthesign.com/video/mp4/10/284248.mp4,elevado,lenguaje
/fr.fr/word/6750/vacilar/0/?q=vacilar,https://media.spreadthesign.com/video/mp4/10/186552.mp4,vacilar,lenguaje
/fr.fr/word/6760/a-el/0/?q=a+%C3%A9l,https://media.spreadthesign.com/video/mp4/10/256949.mp4,a él,lenguaje
/fr.fr/word/6762/su/0/?q=su,https://media.spreadthesign.com/video/mp4/10/188737.mp4,su,lenguaje
/fr.fr/word/6764/golpear/0/?q=golpear,https://media.spreadthesign.com/video/mp4/10/156613.mp4,golpear,lenguaje
/fr.fr/word/6769/ronco/0/?q=ronco,https://media.spreadthesign.com/video/mp4/10/186562.mp4,ronco,lenguaje
/fr.fr/word/6734/hipoacusico/0/?q=hipoac%C3%BAsico,https://media.spreadthesign.com/video/mp4/10/256932.mp4,hipoacúsico,lenguaje
/fr.fr/word/6739/estufa/0/?q=estufa,https://media.spreadthesign.com/video/mp4/10/186529.mp4,estufa,lenguaje
/fr.fr/word/6400/cohesivo/0/?q=cohesivo,https://media.spreadthesign.com/video/mp4/10/173907.mp4,cohesivo,lenguaje
/fr.fr/word/6406/en-medio-de/0/?q=en+medio+de,https://media.spreadthesign.com/video/mp4/10/169119.mp4,en medio de,lenguaje
/fr.fr/word/6478/asumir/0/?q=asumir,https://media.spreadthesign.com/video/mp4/10/156287.mp4,asumir,lenguaje
/fr.fr/word/6475/asistir/0/?q=asistir,https://media.spreadthesign.com/video/mp4/10/156272.mp4,asistir,lenguaje
/fr.fr/word/6470/dormido/0/?q=dormido,https://media.spreadthesign.com/video/mp4/10/169290.mp4,dormido,lenguaje
/fr.fr/word/6477/surtido/0/?q=surtido,https://media.spreadthesign.com/video/mp4/10/156285.mp4,surtido,lenguaje
/fr.fr/word/6479/aseverar/0/?q=aseverar,https://media.spreadthesign.com/video/mp4/10/284770.mp4,aseverar,lenguaje
/fr.fr/word/6476/asociar/0/?q=asociar,https://media.spreadthesign.com/video/mp4/10/156274.mp4,asociar,lenguaje
/fr.fr/word/6440/acercarse/0/?q=acercarse,https://media.spreadthesign.com/video/mp4/10/169246.mp4,acercarse,lenguaje
/fr.fr/word/6442/aproximado/0/?q=aproximado,https://media.spreadthesign.com/video/mp4/10/169251.mp4,aproximado,lenguaje
/fr.fr/word/6441/aprobar/0/?q=aprobar,https://media.spreadthesign.com/video/mp4/10/189307.mp4,aprobar,lenguaje
/fr.fr/word/6449/levantarse/0/?q=levantarse,https://media.spreadthesign.com/video/mp4/10/169268.mp4,levantarse,lenguaje
/fr.fr/word/6410/analisis/0/?q=an%C3%A1lisis,https://media.spreadthesign.com/video/mp4/10/169132.mp4,análisis,lenguaje
/fr.fr/word/6412/analizar/0/?q=analizar,https://media.spreadthesign.com/video/mp4/10/169135.mp4,analizar,lenguaje
/fr.fr/word/6480/asombrar/0/?q=asombrar,https://media.spreadthesign.com/video/mp4/10/169308.mp4,asombrar,lenguaje
/fr.fr/word/6488/intento/0/?q=intento,https://media.spreadthesign.com/video/mp4/10/169320.mp4,intento,lenguaje
/fr.fr/word/6487/adjuntar/0/?q=adjuntar,https://media.spreadthesign.com/video/mp4/10/156310.mp4,adjuntar,lenguaje
/fr.fr/word/6489/asistir/0/?q=asistir,https://media.spreadthesign.com/video/mp4/10/156273.mp4,asistir,lenguaje
/fr.fr/word/6455/alrededor/0/?q=alrededor,https://media.spreadthesign.com/video/mp4/10/156470.mp4,alrededor,lenguaje
/fr.fr/word/6428/antonimo/0/?q=ant%C3%B3nimo,https://media.spreadthesign.com/video/mp4/10/169213.mp4,antónimo,lenguaje
/fr.fr/word/6421/anunciar/0/?q=anunciar,https://media.spreadthesign.com/video/mp4/10/169155.mp4,anunciar,lenguaje
/fr.fr/word/6423/respuesta/0/?q=respuesta,https://media.spreadthesign.com/video/mp4/10/169197.mp4,respuesta,lenguaje
/fr.fr/word/6430/aparte/0/?q=aparte,https://media.spreadthesign.com/video/mp4/10/169218.mp4,aparte,lenguaje
/fr.fr/word/6435/aparecer/0/?q=aparecer,https://media.spreadthesign.com/video/mp4/10/169233.mp4,aparecer,lenguaje
/fr.fr/word/6432/disculparse/0/?q=disculparse,https://media.spreadthesign.com/video/mp4/10/169223.mp4,disculparse,lenguaje
/fr.fr/word/6436/aplaudir/0/?q=aplaudir,https://media.spreadthesign.com/video/mp4/10/169236.mp4,aplaudir,lenguaje
/fr.fr/word/6433/apostrofe/0/?q=ap%C3%B3strofe,https://media.spreadthesign.com/video/mp4/10/169228.mp4,apóstrofe,lenguaje
/fr.fr/word/617/hipoacusico/0/?q=hipoac%C3%BAsico,https://media.spreadthesign.com/video/mp4/10/6113.mp4,hipoacúsico,lenguaje
/fr.fr/word/6110/pedir-prestado/0/?q=pedir+prestado,https://media.spreadthesign.com/video/mp4/10/171977.mp4,pedir prestado,lenguaje
/fr.fr/word/6112/incomodar/0/?q=incomodar,https://media.spreadthesign.com/video/mp4/10/259895.mp4,incomodar,lenguaje
/fr.fr/word/611/cambio/0/?q=cambio,https://media.spreadthesign.com/video/mp4/10/6054.mp4,cambio,lenguaje
/fr.fr/word/6117/botar/0/?q=botar,https://media.spreadthesign.com/video/mp4/10/171980.mp4,botar,lenguaje
/fr.fr/word/6111/ambos/0/?q=ambos,https://media.spreadthesign.com/video/mp4/10/259894.mp4,ambos,lenguaje
/fr.fr/word/6114/el-fondo/0/?q=el+fondo,https://media.spreadthesign.com/video/mp4/10/171978.mp4,el fondo,lenguaje
/fr.fr/word/6182/fardo/0/?q=fardo,https://media.spreadthesign.com/video/mp4/10/180303.mp4,fardo,lenguaje
/fr.fr/word/618/a-mi/0/?q=a+mi,https://media.spreadthesign.com/video/mp4/10/6114.mp4,a mi,lenguaje
/fr.fr/word/6181/pandilla/0/?q=pandilla,https://media.spreadthesign.com/video/mp4/10/281654.mp4,pandilla,lenguaje
/fr.fr/word/6186/lacra/0/?q=lacra,https://media.spreadthesign.com/video/mp4/10/173726.mp4,lacra,lenguaje
/fr.fr/word/6154/amplio/0/?q=amplio,https://media.spreadthesign.com/video/mp4/10/281642.mp4,amplio,lenguaje
/fr.fr/word/6151/brillante/0/?q=brillante,https://media.spreadthesign.com/video/mp4/10/158375.mp4,brillante,lenguaje
/fr.fr/word/6129/braille/0/?q=braille,https://media.spreadthesign.com/video/mp4/10/158366.mp4,braille,lenguaje
/fr.fr/word/6127/fanfarronear/0/?q=fanfarronear,https://media.spreadthesign.com/video/mp4/10/189317.mp4,fanfarronear,lenguaje
/fr.fr/word/619/devolver/0/?q=devolver,https://media.spreadthesign.com/video/mp4/10/6133.mp4,devolver,lenguaje
/fr.fr/word/6165/pompa/0/?q=pompa,https://media.spreadthesign.com/video/mp4/10/158422.mp4,pompa,lenguaje
/fr.fr/word/613/recinto/0/?q=recinto,https://media.spreadthesign.com/video/mp4/10/6065.mp4,recinto,lenguaje
/fr.fr/word/6133/mocoso/0/?q=mocoso,https://media.spreadthesign.com/video/mp4/10/173707.mp4,mocoso,lenguaje
/fr.fr/word/6808/callarse/0/?q=callarse,https://media.spreadthesign.com/video/mp4/10/186677.mp4,callarse,lenguaje
/fr.fr/word/6800/que/0/?q=%C2%BFqu%C3%A9%3F,https://media.spreadthesign.com/video/mp4/10/186663.mp4,¿qué?,lenguaje
/fr.fr/word/6870/opcion/0/?q=opci%C3%B3n,https://media.spreadthesign.com/video/mp4/10/187426.mp4,opción,lenguaje
/fr.fr/word/6879/cola/0/?q=cola,https://media.spreadthesign.com/video/mp4/10/188091.mp4,cola,lenguaje
/fr.fr/word/6841/animar/0/?q=animar,https://media.spreadthesign.com/video/mp4/10/185837.mp4,animar,lenguaje
/fr.fr/word/6845/fiel/0/?q=fiel,https://media.spreadthesign.com/video/mp4/10/282770.mp4,fiel,lenguaje
/fr.fr/word/6884/repetir/0/?q=repetir,https://media.spreadthesign.com/video/mp4/10/266413.mp4,repetir,lenguaje
/fr.fr/word/6887/ella/0/?q=ella,https://media.spreadthesign.com/video/mp4/10/188623.mp4,ella,lenguaje
/fr.fr/word/6858/el/0/?q=%C3%A9l,https://media.spreadthesign.com/video/mp4/10/256915.mp4,él,lenguaje
/fr.fr/word/6825/poder/0/?q=poder,https://media.spreadthesign.com/video/mp4/10/158489.mp4,poder,lenguaje
/fr.fr/word/6823/abreviar/0/?q=abreviar,https://media.spreadthesign.com/video/mp4/10/158284.mp4,abreviar,lenguaje
/fr.fr/word/6898/seguro/0/?q=seguro,https://media.spreadthesign.com/video/mp4/10/188882.mp4,seguro,lenguaje
/fr.fr/word/6892/despacio/0/?q=despacio,https://media.spreadthesign.com/video/mp4/10/266611.mp4,despacio,lenguaje
/fr.fr/word/6899/aprovecharse-de/0/?q=aprovecharse+de,https://media.spreadthesign.com/video/mp4/10/188914.mp4,aprovecharse de,lenguaje
/fr.fr/word/6891/situacion/0/?q=situaci%C3%B3n,https://media.spreadthesign.com/video/mp4/10/188670.mp4,situación,lenguaje
/fr.fr/word/6868/tampoco/0/?q=tampoco,https://media.spreadthesign.com/video/mp4/10/187252.mp4,tampoco,lenguaje
/fr.fr/word/6861/broma/0/?q=broma,https://media.spreadthesign.com/video/mp4/10/186987.mp4,broma,lenguaje
/fr.fr/word/6863/linguistica/0/?q=ling%C3%BC%C3%ADstica,https://media.spreadthesign.com/video/mp4/10/265861.mp4,lingüística,lenguaje
/fr.fr/word/6838/disipar/0/?q=disipar,https://media.spreadthesign.com/video/mp4/10/185637.mp4,disipar,lenguaje
/fr.fr/word/6832/complicar/0/?q=complicar,https://media.spreadthesign.com/video/mp4/10/173928.mp4,complicar,lenguaje
/fr.fr/word/6834/correcto/0/?q=correcto,https://media.spreadthesign.com/video/mp4/10/180372.mp4,correcto,lenguaje
/fr.fr/word/6836/demostrar/0/?q=demostrar,https://media.spreadthesign.com/video/mp4/10/282335.mp4,demostrar,lenguaje
/fr.fr/word/6833/continuar/0/?q=continuar,https://media.spreadthesign.com/video/mp4/10/180360.mp4,continuar,lenguaje
/fr.fr/word/6508/disponible/0/?q=disponible,https://media.spreadthesign.com/video/mp4/10/169326.mp4,disponible,lenguaje
/fr.fr/word/6507/aprovechar/0/?q=aprovechar,https://media.spreadthesign.com/video/mp4/10/169327.mp4,aprovechar,lenguaje
/fr.fr/word/6578/inspeccionar/0/?q=inspeccionar,https://media.spreadthesign.com/video/mp4/10/285019.mp4,inspeccionar,lenguaje
/fr.fr/word/6577/persistir/0/?q=persistir,https://media.spreadthesign.com/video/mp4/10/257046.mp4,persistir,lenguaje
/fr.fr/word/6571/inyectar/0/?q=inyectar,https://media.spreadthesign.com/video/mp4/10/285013.mp4,inyectar,lenguaje
/fr.fr/word/6548/incentivo/0/?q=incentivo,https://media.spreadthesign.com/video/mp4/10/284981.mp4,incentivo,lenguaje
/fr.fr/word/6545/mejorar/0/?q=mejorar,https://media.spreadthesign.com/video/mp4/10/158313.mp4,mejorar,lenguaje
/fr.fr/word/6542/importante/0/?q=importante,https://media.spreadthesign.com/video/mp4/10/186932.mp4,importante,lenguaje
/fr.fr/word/6541/implicar/0/?q=implicar,https://media.spreadthesign.com/video/mp4/10/186929.mp4,implicar,lenguaje
/fr.fr/word/6546/en/0/?q=en,https://media.spreadthesign.com/video/mp4/10/257010.mp4,en,lenguaje
/fr.fr/word/6543/impresionar/0/?q=impresionar,https://media.spreadthesign.com/video/mp4/10/284964.mp4,impresionar,lenguaje
/fr.fr/word/6514/despertar/0/?q=despertar,https://media.spreadthesign.com/video/mp4/10/169328.mp4,despertar,lenguaje
/fr.fr/word/6519/horrible/0/?q=horrible,https://media.spreadthesign.com/video/mp4/10/169333.mp4,horrible,lenguaje
/fr.fr/word/6516/ser-consciente-de/0/?q=ser+consciente+de,https://media.spreadthesign.com/video/mp4/10/169330.mp4,ser consciente de,lenguaje
/fr.fr/word/6513/evitar/0/?q=evitar,https://media.spreadthesign.com/video/mp4/10/169334.mp4,evitar,lenguaje
/fr.fr/word/6581/en-vez-de/0/?q=en+vez+de,https://media.spreadthesign.com/video/mp4/10/156415.mp4,en vez de,lenguaje
/fr.fr/word/6550/incidente/0/?q=incidente,https://media.spreadthesign.com/video/mp4/10/284982.mp4,incidente,lenguaje
/fr.fr/word/6555/indicar/0/?q=indicar,https://media.spreadthesign.com/video/mp4/10/284991.mp4,indicar,lenguaje
/fr.fr/word/6552/ciertamente/0/?q=ciertamente,https://media.spreadthesign.com/video/mp4/10/186941.mp4,ciertamente,lenguaje
/fr.fr/word/6526/identificar/0/?q=identificar,https://media.spreadthesign.com/video/mp4/10/186886.mp4,identificar,lenguaje
/fr.fr/word/6527/frase-hecha/0/?q=frase+hecha,https://media.spreadthesign.com/video/mp4/10/186888.mp4,frase hecha,lenguaje
/fr.fr/word/6595/interpretar/0/?q=interpretar,https://media.spreadthesign.com/video/mp4/10/257107.mp4,interpretar,lenguaje
/fr.fr/word/6591/intenso/0/?q=intenso,https://media.spreadthesign.com/video/mp4/10/285030.mp4,intenso,lenguaje
/fr.fr/word/6560/inferior/0/?q=inferior,https://media.spreadthesign.com/video/mp4/10/257034.mp4,inferior,lenguaje
/fr.fr/word/6561/infiltrarse-en/0/?q=infiltrarse+en,https://media.spreadthesign.com/video/mp4/10/285002.mp4,infiltrarse en,lenguaje
/fr.fr/word/6564/inflar/0/?q=inflar,https://media.spreadthesign.com/video/mp4/10/186950.mp4,inflar,lenguaje
/fr.fr/word/6534/ilusion/0/?q=ilusi%C3%B3n,https://media.spreadthesign.com/video/mp4/10/257000.mp4,ilusión,lenguaje
/fr.fr/word/6287/advertencia/0/?q=advertencia,https://media.spreadthesign.com/video/mp4/10/156488.mp4,advertencia,lenguaje
/fr.fr/word/628/mirar-algo/0/?q=mirar+algo,https://media.spreadthesign.com/video/mp4/10/6224.mp4,mirar algo,lenguaje
/fr.fr/word/6289/cesar/0/?q=cesar,https://media.spreadthesign.com/video/mp4/10/156197.mp4,cesar,lenguaje
/fr.fr/word/6286/causa/0/?q=causa,https://media.spreadthesign.com/video/mp4/10/158523.mp4,causa,lenguaje
/fr.fr/word/6229/poder/0/?q=poder,https://media.spreadthesign.com/video/mp4/10/264682.mp4,poder,lenguaje
/fr.fr/word/6273/tirar/0/?q=tirar,https://media.spreadthesign.com/video/mp4/10/264701.mp4,tirar,lenguaje
/fr.fr/word/6276/atrapar/0/?q=atrapar,https://media.spreadthesign.com/video/mp4/10/264702.mp4,atrapar,lenguaje
/fr.fr/word/6277/categoria/0/?q=categor%C3%ADa,https://media.spreadthesign.com/video/mp4/10/173835.mp4,categoría,lenguaje
/fr.fr/word/624/lengua-de-signos/0/?q=lengua+de+signos,https://media.spreadthesign.com/video/mp4/10/6186.mp4,lengua de signos,lenguaje
/fr.fr/word/6247/captura/0/?q=captura,https://media.spreadthesign.com/video/mp4/10/158502.mp4,captura,lenguaje
/fr.fr/word/6298/centro/0/?q=centro,https://media.spreadthesign.com/video/mp4/10/158535.mp4,centro,lenguaje
/fr.fr/word/6268/carton/0/?q=cart%C3%B3n,https://media.spreadthesign.com/video/mp4/10/158512.mp4,cartón,lenguaje
/fr.fr/word/6266/portar/0/?q=portar,https://media.spreadthesign.com/video/mp4/10/173831.mp4,portar,lenguaje
/fr.fr/word/6238/no-poder/0/?q=no+poder,https://media.spreadthesign.com/video/mp4/10/173755.mp4,no poder,lenguaje
/fr.fr/word/623/tener-permitido/0/?q=tener+permitido,https://media.spreadthesign.com/video/mp4/10/6174.mp4,tener permitido,lenguaje
/fr.fr/word/6975/plantearse/0/?q=plantearse,https://media.spreadthesign.com/video/mp4/10/189331.mp4,plantearse,lenguaje
/fr.fr/word/6974/conservar/0/?q=conservar,https://media.spreadthesign.com/video/mp4/10/189330.mp4,conservar,lenguaje
/fr.fr/word/6979/estrenir/0/?q=estre%C3%B1ir,https://media.spreadthesign.com/video/mp4/10/180351.mp4,estreñir,lenguaje
/fr.fr/word/6976/consistente/0/?q=consistente,https://media.spreadthesign.com/video/mp4/10/180347.mp4,consistente,lenguaje
/fr.fr/word/6940/completar/0/?q=completar,https://media.spreadthesign.com/video/mp4/10/189328.mp4,completar,lenguaje
/fr.fr/word/6945/comprender/0/?q=comprender,https://media.spreadthesign.com/video/mp4/10/180314.mp4,comprender,lenguaje
/fr.fr/word/6942/halago/0/?q=halago,https://media.spreadthesign.com/video/mp4/10/173929.mp4,halago,lenguaje
/fr.fr/word/6949/ocultar/0/?q=ocultar,https://media.spreadthesign.com/video/mp4/10/180322.mp4,ocultar,lenguaje
/fr.fr/word/6941/complejo/0/?q=complejo,https://media.spreadthesign.com/video/mp4/10/173927.mp4,complejo,lenguaje
/fr.fr/word/6946/compromiso/0/?q=compromiso,https://media.spreadthesign.com/video/mp4/10/180317.mp4,compromiso,lenguaje
/fr.fr/word/6911/recopilar/0/?q=recopilar,https://media.spreadthesign.com/video/mp4/10/256839.mp4,recopilar,lenguaje
/fr.fr/word/6988/contenido/0/?q=contenido,https://media.spreadthesign.com/video/mp4/10/281863.mp4,contenido,lenguaje
/fr.fr/word/6981/constituir/0/?q=constituir,https://media.spreadthesign.com/video/mp4/10/180353.mp4,constituir,lenguaje
/fr.fr/word/6987/contener/0/?q=contener,https://media.spreadthesign.com/video/mp4/10/189332.mp4,contener,lenguaje
/fr.fr/word/6955/concreto/0/?q=concreto,https://media.spreadthesign.com/video/mp4/10/264790.mp4,concreto,lenguaje
/fr.fr/word/6952/concentrar/0/?q=concentrar,https://media.spreadthesign.com/video/mp4/10/180324.mp4,concentrar,lenguaje
/fr.fr/word/6957/condensar/0/?q=condensar,https://media.spreadthesign.com/video/mp4/10/180329.mp4,condensar,lenguaje
/fr.fr/word/6924/coma/0/?q=coma,https://media.spreadthesign.com/video/mp4/10/264752.mp4,coma,lenguaje
/fr.fr/word/6921/combinar/0/?q=combinar,https://media.spreadthesign.com/video/mp4/10/158749.mp4,combinar,lenguaje
/fr.fr/word/6922/confort/0/?q=confort,https://media.spreadthesign.com/video/mp4/10/173912.mp4,confort,lenguaje
/fr.fr/word/6991/contribuir/0/?q=contribuir,https://media.spreadthesign.com/video/mp4/10/180364.mp4,contribuir,lenguaje
/fr.fr/word/6996/dialogar/0/?q=dialogar,https://media.spreadthesign.com/video/mp4/10/264814.mp4,dialogar,lenguaje
/fr.fr/word/6993/convocar/0/?q=convocar,https://media.spreadthesign.com/video/mp4/10/180366.mp4,convocar,lenguaje
/fr.fr/word/6965/enfrentarse/0/?q=enfrentarse,https://media.spreadthesign.com/video/mp4/10/180336.mp4,enfrentarse,lenguaje
/fr.fr/word/6964/confirmar/0/?q=confirmar,https://media.spreadthesign.com/video/mp4/10/180335.mp4,confirmar,lenguaje
/fr.fr/word/6961/confesion/0/?q=confesi%C3%B3n,https://media.spreadthesign.com/video/mp4/10/180343.mp4,confesión,lenguaje
/fr.fr/word/6938/compeler/0/?q=compeler,https://media.spreadthesign.com/video/mp4/10/281815.mp4,compeler,lenguaje
/fr.fr/word/6932/comunicar/0/?q=comunicar,https://media.spreadthesign.com/video/mp4/10/173919.mp4,comunicar,lenguaje
/fr.fr/word/6600/en/0/?q=en,https://media.spreadthesign.com/video/mp4/10/186966.mp4,en,lenguaje
/fr.fr/word/6608/invertir/0/?q=invertir,https://media.spreadthesign.com/video/mp4/10/285043.mp4,invertir,lenguaje
/fr.fr/word/6604/presentar/0/?q=presentar,https://media.spreadthesign.com/video/mp4/10/285012.mp4,presentar,lenguaje
/fr.fr/word/6672/arrodillarse/0/?q=arrodillarse,https://media.spreadthesign.com/video/mp4/10/187000.mp4,arrodillarse,lenguaje
/fr.fr/word/6677/nudo/0/?q=nudo,https://media.spreadthesign.com/video/mp4/10/285107.mp4,nudo,lenguaje
/fr.fr/word/6649/liar/0/?q=liar,https://media.spreadthesign.com/video/mp4/10/257059.mp4,liar,lenguaje
/fr.fr/word/6614/interno/0/?q=interno,https://media.spreadthesign.com/video/mp4/10/257089.mp4,interno,lenguaje
/fr.fr/word/6619/ironia/0/?q=iron%C3%ADa,https://media.spreadthesign.com/video/mp4/10/285047.mp4,ironía,lenguaje
/fr.fr/word/6613/involucrar/0/?q=involucrar,https://media.spreadthesign.com/video/mp4/10/186972.mp4,involucrar,lenguaje
/fr.fr/word/6626/articulo/0/?q=art%C3%ADculo,https://media.spreadthesign.com/video/mp4/10/186977.mp4,artículo,lenguaje
/fr.fr/word/6691/detener/0/?q=detener,https://media.spreadthesign.com/video/mp4/10/156198.mp4,detener,lenguaje
/fr.fr/word/6660/mantener-las-condiciones-de/0/?q=mantener+las+condiciones+de,https://media.spreadthesign.com/video/mp4/10/186994.mp4,mantener las condiciones de,lenguaje
/fr.fr/word/6663/ojo-de-la-cerradura/0/?q=ojo+de+la+cerradura,https://media.spreadthesign.com/video/mp4/10/285100.mp4,ojo de la cerradura,lenguaje
/fr.fr/word/6301/ceremonia/0/?q=ceremonia,https://media.spreadthesign.com/video/mp4/10/158541.mp4,ceremonia,lenguaje
/fr.fr/word/6302/cierto/0/?q=cierto,https://media.spreadthesign.com/video/mp4/10/158543.mp4,cierto,lenguaje
/fr.fr/word/6307/reto/0/?q=reto,https://media.spreadthesign.com/video/mp4/10/173855.mp4,reto,lenguaje
/fr.fr/word/6376/oracion/0/?q=oraci%C3%B3n,https://media.spreadthesign.com/video/mp4/10/173884.mp4,oración,lenguaje
/fr.fr/word/6310/salmodiar/0/?q=salmodiar,https://media.spreadthesign.com/video/mp4/10/264709.mp4,salmodiar,lenguaje
/fr.fr/word/6319/perseguir/0/?q=perseguir,https://media.spreadthesign.com/video/mp4/10/267043.mp4,perseguir,lenguaje
/fr.fr/word/6355/eleccion/0/?q=elecci%C3%B3n,https://media.spreadthesign.com/video/mp4/10/158617.mp4,elección,lenguaje
/fr.fr/word/6320/charlar/0/?q=charlar,https://media.spreadthesign.com/video/mp4/10/156616.mp4,charlar,lenguaje
/fr.fr/word/6321/parloteo/0/?q=parloteo,https://media.spreadthesign.com/video/mp4/10/173856.mp4,parloteo,lenguaje
/fr.fr/word/6396/codigo/0/?q=c%C3%B3digo,https://media.spreadthesign.com/video/mp4/10/173903.mp4,código,lenguaje
/fr.fr/word/6360/tarea-rutinaria/0/?q=tarea+rutinaria,https://media.spreadthesign.com/video/mp4/10/173874.mp4,tarea rutinaria,lenguaje
/fr.fr/word/6367/circunstancia/0/?q=circunstancia,https://media.spreadthesign.com/video/mp4/10/158647.mp4,circunstancia,lenguaje
/fr.fr/word/6339/gallina/0/?q=gallina,https://media.spreadthesign.com/video/mp4/10/281723.mp4,gallina,lenguaje
/fr.fr/word/633/explicar/0/?q=explicar,https://media.spreadthesign.com/video/mp4/10/6269.mp4,explicar,lenguaje
/fr.fr/word/3053/seductor/0/?q=seductor,https://media.spreadthesign.com/video/mp4/10/28652.mp4,seductor,lenguaje
/fr.fr/word/3022/dar-de-alta/0/?q=dar+de+alta,https://media.spreadthesign.com/video/mp4/10/41496.mp4,dar de alta,lenguaje
/fr.fr/word/3078/favorecedor/0/?q=favorecedor,https://media.spreadthesign.com/video/mp4/10/28853.mp4,favorecedor,lenguaje
/fr.fr/word/3068/filamento/0/?q=filamento,https://media.spreadthesign.com/video/mp4/10/41524.mp4,filamento,lenguaje
/fr.fr/word/3038/ordinario/0/?q=ordinario,https://media.spreadthesign.com/video/mp4/10/41556.mp4,ordinario,lenguaje
/fr.fr/word/303/zona/0/?q=zona,https://media.spreadthesign.com/video/mp4/10/2976.mp4,zona,lenguaje
/fr.fr/word/3037/quebradizo/0/?q=quebradizo,https://media.spreadthesign.com/video/mp4/10/28526.mp4,quebradizo,lenguaje
/fr.fr/word/3181/logopedia/0/?q=logopedia,https://media.spreadthesign.com/video/mp4/10/29642.mp4,logopedia,lenguaje
/fr.fr/word/3159/responsabilidad/0/?q=responsabilidad,https://media.spreadthesign.com/video/mp4/10/29468.mp4,responsabilidad,lenguaje
/fr.fr/word/3123/natural/0/?q=natural,https://media.spreadthesign.com/video/mp4/10/29209.mp4,natural,lenguaje
/fr.fr/word/3145/privilegio/0/?q=privilegio,https://media.spreadthesign.com/video/mp4/10/29368.mp4,privilegio,lenguaje
/fr.fr/word/3160/factores-de-riesgo/0/?q=factores+de+riesgo,https://media.spreadthesign.com/video/mp4/10/29481.mp4,factores de riesgo,lenguaje
/fr.fr/word/3889/frase/0/?q=frase,https://media.spreadthesign.com/video/mp4/10/34967.mp4,frase,lenguaje
/fr.fr/word/3887/recoger/0/?q=recoger,https://media.spreadthesign.com/video/mp4/10/34957.mp4,recoger,lenguaje
/fr.fr/word/3810/posar/0/?q=posar,https://media.spreadthesign.com/video/mp4/10/188611.mp4,posar,lenguaje
/fr.fr/word/3890/ejemplo/0/?q=ejemplo,https://media.spreadthesign.com/video/mp4/10/34968.mp4,ejemplo,lenguaje
/fr.fr/word/3892/mala-suerte/0/?q=mala+suerte,https://media.spreadthesign.com/video/mp4/10/34978.mp4,mala suerte,lenguaje
/fr.fr/word/3891/suerte/0/?q=suerte,https://media.spreadthesign.com/video/mp4/10/34977.mp4,suerte,lenguaje
/fr.fr/word/3893/secreto/0/?q=secreto,https://media.spreadthesign.com/video/mp4/10/34987.mp4,secreto,lenguaje
/fr.fr/word/3588/conservar/0/?q=conservar,https://media.spreadthesign.com/video/mp4/10/32703.mp4,conservar,lenguaje
/fr.fr/word/358/rascar-con-espatula/0/?q=rascar+con+esp%C3%A1tula,https://media.spreadthesign.com/video/mp4/10/3497.mp4,rascar con espátula,lenguaje
/fr.fr/word/3503/magnifico/0/?q=magn%C3%ADfico,https://media.spreadthesign.com/video/mp4/10/32095.mp4,magnífico,lenguaje
/fr.fr/word/3523/especialidad/0/?q=especialidad,https://media.spreadthesign.com/video/mp4/10/32248.mp4,especialidad,lenguaje
/fr.fr/word/3519/diccionario/0/?q=diccionario,https://media.spreadthesign.com/video/mp4/10/32221.mp4,diccionario,lenguaje
/fr.fr/word/3566/montana-rusa/0/?q=monta%C3%B1a+rusa,https://media.spreadthesign.com/video/mp4/10/32545.mp4,montaña rusa,lenguaje
/fr.fr/word/3530/tipico/0/?q=t%C3%ADpico,https://media.spreadthesign.com/video/mp4/10/32294.mp4,típico,lenguaje
/fr.fr/word/3258/glosario/0/?q=glosario,https://media.spreadthesign.com/video/mp4/10/30229.mp4,glosario,lenguaje
/fr.fr/word/3228/proteccion/0/?q=protecci%C3%B3n,https://media.spreadthesign.com/video/mp4/10/30005.mp4,protección,lenguaje
/fr.fr/word/3229/flexible/0/?q=flexible,https://media.spreadthesign.com/video/mp4/10/30013.mp4,flexible,lenguaje
/fr.fr/word/326/caliente/0/?q=caliente,https://media.spreadthesign.com/video/mp4/10/3201.mp4,caliente,lenguaje
/fr.fr/word/3907/alli/0/?q=all%C3%AD,https://media.spreadthesign.com/video/mp4/10/35057.mp4,allí,lenguaje
/fr.fr/word/3904/escoger/0/?q=escoger,https://media.spreadthesign.com/video/mp4/10/35038.mp4,escoger,lenguaje
/fr.fr/word/3901/diferente/0/?q=diferente,https://media.spreadthesign.com/video/mp4/10/35027.mp4,diferente,lenguaje
/fr.fr/word/3906/que/0/?q=qu%C3%A9,https://media.spreadthesign.com/video/mp4/10/35049.mp4,qué,lenguaje
/fr.fr/word/3978/ridiculo/0/?q=rid%C3%ADculo,https://media.spreadthesign.com/video/mp4/10/35408.mp4,ridículo,lenguaje
/fr.fr/word/3973/zurdo/0/?q=zurdo,https://media.spreadthesign.com/video/mp4/10/35387.mp4,zurdo,lenguaje
/fr.fr/word/3977/absurdo/0/?q=absurdo,https://media.spreadthesign.com/video/mp4/10/35407.mp4,absurdo,lenguaje
/fr.fr/word/3945/cosa/0/?q=cosa,https://media.spreadthesign.com/video/mp4/10/35247.mp4,cosa,lenguaje
/fr.fr/word/3942/callar/0/?q=callar,https://media.spreadthesign.com/video/mp4/10/35228.mp4,callar,lenguaje
/fr.fr/word/3941/abofetear/0/?q=abofetear,https://media.spreadthesign.com/video/mp4/10/35227.mp4,abofetear,lenguaje
/fr.fr/word/3946/cual/0/?q=cu%C3%A1l,https://media.spreadthesign.com/video/mp4/10/35249.mp4,cuál,lenguaje
/fr.fr/word/3915/otro/0/?q=otro,https://media.spreadthesign.com/video/mp4/10/35097.mp4,otro,lenguaje
/fr.fr/word/3912/imposible/0/?q=imposible,https://media.spreadthesign.com/video/mp4/10/35078.mp4,imposible,lenguaje
/fr.fr/word/3917/venganza/0/?q=venganza,https://media.spreadthesign.com/video/mp4/10/35107.mp4,venganza,lenguaje
/fr.fr/word/3914/otra-vez/0/?q=otra+vez,https://media.spreadthesign.com/video/mp4/10/35088.mp4,otra vez,lenguaje
/fr.fr/word/3916/decir/0/?q=decir,https://media.spreadthesign.com/video/mp4/10/35098.mp4,decir,lenguaje
/fr.fr/word/3913/posible/0/?q=posible,https://media.spreadthesign.com/video/mp4/10/35087.mp4,posible,lenguaje
/fr.fr/word/3988/reconocer/0/?q=reconocer,https://media.spreadthesign.com/video/mp4/10/35458.mp4,reconocer,lenguaje
/fr.fr/word/3982/comun/0/?q=com%C3%BAn,https://media.spreadthesign.com/video/mp4/10/35428.mp4,común,lenguaje
/fr.fr/word/3989/apropiado/0/?q=apropiado,https://media.spreadthesign.com/video/mp4/10/35467.mp4,apropiado,lenguaje
/fr.fr/word/3981/similar/0/?q=similar,https://media.spreadthesign.com/video/mp4/10/35427.mp4,similar,lenguaje
/fr.fr/word/3950/fama/0/?q=fama,https://media.spreadthesign.com/video/mp4/10/35268.mp4,fama,lenguaje
/fr.fr/word/3957/increible/0/?q=incre%C3%ADble,https://media.spreadthesign.com/video/mp4/10/35307.mp4,increíble,lenguaje
/fr.fr/word/3954/gritar/0/?q=gritar,https://media.spreadthesign.com/video/mp4/10/35288.mp4,gritar,lenguaje
/fr.fr/word/3951/favorito/0/?q=favorito,https://media.spreadthesign.com/video/mp4/10/35277.mp4,favorito,lenguaje
/fr.fr/word/3959/inesperado/0/?q=inesperado,https://media.spreadthesign.com/video/mp4/10/35317.mp4,inesperado,lenguaje
/fr.fr/word/3920/paz/0/?q=paz,https://media.spreadthesign.com/video/mp4/10/35118.mp4,paz,lenguaje
/fr.fr/word/3924/participar/0/?q=participar,https://media.spreadthesign.com/video/mp4/10/35138.mp4,participar,lenguaje
/fr.fr/word/3929/anecdota/0/?q=an%C3%A9cdota,https://media.spreadthesign.com/video/mp4/10/35167.mp4,anécdota,lenguaje
/fr.fr/word/3921/lento/0/?q=lento,https://media.spreadthesign.com/video/mp4/10/35126.mp4,lento,lenguaje
/fr.fr/word/3923/alfabeto/0/?q=alfabeto,https://media.spreadthesign.com/video/mp4/10/35137.mp4,alfabeto,lenguaje
/fr.fr/word/3993/anonimo/0/?q=an%C3%B3nimo,https://media.spreadthesign.com/video/mp4/10/35487.mp4,anónimo,lenguaje
/fr.fr/word/3960/insultar/0/?q=insultar,https://media.spreadthesign.com/video/mp4/10/35318.mp4,insultar,lenguaje
/fr.fr/word/3967/prioridad/0/?q=prioridad,https://media.spreadthesign.com/video/mp4/10/35357.mp4,prioridad,lenguaje
/fr.fr/word/3963/mudo/0/?q=mudo,https://media.spreadthesign.com/video/mp4/10/35337.mp4,mudo,lenguaje
/fr.fr/word/3931/aniversario/0/?q=aniversario,https://media.spreadthesign.com/video/mp4/10/35177.mp4,aniversario,lenguaje
/fr.fr/word/3936/traducir/0/?q=traducir,https://media.spreadthesign.com/video/mp4/10/35199.mp4,traducir,lenguaje
/fr.fr/word/3937/travesti/0/?q=travest%C3%AD,https://media.spreadthesign.com/video/mp4/10/35206.mp4,travestí,lenguaje
/fr.fr/word/3679/penetracion/0/?q=penetraci%C3%B3n,https://media.spreadthesign.com/video/mp4/10/33397.mp4,penetración,lenguaje
/fr.fr/word/3327/neutralizador/0/?q=neutralizador,https://media.spreadthesign.com/video/mp4/10/41539.mp4,neutralizador,lenguaje
/fr.fr/word/3742/aborto-natural/0/?q=aborto+natural,https://media.spreadthesign.com/video/mp4/10/33870.mp4,aborto natural,salud-y-medicina
/fr.fr/word/3743/aborto-provocado/0/?q=aborto+provocado,https://media.spreadthesign.com/video/mp4/10/33882.mp4,aborto provocado,salud-y-medicina
/fr.fr/word/6078/abrazadera-del-tensiometro/0/?q=abrazadera+del+tensi%C3%B3metro,https://media.spreadthesign.com/video/mp4/10/284778.mp4,abrazadera del tensiómetro,salud-y-medicina
/fr.fr/word/20559/abrazarse/0/?q=abrazarse,https://media.spreadthesign.com/video/mp4/10/282299.mp4,abrazarse,salud-y-medicina
/fr.fr/word/3014/absceso/0/?q=absceso,https://media.spreadthesign.com/video/mp4/10/28335.mp4,absceso,salud-y-medicina
/fr.fr/word/19152/abuso-de-drogas/0/?q=abuso+de+drogas,https://media.spreadthesign.com/video/mp4/10/282852.mp4,abuso de drogas,salud-y-medicina
/fr.fr/word/19422/abuso-del-alcohol/0/?q=abuso+del+alcohol,https://media.spreadthesign.com/video/mp4/10/281029.mp4,abuso del alcohol,salud-y-medicina
/fr.fr/word/3744/abuso-sexual/0/?q=abuso+sexual,https://media.spreadthesign.com/video/mp4/10/33895.mp4,abuso sexual,salud-y-medicina
/fr.fr/word/3015/acne/0/?q=acn%C3%A9,https://media.spreadthesign.com/video/mp4/10/28338.mp4,acné,salud-y-medicina
/fr.fr/word/3745/acoso-sexual/0/?q=acoso+sexual,https://media.spreadthesign.com/video/mp4/10/33896.mp4,acoso sexual,salud-y-medicina
/fr.fr/word/20129/acto-reflejo/0/?q=acto+reflejo,https://media.spreadthesign.com/video/mp4/10/267063.mp4,acto reflejo,salud-y-medicina
/fr.fr/word/3016/acupuntura/0/?q=acupuntura,https://media.spreadthesign.com/video/mp4/10/28352.mp4,acupuntura,salud-y-medicina
/fr.fr/word/2831/adiccion/0/?q=adicci%C3%B3n,https://media.spreadthesign.com/video/mp4/10/26886.mp4,adicción,salud-y-medicina
/fr.fr/word/8326/adicto/0/?q=adicto,https://media.spreadthesign.com/video/mp4/10/259757.mp4,adicto,salud-y-medicina
/fr.fr/word/3018/adrenalina/0/?q=adrenalina,https://media.spreadthesign.com/video/mp4/10/28366.mp4,adrenalina,salud-y-medicina
/fr.fr/word/7553/afasia/0/?q=afasia,https://media.spreadthesign.com/video/mp4/10/169220.mp4,afasia,salud-y-medicina
/fr.fr/word/6540/afectar/0/?q=afectar,https://media.spreadthesign.com/video/mp4/10/186926.mp4,afectar,salud-y-medicina
/fr.fr/word/7746/afliccion/0/?q=aflicci%C3%B3n,https://media.spreadthesign.com/video/mp4/10/155985.mp4,aflicción,salud-y-medicina
/fr.fr/word/6431/afasico/0/?q=af%C3%A1sico,https://media.spreadthesign.com/video/mp4/10/169221.mp4,afásico,salud-y-medicina
/fr.fr/word/19421/agorafobia/0/?q=agorafobia,https://media.spreadthesign.com/video/mp4/10/281020.mp4,agorafobia,salud-y-medicina
/fr.fr/word/5719/agotado-mentalmente/0/?q=agotado+mentalmente,https://media.spreadthesign.com/video/mp4/10/189168.mp4,agotado mentalmente,salud-y-medicina
/fr.fr/word/6818/aguja-hipodermica/0/?q=aguja+hipod%C3%A9rmica,https://media.spreadthesign.com/video/mp4/10/156003.mp4,aguja hipodérmica,salud-y-medicina
/fr.fr/word/6357/ahogar/0/?q=ahogar,https://media.spreadthesign.com/video/mp4/10/281739.mp4,ahogar,salud-y-medicina
/fr.fr/word/7936/ahogarse/0/?q=ahogarse+,https://media.spreadthesign.com/video/mp4/10/185741.mp4,ahogarse ,salud-y-medicina
/fr.fr/word/6358/ahogo/0/?q=ahogo,https://media.spreadthesign.com/video/mp4/10/173872.mp4,ahogo,salud-y-medicina
/fr.fr/word/2837/alcoholismo/0/?q=alcoholismo,https://media.spreadthesign.com/video/mp4/10/26936.mp4,alcoholismo,salud-y-medicina
/fr.fr/word/7574/alcoholico/0/?q=alcoh%C3%B3lico,https://media.spreadthesign.com/video/mp4/10/156015.mp4,alcohólico,salud-y-medicina
/fr.fr/word/2883/alergia/0/?q=alergia,https://media.spreadthesign.com/video/mp4/10/27296.mp4,alergia,salud-y-medicina
/fr.fr/word/908/alergia-alimentaria/0/?q=alergia+alimentaria,https://media.spreadthesign.com/video/mp4/10/9115.mp4,alergia alimentaria,salud-y-medicina
/fr.fr/word/12069/alimentacion/0/?q=alimentaci%C3%B3n,https://media.spreadthesign.com/video/mp4/10/156018.mp4,alimentación,salud-y-medicina
/fr.fr/word/3808/alta-temperatura/0/?q=alta+temperatura+,https://media.spreadthesign.com/video/mp4/10/34376.mp4,alta temperatura ,salud-y-medicina
/fr.fr/word/2915/alucinacion/0/?q=alucinaci%C3%B3n,https://media.spreadthesign.com/video/mp4/10/27569.mp4,alucinación,salud-y-medicina
/fr.fr/word/6689/alucinar/0/?q=alucinar,https://media.spreadthesign.com/video/mp4/10/186444.mp4,alucinar,salud-y-medicina
/fr.fr/word/7578/alergico/0/?q=al%C3%A9rgico,https://media.spreadthesign.com/video/mp4/10/259777.mp4,alérgico,salud-y-medicina
/fr.fr/word/1289/amante/0/?q=amante,https://media.spreadthesign.com/video/mp4/10/12745.mp4,amante,salud-y-medicina
/fr.fr/word/20144/amante-del-riesgo/0/?q=amante+del+riesgo,https://media.spreadthesign.com/video/mp4/10/266461.mp4,amante del riesgo,salud-y-medicina
/fr.fr/word/2820/ambulancia/0/?q=ambulancia,https://media.spreadthesign.com/video/mp4/10/26793.mp4,ambulancia,salud-y-medicina
/fr.fr/word/3986/ambulatorio/0/?q=ambulatorio,https://media.spreadthesign.com/video/mp4/10/35448.mp4,ambulatorio,salud-y-medicina
/fr.fr/word/2890/amnesia/0/?q=amnesia,https://media.spreadthesign.com/video/mp4/10/27347.mp4,amnesia,salud-y-medicina
/fr.fr/word/20177/amor-propio/0/?q=amor+propio,https://media.spreadthesign.com/video/mp4/10/281947.mp4,amor propio,salud-y-medicina
/fr.fr/word/6070/ampolla/0/?q=ampolla,https://media.spreadthesign.com/video/mp4/10/171953.mp4,ampolla,salud-y-medicina
/fr.fr/word/7601/amputar/0/?q=amputar,https://media.spreadthesign.com/video/mp4/10/156161.mp4,amputar,salud-y-medicina
/fr.fr/word/3024/analgesico/0/?q=analg%C3%A9sico,https://media.spreadthesign.com/video/mp4/10/28415.mp4,analgésico,salud-y-medicina
/fr.fr/word/5688/andador/0/?q=andador,https://media.spreadthesign.com/video/mp4/10/189145.mp4,andador,salud-y-medicina
/fr.fr/word/19327/andador/0/?q=andador,https://media.spreadthesign.com/video/mp4/10/283952.mp4,andador,salud-y-medicina
/fr.fr/word/2838/anemia/0/?q=anemia,https://media.spreadthesign.com/video/mp4/10/26946.mp4,anemia,salud-y-medicina
/fr.fr/word/3026/anestesia/0/?q=anestesia,https://media.spreadthesign.com/video/mp4/10/28440.mp4,anestesia,salud-y-medicina
/fr.fr/word/3817/anestesia-general/0/?q=anestesia+general,https://media.spreadthesign.com/video/mp4/10/34440.mp4,anestesia general,salud-y-medicina
/fr.fr/word/7723/anestesiar/0/?q=anestesiar,https://media.spreadthesign.com/video/mp4/10/169128.mp4,anestesiar,salud-y-medicina
/fr.fr/word/6417/anestesiologia/0/?q=anestesiolog%C3%ADa,https://media.spreadthesign.com/video/mp4/10/169144.mp4,anestesiología,salud-y-medicina
/fr.fr/word/3813/anestesista/0/?q=anestesista,https://media.spreadthesign.com/video/mp4/10/34419.mp4,anestesista,salud-y-medicina
/fr.fr/word/3814/anestesico/0/?q=anest%C3%A9sico,https://media.spreadthesign.com/video/mp4/10/34420.mp4,anestésico,salud-y-medicina
/fr.fr/word/19569/anomalia-del-desarrollo/0/?q=anomal%C3%ADa+del+desarrollo,https://media.spreadthesign.com/video/mp4/10/282349.mp4,anomalía del desarrollo,salud-y-medicina
/fr.fr/word/4078/anorexia/0/?q=anorexia,https://media.spreadthesign.com/video/mp4/10/35904.mp4,anorexia,salud-y-medicina
/fr.fr/word/2892/ansiedad/0/?q=ansiedad,https://media.spreadthesign.com/video/mp4/10/27370.mp4,ansiedad,salud-y-medicina
/fr.fr/word/6730/antecedentes-medicos/0/?q=antecedentes+m%C3%A9dicos,https://media.spreadthesign.com/video/mp4/10/256922.mp4,antecedentes médicos,salud-y-medicina
/fr.fr/word/3740/antibiotico/0/?q=antibi%C3%B3tico,https://media.spreadthesign.com/video/mp4/10/33855.mp4,antibiótico,salud-y-medicina
/fr.fr/word/3732/anticonceptivo/0/?q=anticonceptivo,https://media.spreadthesign.com/video/mp4/10/33797.mp4,anticonceptivo,salud-y-medicina
/fr.fr/word/11779/anticuerpos/0/?q=anticuerpos,https://media.spreadthesign.com/video/mp4/10/169204.mp4,anticuerpos,salud-y-medicina
/fr.fr/word/3798/analisis-de-orina/0/?q=an%C3%A1lisis+de+orina,https://media.spreadthesign.com/video/mp4/10/34302.mp4,análisis de orina,salud-y-medicina
/fr.fr/word/19484/analisis-de-personalidad/0/?q=an%C3%A1lisis+de+personalidad,https://media.spreadthesign.com/video/mp4/10/264711.mp4,análisis de personalidad,salud-y-medicina
/fr.fr/word/7780/analisis-de-sangre/0/?q=an%C3%A1lisis+de+sangre,https://media.spreadthesign.com/video/mp4/10/259874.mp4,análisis de sangre,salud-y-medicina
/fr.fr/word/5856/aparato-de-rayos-x/0/?q=aparato+de+rayos+X,https://media.spreadthesign.com/video/mp4/10/189266.mp4,aparato de rayos X,salud-y-medicina
/fr.fr/word/6126/aparato-dental/0/?q=aparato+dental,https://media.spreadthesign.com/video/mp4/10/171984.mp4,aparato dental,salud-y-medicina
/fr.fr/word/2839/apatia/0/?q=apat%C3%ADa,https://media.spreadthesign.com/video/mp4/10/26949.mp4,apatía,salud-y-medicina
/fr.fr/word/11684/apestar/0/?q=apestar,https://media.spreadthesign.com/video/mp4/10/188817.mp4,apestar,salud-y-medicina
/fr.fr/word/4087/apestoso/0/?q=apestoso,https://media.spreadthesign.com/video/mp4/10/35952.mp4,apestoso,salud-y-medicina
/fr.fr/word/19289/apoyo-a-las-victimas/0/?q=apoyo+a+las+v%C3%ADctimas,https://media.spreadthesign.com/video/mp4/10/283798.mp4,apoyo a las víctimas,salud-y-medicina
/fr.fr/word/3733/ardor-de-estomago/0/?q=ardor+de+est%C3%B3mago,https://media.spreadthesign.com/video/mp4/10/33798.mp4,ardor de estómago,salud-y-medicina
/fr.fr/word/6464/artritis/0/?q=artritis,https://media.spreadthesign.com/video/mp4/10/156204.mp4,artritis,salud-y-medicina
/fr.fr/word/1759/aseo-de-caballeros/0/?q=aseo+de+caballeros,https://media.spreadthesign.com/video/mp4/10/17499.mp4,aseo de caballeros,salud-y-medicina
/fr.fr/word/2869/asesor-sanitario/0/?q=asesor+sanitario,https://media.spreadthesign.com/video/mp4/10/27190.mp4,asesor sanitario,salud-y-medicina
/fr.fr/word/7776/asistencia/0/?q=asistencia,https://media.spreadthesign.com/video/mp4/10/156271.mp4,asistencia,salud-y-medicina
/fr.fr/word/11681/estetoscopio/0/?q=estetoscopio,https://media.spreadthesign.com/video/mp4/10/188810.mp4,estetoscopio,salud-y-medicina
/fr.fr/word/6980/estrenimiento/0/?q=estre%C3%B1imiento,https://media.spreadthesign.com/video/mp4/10/180352.mp4,estreñimiento,salud-y-medicina
/fr.fr/word/6979/estrenir/0/?q=estre%C3%B1ir,https://media.spreadthesign.com/video/mp4/10/180351.mp4,estreñir,salud-y-medicina
/fr.fr/word/8350/estrabico/0/?q=estr%C3%A1bico,https://media.spreadthesign.com/video/mp4/10/156638.mp4,estrábico,salud-y-medicina
/fr.fr/word/2821/estres/0/?q=estr%C3%A9s,https://media.spreadthesign.com/video/mp4/10/26794.mp4,estrés,salud-y-medicina
/fr.fr/word/13819/esteril/0/?q=est%C3%A9ril,https://media.spreadthesign.com/video/mp4/10/282262.mp4,estéril,salud-y-medicina
/fr.fr/word/7285/etiqueta-identificativa-en-un-cadaver/0/?q=etiqueta+identificativa+en+un+cadaver,https://media.spreadthesign.com/video/mp4/10/189010.mp4,etiqueta identificativa en un cadaver,salud-y-medicina
/fr.fr/word/2904/eutanasia/0/?q=eutanasia,https://media.spreadthesign.com/video/mp4/10/27473.mp4,eutanasia,salud-y-medicina
/fr.fr/word/10999/examen-fisico/0/?q=examen+f%C3%ADsico,https://media.spreadthesign.com/video/mp4/10/187694.mp4,examen físico,salud-y-medicina
/fr.fr/word/9150/examen-ocular/0/?q=examen+ocular,https://media.spreadthesign.com/video/mp4/10/185963.mp4,examen ocular,salud-y-medicina
/fr.fr/word/11223/examen-rectal/0/?q=examen+rectal,https://media.spreadthesign.com/video/mp4/10/188158.mp4,examen rectal,salud-y-medicina
/fr.fr/word/7783/exhibicionista/0/?q=exhibicionista,https://media.spreadthesign.com/video/mp4/10/185928.mp4,exhibicionista,salud-y-medicina
/fr.fr/word/9424/expediente-medico/0/?q=expediente+m%C3%A9dico,https://media.spreadthesign.com/video/mp4/10/187069.mp4,expediente médico,salud-y-medicina
/fr.fr/word/17330/falta-de-sueno/0/?q=falta+de+sue%C3%B1o,https://media.spreadthesign.com/video/mp4/10/265817.mp4,falta de sueño,salud-y-medicina
/fr.fr/word/1602/fantasia/0/?q=fantas%C3%ADa,https://media.spreadthesign.com/video/mp4/10/15914.mp4,fantasía,salud-y-medicina
/fr.fr/word/12103/farmacia/0/?q=farmacia,https://media.spreadthesign.com/video/mp4/10/185743.mp4,farmacia,salud-y-medicina
/fr.fr/word/10995/farmacologia/0/?q=farmacolog%C3%ADa,https://media.spreadthesign.com/video/mp4/10/187685.mp4,farmacología,salud-y-medicina
/fr.fr/word/10994/farmaceutico/0/?q=farmac%C3%A9utico,https://media.spreadthesign.com/video/mp4/10/266179.mp4,farmacéutico,salud-y-medicina
/fr.fr/word/8022/femenino/0/?q=femenino,https://media.spreadthesign.com/video/mp4/10/186036.mp4,femenino,salud-y-medicina
/fr.fr/word/8913/femenino/0/?q=femenino,https://media.spreadthesign.com/video/mp4/10/186034.mp4,femenino,salud-y-medicina
/fr.fr/word/11814/fertilidad/0/?q=fertilidad,https://media.spreadthesign.com/video/mp4/10/282795.mp4,fertilidad,salud-y-medicina
/fr.fr/word/11813/fertilizacion/0/?q=fertilizaci%C3%B3n,https://media.spreadthesign.com/video/mp4/10/186042.mp4,fertilización,salud-y-medicina
/fr.fr/word/8066/feto/0/?q=feto,https://media.spreadthesign.com/video/mp4/10/284823.mp4,feto,salud-y-medicina
/fr.fr/word/1756/fiebre/0/?q=fiebre,https://media.spreadthesign.com/video/mp4/10/17471.mp4,fiebre,salud-y-medicina
/fr.fr/word/595/filtro-de-aire/0/?q=filtro+de+aire,https://media.spreadthesign.com/video/mp4/10/5888.mp4,filtro de aire,salud-y-medicina
/fr.fr/word/11162/fisiologia-pulmonar/0/?q=fisiolog%C3%ADa+pulmonar,https://media.spreadthesign.com/video/mp4/10/188056.mp4,fisiología pulmonar,salud-y-medicina
/fr.fr/word/11001/fisioterapia/0/?q=fisioterapia,https://media.spreadthesign.com/video/mp4/10/187696.mp4,fisioterapia,salud-y-medicina
/fr.fr/word/4469/fitness/0/?q=fitness,https://media.spreadthesign.com/video/mp4/10/38399.mp4,fitness,salud-y-medicina
/fr.fr/word/2932/fobia/0/?q=fobia,https://media.spreadthesign.com/video/mp4/10/27704.mp4,fobia,salud-y-medicina
/fr.fr/word/19091/fobia-social/0/?q=fobia+social,https://media.spreadthesign.com/video/mp4/10/266650.mp4,fobia social,salud-y-medicina
/fr.fr/word/3475/fractura/0/?q=fractura,https://media.spreadthesign.com/video/mp4/10/31891.mp4,fractura,salud-y-medicina
/fr.fr/word/9429/frasco-de-medicinas/0/?q=frasco+de+medicinas,https://media.spreadthesign.com/video/mp4/10/187073.mp4,frasco de medicinas,salud-y-medicina
/fr.fr/word/11709/fuerza/0/?q=fuerza,https://media.spreadthesign.com/video/mp4/10/188834.mp4,fuerza,salud-y-medicina
/fr.fr/word/1166/fumadores/0/?q=fumadores,https://media.spreadthesign.com/video/mp4/10/11628.mp4,fumadores,salud-y-medicina
/fr.fr/word/3911/fumar/0/?q=fumar,https://media.spreadthesign.com/video/mp4/10/35077.mp4,fumar,salud-y-medicina
/fr.fr/word/11561/fumar-tabaco/0/?q=fumar+tabaco,https://media.spreadthesign.com/video/mp4/10/173880.mp4,fumar tabaco,salud-y-medicina
/fr.fr/word/5847/fundamental/0/?q=fundamental,https://media.spreadthesign.com/video/mp4/10/283827.mp4,fundamental,salud-y-medicina
/fr.fr/word/10919/futuros-padres/0/?q=futuros+padres,https://media.spreadthesign.com/video/mp4/10/266132.mp4,futuros padres,salud-y-medicina
/fr.fr/word/4051/farmaco/0/?q=f%C3%A1rmaco,https://media.spreadthesign.com/video/mp4/10/35774.mp4,fármaco,salud-y-medicina
/fr.fr/word/8917/fertil/0/?q=f%C3%A9rtil,https://media.spreadthesign.com/video/mp4/10/186040.mp4,fértil,salud-y-medicina
/fr.fr/word/392/gafas/0/?q=gafas,https://media.spreadthesign.com/video/mp4/10/3843.mp4,gafas,salud-y-medicina
/fr.fr/word/282/gafas-protectoras/0/?q=gafas+protectoras,https://media.spreadthesign.com/video/mp4/10/2768.mp4,gafas protectoras,salud-y-medicina
/fr.fr/word/11688/gastroenteritis/0/?q=gastroenteritis,https://media.spreadthesign.com/video/mp4/10/188820.mp4,gastroenteritis,salud-y-medicina
/fr.fr/word/3881/gay/0/?q=gay,https://media.spreadthesign.com/video/mp4/10/34927.mp4,gay,salud-y-medicina
/fr.fr/word/1450/gemelos/0/?q=gemelos,https://media.spreadthesign.com/video/mp4/10/14377.mp4,gemelos,salud-y-medicina
/fr.fr/word/7433/geriatria/0/?q=geriatr%C3%ADa,https://media.spreadthesign.com/video/mp4/10/186346.mp4,geriatría,salud-y-medicina
/fr.fr/word/11819/gestacion/0/?q=gestaci%C3%B3n,https://media.spreadthesign.com/video/mp4/10/186348.mp4,gestación,salud-y-medicina
/fr.fr/word/3820/ginecologia/0/?q=ginecolog%C3%ADa,https://media.spreadthesign.com/video/mp4/10/34464.mp4,ginecología,salud-y-medicina
/fr.fr/word/6847/gordo/0/?q=gordo,https://media.spreadthesign.com/video/mp4/10/255367.mp4,gordo,salud-y-medicina
/fr.fr/word/9149/gotero/0/?q=gotero,https://media.spreadthesign.com/video/mp4/10/185961.mp4,gotero,salud-y-medicina
/fr.fr/word/11016/grano/0/?q=grano,https://media.spreadthesign.com/video/mp4/10/158362.mp4,grano,salud-y-medicina
/fr.fr/word/3829/gripe/0/?q=gripe,https://media.spreadthesign.com/video/mp4/10/34532.mp4,gripe,salud-y-medicina
/fr.fr/word/8974/gripe/0/?q=gripe,https://media.spreadthesign.com/video/mp4/10/255408.mp4,gripe,salud-y-medicina
/fr.fr/word/3183/grupo-objetivo/0/?q=grupo+objetivo,https://media.spreadthesign.com/video/mp4/10/188924.mp4,grupo objetivo,salud-y-medicina
/fr.fr/word/11794/grupo-sanguineo/0/?q=grupo+sangu%C3%ADneo,https://media.spreadthesign.com/video/mp4/10/259871.mp4,grupo sanguíneo,salud-y-medicina
/fr.fr/word/7143/gula/0/?q=gula,https://media.spreadthesign.com/video/mp4/10/187451.mp4,gula,salud-y-medicina
/fr.fr/word/7424/genero/0/?q=g%C3%A9nero,https://media.spreadthesign.com/video/mp4/10/284141.mp4,género,salud-y-medicina
/fr.fr/word/7704/hacer-dieta/0/?q=hacer+dieta,https://media.spreadthesign.com/video/mp4/10/185614.mp4,hacer dieta,salud-y-medicina
/fr.fr/word/11634/hacerse-un-esguince/0/?q=hacerse+un+esguince,https://media.spreadthesign.com/video/mp4/10/188776.mp4,hacerse un esguince,salud-y-medicina
/fr.fr/word/8242/hachis/0/?q=hach%C3%ADs,https://media.spreadthesign.com/video/mp4/10/186469.mp4,hachís,salud-y-medicina
/fr.fr/word/7670/heces/0/?q=heces,https://media.spreadthesign.com/video/mp4/10/282784.mp4,heces,salud-y-medicina
/fr.fr/word/6746/hematologia/0/?q=hematolog%C3%ADa,https://media.spreadthesign.com/video/mp4/10/186543.mp4,hematología,salud-y-medicina
/fr.fr/word/6062/hemorragia/0/?q=hemorragia,https://media.spreadthesign.com/video/mp4/10/259868.mp4,hemorragia,salud-y-medicina
/fr.fr/word/9580/hemorragia-nasal/0/?q=hemorragia+nasal,https://media.spreadthesign.com/video/mp4/10/285420.mp4,hemorragia nasal,salud-y-medicina
/fr.fr/word/8265/hepatitis/0/?q=hepatitis,https://media.spreadthesign.com/video/mp4/10/186545.mp4,hepatitis,salud-y-medicina
/fr.fr/word/562/herida/0/?q=herida,https://media.spreadthesign.com/video/mp4/10/5554.mp4,herida,salud-y-medicina
/fr.fr/word/5788/herida/0/?q=herida,https://media.spreadthesign.com/video/mp4/10/156656.mp4,herida,salud-y-medicina
/fr.fr/word/12195/herido/0/?q=herido,https://media.spreadthesign.com/video/mp4/10/156658.mp4,herido,salud-y-medicina
/fr.fr/word/6572/herir/0/?q=herir,https://media.spreadthesign.com/video/mp4/10/156659.mp4,herir,salud-y-medicina
/fr.fr/word/8266/herpes/0/?q=herpes,https://media.spreadthesign.com/video/mp4/10/186551.mp4,herpes,salud-y-medicina
/fr.fr/word/3885/heterosexual/0/?q=heterosexual,https://media.spreadthesign.com/video/mp4/10/34947.mp4,heterosexual,salud-y-medicina
/fr.fr/word/6813/hidroterapia/0/?q=hidroterapia,https://media.spreadthesign.com/video/mp4/10/186685.mp4,hidroterapia,salud-y-medicina
/fr.fr/word/8297/higiene/0/?q=higiene,https://media.spreadthesign.com/video/mp4/10/186688.mp4,higiene,salud-y-medicina
/fr.fr/word/8972/hilo-dental/0/?q=hilo+dental,https://media.spreadthesign.com/video/mp4/10/186164.mp4,hilo dental,salud-y-medicina
/fr.fr/word/9206/hilo-dental/0/?q=hilo+dental,https://media.spreadthesign.com/video/mp4/10/180503.mp4,hilo dental,salud-y-medicina
/fr.fr/word/11768/hinchado/0/?q=hinchado,https://media.spreadthesign.com/video/mp4/10/188902.mp4,hinchado,salud-y-medicina
/fr.fr/word/1940/hiperactividad/0/?q=hiperactividad,https://media.spreadthesign.com/video/mp4/10/19289.mp4,hiperactividad,salud-y-medicina
/fr.fr/word/2921/hipertension/0/?q=hipertensi%C3%B3n,https://media.spreadthesign.com/video/mp4/10/27618.mp4,hipertensión,salud-y-medicina
/fr.fr/word/6815/hipnosis/0/?q=hipnosis,https://media.spreadthesign.com/video/mp4/10/186692.mp4,hipnosis,salud-y-medicina
/fr.fr/word/6816/hipnotizar/0/?q=hipnotizar,https://media.spreadthesign.com/video/mp4/10/186693.mp4,hipnotizar,salud-y-medicina
/fr.fr/word/6752/hipo/0/?q=hipo,https://media.spreadthesign.com/video/mp4/10/186555.mp4,hipo,salud-y-medicina
/fr.fr/word/9427/historial-medico/0/?q=historial+m%C3%A9dico,https://media.spreadthesign.com/video/mp4/10/187071.mp4,historial médico,salud-y-medicina
/fr.fr/word/6820/histerico/0/?q=hist%C3%A9rico,https://media.spreadthesign.com/video/mp4/10/186701.mp4,histérico,salud-y-medicina
/fr.fr/word/6821/histerico/0/?q=hist%C3%A9rico,https://media.spreadthesign.com/video/mp4/10/186700.mp4,histérico,salud-y-medicina
/fr.fr/word/1304/hombre/0/?q=hombre,https://media.spreadthesign.com/video/mp4/10/12904.mp4,hombre,salud-y-medicina
/fr.fr/word/1784/homosexual/0/?q=homosexual,https://media.spreadthesign.com/video/mp4/10/17749.mp4,homosexual,salud-y-medicina
/fr.fr/word/8286/hormona/0/?q=hormona,https://media.spreadthesign.com/video/mp4/10/186618.mp4,hormona,salud-y-medicina
/fr.fr/word/502/hospital/0/?q=hospital,https://media.spreadthesign.com/video/mp4/10/4951.mp4,hospital,salud-y-medicina
/fr.fr/word/3135/hospital-de-enfermeria/0/?q=hospital+de+enfermer%C3%ADa,https://media.spreadthesign.com/video/mp4/10/266065.mp4,hospital de enfermería,salud-y-medicina
/fr.fr/word/18930/hospital-de-rehabilitacion/0/?q=hospital+de+rehabilitaci%C3%B3n,https://media.spreadthesign.com/video/mp4/10/284885.mp4,hospital de rehabilitación,salud-y-medicina
/fr.fr/word/3779/hospitalizacion/0/?q=hospitalizaci%C3%B3n,https://media.spreadthesign.com/video/mp4/10/34151.mp4,hospitalización,salud-y-medicina
/fr.fr/word/17252/habito-saludable/0/?q=h%C3%A1bito+saludable,https://media.spreadthesign.com/video/mp4/10/284236.mp4,hábito saludable,salud-y-medicina
/fr.fr/word/19656/identidad-de-genero/0/?q=identidad+de+g%C3%A9nero,https://media.spreadthesign.com/video/mp4/10/284142.mp4,identidad de género,salud-y-medicina
/fr.fr/word/20197/identidad-social/0/?q=identidad+social,https://media.spreadthesign.com/video/mp4/10/266642.mp4,identidad social,salud-y-medicina
/fr.fr/word/3165/igualdad-entre-los-sexos/0/?q=igualdad+entre+los+sexos,https://media.spreadthesign.com/video/mp4/10/29513.mp4,igualdad entre los sexos,salud-y-medicina
/fr.fr/word/8710/implante-coclear/0/?q=implante+coclear,https://media.spreadthesign.com/video/mp4/10/173902.mp4,implante coclear,salud-y-medicina
/fr.fr/word/20387/inconsciencia/0/?q=inconsciencia,https://media.spreadthesign.com/video/mp4/10/283698.mp4,inconsciencia,salud-y-medicina
/fr.fr/word/4014/inconsciente/0/?q=inconsciente,https://media.spreadthesign.com/video/mp4/10/35587.mp4,inconsciente,salud-y-medicina
/fr.fr/word/5881/indigestion/0/?q=indigesti%C3%B3n,https://media.spreadthesign.com/video/mp4/10/283756.mp4,indigestión,salud-y-medicina
/fr.fr/word/1589/indispuesto/0/?q=indispuesto,https://media.spreadthesign.com/video/mp4/10/15789.mp4,indispuesto,salud-y-medicina
/fr.fr/word/3747/infarto/0/?q=infarto,https://media.spreadthesign.com/video/mp4/10/33919.mp4,infarto,salud-y-medicina
/fr.fr/word/3828/infeccion/0/?q=infecci%C3%B3n,https://media.spreadthesign.com/video/mp4/10/34531.mp4,infección,salud-y-medicina
/fr.fr/word/11710/infeccion-de-garganta/0/?q=infecci%C3%B3n+de+garganta,https://media.spreadthesign.com/video/mp4/10/188836.mp4,infección de garganta,salud-y-medicina
/fr.fr/word/9015/infeccion-de-oido/0/?q=infecci%C3%B3n+de+o%C3%ADdo,https://media.spreadthesign.com/video/mp4/10/282670.mp4,infección de oído,salud-y-medicina
/fr.fr/word/6559/infectar/0/?q=infectar,https://media.spreadthesign.com/video/mp4/10/266996.mp4,infectar,salud-y-medicina
/fr.fr/word/11827/inmunidad/0/?q=inmunidad,https://media.spreadthesign.com/video/mp4/10/186922.mp4,inmunidad,salud-y-medicina
/fr.fr/word/6539/inmunizar/0/?q=inmunizar,https://media.spreadthesign.com/video/mp4/10/186924.mp4,inmunizar,salud-y-medicina
/fr.fr/word/11831/inocular/0/?q=inocular,https://media.spreadthesign.com/video/mp4/10/186957.mp4,inocular,salud-y-medicina
/fr.fr/word/3401/intervencion-temprana/0/?q=intervenci%C3%B3n+temprana,https://media.spreadthesign.com/video/mp4/10/31324.mp4,intervención temprana,salud-y-medicina
/fr.fr/word/2935/invalidez/0/?q=invalidez,https://media.spreadthesign.com/video/mp4/10/27729.mp4,invalidez,salud-y-medicina
/fr.fr/word/3775/investigacion/0/?q=investigaci%C3%B3n,https://media.spreadthesign.com/video/mp4/10/34115.mp4,investigación,salud-y-medicina
/fr.fr/word/3799/inyeccion/0/?q=inyecci%C3%B3n,https://media.spreadthesign.com/video/mp4/10/34303.mp4,inyección,salud-y-medicina
/fr.fr/word/6571/inyectar/0/?q=inyectar,https://media.spreadthesign.com/video/mp4/10/285013.mp4,inyectar,salud-y-medicina
/fr.fr/word/11598/irritacion-de-garganta/0/?q=irritaci%C3%B3n+de+garganta,https://media.spreadthesign.com/video/mp4/10/282104.mp4,irritación de garganta,salud-y-medicina
/fr.fr/word/11597/irritado/0/?q=irritado,https://media.spreadthesign.com/video/mp4/10/266672.mp4,irritado,salud-y-medicina
/fr.fr/word/1415/jabon/0/?q=jab%C3%B3n,https://media.spreadthesign.com/video/mp4/10/14017.mp4,jabón,salud-y-medicina
/fr.fr/word/7607/jadeante/0/?q=jadeante,https://media.spreadthesign.com/video/mp4/10/171988.mp4,jadeante,salud-y-medicina
/fr.fr/word/3748/jarabe/0/?q=jarabe,https://media.spreadthesign.com/video/mp4/10/33920.mp4,jarabe,salud-y-medicina
/fr.fr/word/6671/kleenex/0/?q=kleenex,https://media.spreadthesign.com/video/mp4/10/265808.mp4,kleenex,salud-y-medicina
/fr.fr/word/7785/labios-vaginales/0/?q=labios+vaginales,https://media.spreadthesign.com/video/mp4/10/285109.mp4,labios vaginales,salud-y-medicina
/fr.fr/word/6738/latido/0/?q=latido,https://media.spreadthesign.com/video/mp4/10/186531.mp4,latido,salud-y-medicina
/fr.fr/word/1851/lavar/0/?q=lavar,https://media.spreadthesign.com/video/mp4/10/18411.mp4,lavar,salud-y-medicina
/fr.fr/word/1262/lavarse-las-manos/0/?q=lavarse+las+manos,https://media.spreadthesign.com/video/mp4/10/12503.mp4,lavarse las manos,salud-y-medicina
/fr.fr/word/10851/leche-materna/0/?q=leche+materna,https://media.spreadthesign.com/video/mp4/10/281634.mp4,leche materna,salud-y-medicina
/fr.fr/word/9153/lentes/0/?q=lentes,https://media.spreadthesign.com/video/mp4/10/255344.mp4,lentes,salud-y-medicina
/fr.fr/word/6986/lentes-de-contacto/0/?q=lentes+de+contacto,https://media.spreadthesign.com/video/mp4/10/281857.mp4,lentes de contacto,salud-y-medicina
/fr.fr/word/3882/lesbiana/0/?q=lesbiana,https://media.spreadthesign.com/video/mp4/10/34928.mp4,lesbiana,salud-y-medicina
/fr.fr/word/6573/lesionado/0/?q=lesionado,https://media.spreadthesign.com/video/mp4/10/156657.mp4,lesionado,salud-y-medicina
/fr.fr/word/8937/lesion-en-el-dedo/0/?q=lesi%C3%B3n+en+el+dedo,https://media.spreadthesign.com/video/mp4/10/186108.mp4,lesión en el dedo,salud-y-medicina
/fr.fr/word/3333/libro-de-citas/0/?q=libro+de+citas,https://media.spreadthesign.com/video/mp4/10/30805.mp4,libro de citas,salud-y-medicina
/fr.fr/word/8049/ligar/0/?q=ligar,https://media.spreadthesign.com/video/mp4/10/186156.mp4,ligar,salud-y-medicina
/fr.fr/word/10333/limpieza/0/?q=limpieza,https://media.spreadthesign.com/video/mp4/10/173886.mp4,limpieza,salud-y-medicina
/fr.fr/word/809/limpio/0/?q=limpio,https://media.spreadthesign.com/video/mp4/10/8112.mp4,limpio,salud-y-medicina
/fr.fr/word/3834/linimento/0/?q=linimento,https://media.spreadthesign.com/video/mp4/10/34578.mp4,linimento,salud-y-medicina
/fr.fr/word/7048/lisiado/0/?q=lisiado,https://media.spreadthesign.com/video/mp4/10/156673.mp4,lisiado,salud-y-medicina
/fr.fr/word/8174/loco/0/?q=loco,https://media.spreadthesign.com/video/mp4/10/180402.mp4,loco,salud-y-medicina
/fr.fr/word/9422/maletin-de-equipo-medico/0/?q=malet%C3%ADn+de+equipo+m%C3%A9dico,https://media.spreadthesign.com/video/mp4/10/187067.mp4,maletín de equipo médico,salud-y-medicina
/fr.fr/word/9294/maletin-del-medico/0/?q=malet%C3%ADn+del+m%C3%A9dico,https://media.spreadthesign.com/video/mp4/10/265776.mp4,maletín del médico,salud-y-medicina
/fr.fr/word/2823/mareo/0/?q=mareo,https://media.spreadthesign.com/video/mp4/10/26817.mp4,mareo,salud-y-medicina
/fr.fr/word/4054/marihuana/0/?q=marihuana,https://media.spreadthesign.com/video/mp4/10/35785.mp4,marihuana,salud-y-medicina
/fr.fr/word/1963/masaje/0/?q=masaje,https://media.spreadthesign.com/video/mp4/10/19509.mp4,masaje,salud-y-medicina
/fr.fr/word/9386/masculino/0/?q=masculino,https://media.spreadthesign.com/video/mp4/10/265900.mp4,masculino,salud-y-medicina
/fr.fr/word/3373/maternidad/0/?q=maternidad,https://media.spreadthesign.com/video/mp4/10/31115.mp4,maternidad,salud-y-medicina
/fr.fr/word/3821/maternidad/0/?q=maternidad,https://media.spreadthesign.com/video/mp4/10/34480.mp4,maternidad,salud-y-medicina
/fr.fr/word/7712/matrona/0/?q=matrona,https://media.spreadthesign.com/video/mp4/10/187085.mp4,matrona,salud-y-medicina
/fr.fr/word/3487/medicamento/0/?q=medicamento,https://media.spreadthesign.com/video/mp4/10/31983.mp4,medicamento,salud-y-medicina
/fr.fr/word/13808/medicamento/0/?q=medicamento,https://media.spreadthesign.com/video/mp4/10/265940.mp4,medicamento,salud-y-medicina
/fr.fr/word/11631/medicina-deportiva/0/?q=medicina+deportiva,https://media.spreadthesign.com/video/mp4/10/266693.mp4,medicina deportiva,salud-y-medicina
/fr.fr/word/3824/medicina-interna/0/?q=medicina+interna,https://media.spreadthesign.com/video/mp4/10/34502.mp4,medicina interna,salud-y-medicina
/fr.fr/word/7779/mejorar-de-salud/0/?q=mejorar+de+salud,https://media.spreadthesign.com/video/mp4/10/186353.mp4,mejorar de salud,salud-y-medicina
/fr.fr/word/9439/memoria/0/?q=memoria,https://media.spreadthesign.com/video/mp4/10/265946.mp4,memoria,salud-y-medicina
/fr.fr/word/14472/memoria-a-corto-plazo/0/?q=memoria+a+corto+plazo,https://media.spreadthesign.com/video/mp4/10/282007.mp4,memoria a corto plazo,salud-y-medicina
/fr.fr/word/17409/menopausia/0/?q=menopausia,https://media.spreadthesign.com/video/mp4/10/284854.mp4,menopausia,salud-y-medicina
/fr.fr/word/9441/menstruar/0/?q=menstruar,https://media.spreadthesign.com/video/mp4/10/156495.mp4,menstruar,salud-y-medicina
/fr.fr/word/9442/mental/0/?q=mental,https://media.spreadthesign.com/video/mp4/10/265949.mp4,mental,salud-y-medicina
/fr.fr/word/9466/mente/0/?q=mente,https://media.spreadthesign.com/video/mp4/10/187094.mp4,mente,salud-y-medicina
/fr.fr/word/9211/mermar/0/?q=mermar,https://media.spreadthesign.com/video/mp4/10/282338.mp4,mermar,salud-y-medicina
/fr.fr/word/11750/mesa-de-operaciones/0/?q=mesa+de+operaciones,https://media.spreadthesign.com/video/mp4/10/188884.mp4,mesa de operaciones,salud-y-medicina
/fr.fr/word/6737/monitor-cardiaco/0/?q=monitor+card%C3%ADaco,https://media.spreadthesign.com/video/mp4/10/186498.mp4,monitor cardíaco,salud-y-medicina
/fr.fr/word/11357/moqueo/0/?q=moqueo,https://media.spreadthesign.com/video/mp4/10/188453.mp4,moqueo,salud-y-medicina
/fr.fr/word/6163/moreton/0/?q=moret%C3%B3n,https://media.spreadthesign.com/video/mp4/10/173720.mp4,moretón,salud-y-medicina
/fr.fr/word/7957/moribundo/0/?q=moribundo,https://media.spreadthesign.com/video/mp4/10/185755.mp4,moribundo,salud-y-medicina
/fr.fr/word/1652/morir/0/?q=morir,https://media.spreadthesign.com/video/mp4/10/16416.mp4,morir,salud-y-medicina
/fr.fr/word/11658/morirse-de-hambre/0/?q=morirse+de+hambre,https://media.spreadthesign.com/video/mp4/10/188795.mp4,morirse de hambre,salud-y-medicina
/fr.fr/word/2950/mortalidad/0/?q=mortalidad,https://media.spreadthesign.com/video/mp4/10/27846.mp4,mortalidad,salud-y-medicina
/fr.fr/word/19137/mortinato/0/?q=mortinato,https://media.spreadthesign.com/video/mp4/10/266714.mp4,mortinato,salud-y-medicina
/fr.fr/word/1929/motricidad-fina/0/?q=motricidad+fina,https://media.spreadthesign.com/video/mp4/10/19178.mp4,motricidad fina,salud-y-medicina
/fr.fr/word/4422/movilidad/0/?q=movilidad,https://media.spreadthesign.com/video/mp4/10/38143.mp4,movilidad,salud-y-medicina
/fr.fr/word/3963/mudo/0/?q=mudo,https://media.spreadthesign.com/video/mp4/10/35337.mp4,mudo,salud-y-medicina
/fr.fr/word/9486/muela/0/?q=muela,https://media.spreadthesign.com/video/mp4/10/187125.mp4,muela,salud-y-medicina
/fr.fr/word/2877/muerte/0/?q=muerte,https://media.spreadthesign.com/video/mp4/10/27252.mp4,muerte,salud-y-medicina
/fr.fr/word/16962/muerte-clinica/0/?q=muerte+cl%C3%ADnica,https://media.spreadthesign.com/video/mp4/10/281761.mp4,muerte clínica,salud-y-medicina
/fr.fr/word/1653/muerto/0/?q=muerto,https://media.spreadthesign.com/video/mp4/10/16434.mp4,muerto,salud-y-medicina
/fr.fr/word/11604/muestra/0/?q=muestra,https://media.spreadthesign.com/video/mp4/10/188758.mp4,muestra,salud-y-medicina
/fr.fr/word/1303/mujer/0/?q=mujer,https://media.spreadthesign.com/video/mp4/10/12895.mp4,mujer,salud-y-medicina
/fr.fr/word/7065/muleta/0/?q=muleta,https://media.spreadthesign.com/video/mp4/10/158324.mp4,muleta,salud-y-medicina
/fr.fr/word/464/medico/0/?q=m%C3%A9dico,https://media.spreadthesign.com/video/mp4/10/4572.mp4,médico,salud-y-medicina
/fr.fr/word/8295/medico-de-cabecera/0/?q=m%C3%A9dico+de+cabecera,https://media.spreadthesign.com/video/mp4/10/255357.mp4,médico de cabecera,salud-y-medicina
/fr.fr/word/3782/medico-jefe/0/?q=m%C3%A9dico+jefe,https://media.spreadthesign.com/video/mp4/10/34174.mp4,médico jefe,salud-y-medicina
/fr.fr/word/1657/nacer/0/?q=nacer,https://media.spreadthesign.com/video/mp4/10/16468.mp4,nacer,salud-y-medicina
/fr.fr/word/2847/necesidades-basicas/0/?q=necesidades+b%C3%A1sicas,https://media.spreadthesign.com/video/mp4/10/27020.mp4,necesidades básicas,salud-y-medicina
/fr.fr/word/20208/necesidades-especiales/0/?q=necesidades+especiales,https://media.spreadthesign.com/video/mp4/10/266680.mp4,necesidades especiales,salud-y-medicina
/fr.fr/word/3428/negligencia/0/?q=negligencia,https://media.spreadthesign.com/video/mp4/10/31534.mp4,negligencia,salud-y-medicina
/fr.fr/word/19866/neonato/0/?q=neonato,https://media.spreadthesign.com/video/mp4/10/266033.mp4,neonato,salud-y-medicina
/fr.fr/word/11050/neumonia/0/?q=neumon%C3%ADa,https://media.spreadthesign.com/video/mp4/10/187770.mp4,neumonía,salud-y-medicina
/fr.fr/word/9559/neurocirugia/0/?q=neurocirug%C3%ADa,https://media.spreadthesign.com/video/mp4/10/187262.mp4,neurocirugía,salud-y-medicina
/fr.fr/word/3825/neurologia/0/?q=neurolog%C3%ADa,https://media.spreadthesign.com/video/mp4/10/34509.mp4,neurología,salud-y-medicina
/fr.fr/word/2952/neurosis/0/?q=neurosis,https://media.spreadthesign.com/video/mp4/10/27864.mp4,neurosis,salud-y-medicina
/fr.fr/word/1025/no-fumadores/0/?q=no+fumadores,https://media.spreadthesign.com/video/mp4/10/10258.mp4,no fumadores,salud-y-medicina
/fr.fr/word/9591/nutricion/0/?q=nutrici%C3%B3n,https://media.spreadthesign.com/video/mp4/10/187329.mp4,nutrición,salud-y-medicina
/fr.fr/word/4863/nutriente/0/?q=nutriente,https://media.spreadthesign.com/video/mp4/10/40665.mp4,nutriente,salud-y-medicina
/fr.fr/word/3055/nutritivo/0/?q=nutritivo,https://media.spreadthesign.com/video/mp4/10/41551.mp4,nutritivo,salud-y-medicina
/fr.fr/word/9547/nausea/0/?q=n%C3%A1usea,https://media.spreadthesign.com/video/mp4/10/187229.mp4,náusea,salud-y-medicina
/fr.fr/word/7753/obsesionado/0/?q=obsesionado,https://media.spreadthesign.com/video/mp4/10/285430.mp4,obsesionado,salud-y-medicina
/fr.fr/word/3965/obsesion/0/?q=obsesi%C3%B3n,https://media.spreadthesign.com/video/mp4/10/35347.mp4,obsesión,salud-y-medicina
/fr.fr/word/7092/obstetra/0/?q=obstetra,https://media.spreadthesign.com/video/mp4/10/187356.mp4,obstetra,salud-y-medicina
/fr.fr/word/3819/odontologia/0/?q=odontolog%C3%ADa,https://media.spreadthesign.com/video/mp4/10/34463.mp4,odontología,salud-y-medicina
/fr.fr/word/7115/oftalmologia/0/?q=oftalmolog%C3%ADa,https://media.spreadthesign.com/video/mp4/10/187421.mp4,oftalmología,salud-y-medicina
/fr.fr/word/7114/oftalmologo/0/?q=oftalm%C3%B3logo,https://media.spreadthesign.com/video/mp4/10/187419.mp4,oftalmólogo,salud-y-medicina
/fr.fr/word/7098/olor/0/?q=olor,https://media.spreadthesign.com/video/mp4/10/187369.mp4,olor,salud-y-medicina
/fr.fr/word/577/olvidar/0/?q=olvidar,https://media.spreadthesign.com/video/mp4/10/5714.mp4,olvidar,salud-y-medicina
/fr.fr/word/3198/oms/0/?q=OMS,https://media.spreadthesign.com/video/mp4/10/29765.mp4,OMS,salud-y-medicina
/fr.fr/word/7104/oncologia/0/?q=oncolog%C3%ADa,https://media.spreadthesign.com/video/mp4/10/187408.mp4,oncología,salud-y-medicina
/fr.fr/word/7297/operacion-de-amigdalas/0/?q=operaci%C3%B3n+de+am%C3%ADgdalas,https://media.spreadthesign.com/video/mp4/10/189014.mp4,operación de amígdalas,salud-y-medicina
/fr.fr/word/7117/optometrista/0/?q=optometrista,https://media.spreadthesign.com/video/mp4/10/187427.mp4,optometrista,salud-y-medicina
/fr.fr/word/7118/optometria/0/?q=optometr%C3%ADa,https://media.spreadthesign.com/video/mp4/10/187428.mp4,optometría,salud-y-medicina
/fr.fr/word/4004/oral/0/?q=oral,https://media.spreadthesign.com/video/mp4/10/35537.mp4,oral,salud-y-medicina
/fr.fr/word/1799/orgasmo/0/?q=orgasmo,https://media.spreadthesign.com/video/mp4/10/17897.mp4,orgasmo,salud-y-medicina
/fr.fr/word/20184/orientacion-sexual/0/?q=orientaci%C3%B3n+sexual,https://media.spreadthesign.com/video/mp4/10/281983.mp4,orientación sexual,salud-y-medicina
/fr.fr/word/17539/otitis/0/?q=otitis,https://media.spreadthesign.com/video/mp4/10/285494.mp4,otitis,salud-y-medicina
/fr.fr/word/8388/ovario/0/?q=ovario,https://media.spreadthesign.com/video/mp4/10/187445.mp4,ovario,salud-y-medicina
/fr.fr/word/17713/paciente-hospitalario-que-es-capaz-de-andar/0/?q=paciente+hospitalario+que+es+capaz+de+andar,https://media.spreadthesign.com/video/mp4/10/281447.mp4,paciente hospitalario que es capaz de andar,salud-y-medicina
/fr.fr/word/18635/paciente-interno/0/?q=paciente+interno,https://media.spreadthesign.com/video/mp4/10/284975.mp4,paciente interno,salud-y-medicina
/fr.fr/word/1240/palillo/0/?q=palillo,https://media.spreadthesign.com/video/mp4/10/12305.mp4,palillo,salud-y-medicina
/fr.fr/word/1383/papel-higienico/0/?q=papel+higi%C3%A9nico,https://media.spreadthesign.com/video/mp4/10/13697.mp4,papel higiénico,salud-y-medicina
/fr.fr/word/8127/paralizado/0/?q=paralizado,https://media.spreadthesign.com/video/mp4/10/187509.mp4,paralizado,salud-y-medicina
/fr.fr/word/10911/paralizar/0/?q=paralizar,https://media.spreadthesign.com/video/mp4/10/187510.mp4,paralizar,salud-y-medicina
/fr.fr/word/10912/paramedico/0/?q=param%C3%A9dico,https://media.spreadthesign.com/video/mp4/10/156473.mp4,paramédico,salud-y-medicina
/fr.fr/word/3793/parto/0/?q=parto,https://media.spreadthesign.com/video/mp4/10/34263.mp4,parto,salud-y-medicina
/fr.fr/word/9545/parto-natural/0/?q=parto+natural,https://media.spreadthesign.com/video/mp4/10/158294.mp4,parto natural,salud-y-medicina
/fr.fr/word/3137/paralisis/0/?q=par%C3%A1lisis,https://media.spreadthesign.com/video/mp4/10/29311.mp4,parálisis,salud-y-medicina
/fr.fr/word/8711/paralisis-cerebral/0/?q=par%C3%A1lisis+cerebral,https://media.spreadthesign.com/video/mp4/10/173850.mp4,parálisis cerebral,salud-y-medicina
/fr.fr/word/1785/pasion/0/?q=pasi%C3%B3n,https://media.spreadthesign.com/video/mp4/10/17764.mp4,pasión,salud-y-medicina
/fr.fr/word/1380/pasta-de-dientes/0/?q=pasta+de+dientes,https://media.spreadthesign.com/video/mp4/10/13670.mp4,pasta de dientes,salud-y-medicina
/fr.fr/word/7166/pastilla/0/?q=pastilla,https://media.spreadthesign.com/video/mp4/10/188910.mp4,pastilla,salud-y-medicina
/fr.fr/word/11580/pastilla-de-jabon/0/?q=pastilla+de+jab%C3%B3n,https://media.spreadthesign.com/video/mp4/10/188714.mp4,pastilla de jabón,salud-y-medicina
/fr.fr/word/3138/patologia/0/?q=patolog%C3%ADa,https://media.spreadthesign.com/video/mp4/10/29312.mp4,patología,salud-y-medicina
/fr.fr/word/7276/panuelo-de-papel/0/?q=pa%C3%B1uelo+de+papel,https://media.spreadthesign.com/video/mp4/10/189001.mp4,pañuelo de papel,salud-y-medicina
/fr.fr/word/3823/pediatra/0/?q=pediatra,https://media.spreadthesign.com/video/mp4/10/34490.mp4,pediatra,salud-y-medicina
/fr.fr/word/11053/pediatra/0/?q=pediatra,https://media.spreadthesign.com/video/mp4/10/187774.mp4,pediatra,salud-y-medicina
/fr.fr/word/10959/pediatria/0/?q=pediatr%C3%ADa,https://media.spreadthesign.com/video/mp4/10/187634.mp4,pediatría,salud-y-medicina
/fr.fr/word/13422/peligro-para-la-salud/0/?q=peligro+para+la+salud,https://media.spreadthesign.com/video/mp4/10/256927.mp4,peligro para la salud,salud-y-medicina
/fr.fr/word/1808/pene/0/?q=pene,https://media.spreadthesign.com/video/mp4/10/17983.mp4,pene,salud-y-medicina
/fr.fr/word/8378/perder-peso/0/?q=perder+peso,https://media.spreadthesign.com/video/mp4/10/187035.mp4,perder peso,salud-y-medicina
/fr.fr/word/8703/perdida-auditiva-bilateral/0/?q=perdida+auditiva+bilateral,https://media.spreadthesign.com/video/mp4/10/281583.mp4,perdida auditiva bilateral,salud-y-medicina
/fr.fr/word/7515/perro-guia/0/?q=perro+gu%C3%ADa,https://media.spreadthesign.com/video/mp4/10/186433.mp4,perro guía,salud-y-medicina
/fr.fr/word/11446/perro-guia-para-personas-invidentes/0/?q=perro+gu%C3%ADa+para+personas+invidentes,https://media.spreadthesign.com/video/mp4/10/158611.mp4,perro guía para personas invidentes,salud-y-medicina
/fr.fr/word/3419/persona-con-discapacidad/0/?q=persona+con+discapacidad,https://media.spreadthesign.com/video/mp4/10/31459.mp4,persona con discapacidad,salud-y-medicina
/fr.fr/word/19910/persona-con-una-discapacidad-fisica/0/?q=persona+con+una+discapacidad+f%C3%ADsica,https://media.spreadthesign.com/video/mp4/10/266186.mp4,persona con una discapacidad física,salud-y-medicina
/fr.fr/word/3971/persona-sordociega/0/?q=persona+sordociega,https://media.spreadthesign.com/video/mp4/10/35377.mp4,persona sordociega,salud-y-medicina
/fr.fr/word/8530/personal-de-apoyo/0/?q=personal+de+apoyo,https://media.spreadthesign.com/video/mp4/10/188876.mp4,personal de apoyo,salud-y-medicina
/fr.fr/word/18697/personal-de-enfermeria/0/?q=personal+de+enfermer%C3%ADa,https://media.spreadthesign.com/video/mp4/10/266066.mp4,personal de enfermería,salud-y-medicina
/fr.fr/word/1788/pervertido/0/?q=pervertido,https://media.spreadthesign.com/video/mp4/10/17792.mp4,pervertido,salud-y-medicina
/fr.fr/word/9370/picor/0/?q=picor,https://media.spreadthesign.com/video/mp4/10/186976.mp4,picor,salud-y-medicina
/fr.fr/word/7293/pinzas/0/?q=pinzas,https://media.spreadthesign.com/video/mp4/10/283590.mp4,pinzas,salud-y-medicina
/fr.fr/word/11054/podologia/0/?q=podolog%C3%ADa,https://media.spreadthesign.com/video/mp4/10/187776.mp4,podología,salud-y-medicina
/fr.fr/word/7100/pomada/0/?q=pomada,https://media.spreadthesign.com/video/mp4/10/187394.mp4,pomada,salud-y-medicina
/fr.fr/word/11581/pompas-de-jabon/0/?q=pompas+de+jab%C3%B3n,https://media.spreadthesign.com/video/mp4/10/158423.mp4,pompas de jabón,salud-y-medicina
/fr.fr/word/11224/por-via-rectal/0/?q=por+v%C3%ADa+rectal,https://media.spreadthesign.com/video/mp4/10/188160.mp4,por vía rectal,salud-y-medicina
/fr.fr/word/3966/pornografia/0/?q=pornograf%C3%ADa,https://media.spreadthesign.com/video/mp4/10/35348.mp4,pornografía,salud-y-medicina
/fr.fr/word/3987/postrado-en-cama/0/?q=postrado+en+cama,https://media.spreadthesign.com/video/mp4/10/35457.mp4,postrado en cama,salud-y-medicina
/fr.fr/word/11095/postura/0/?q=postura,https://media.spreadthesign.com/video/mp4/10/187816.mp4,postura,salud-y-medicina
/fr.fr/word/8151/preliminares-sexuales/0/?q=preliminares+sexuales,https://media.spreadthesign.com/video/mp4/10/186174.mp4,preliminares sexuales,salud-y-medicina
/fr.fr/word/11113/premolar/0/?q=premolar,https://media.spreadthesign.com/video/mp4/10/187858.mp4,premolar,salud-y-medicina
/fr.fr/word/6731/preocupado-por-su-salud/0/?q=preocupado+por+su+salud,https://media.spreadthesign.com/video/mp4/10/256925.mp4,preocupado por su salud,salud-y-medicina
/fr.fr/word/3809/prescripcion/0/?q=prescripci%C3%B3n,https://media.spreadthesign.com/video/mp4/10/34390.mp4,prescripción,salud-y-medicina
/fr.fr/word/2824/prevencion/0/?q=prevenci%C3%B3n,https://media.spreadthesign.com/video/mp4/10/26818.mp4,prevención,salud-y-medicina
/fr.fr/word/9341/prevencion-de-consumo-de-drogas/0/?q=prevenci%C3%B3n+de+consumo+de+drogas,https://media.spreadthesign.com/video/mp4/10/282651.mp4,prevención de consumo de drogas,salud-y-medicina
/fr.fr/word/1931/primeros-auxilios/0/?q=primeros+auxilios,https://media.spreadthesign.com/video/mp4/10/19196.mp4,primeros auxilios,salud-y-medicina
/fr.fr/word/6735/problema-auditivo/0/?q=problema+auditivo,https://media.spreadthesign.com/video/mp4/10/256933.mp4,problema auditivo,salud-y-medicina
/fr.fr/word/7800/prostibulo/0/?q=prost%C3%ADbulo,https://media.spreadthesign.com/video/mp4/10/173717.mp4,prostíbulo,salud-y-medicina
/fr.fr/word/2918/proteccion-de-salud/0/?q=protecci%C3%B3n+de+salud,https://media.spreadthesign.com/video/mp4/10/27593.mp4,protección de salud,salud-y-medicina
/fr.fr/word/11148/protesis/0/?q=pr%C3%B3tesis,https://media.spreadthesign.com/video/mp4/10/187925.mp4,prótesis,salud-y-medicina
/fr.fr/word/19928/psicoanalisis/0/?q=psicoan%C3%A1lisis,https://media.spreadthesign.com/video/mp4/10/266303.mp4,psicoanálisis,salud-y-medicina
/fr.fr/word/1994/psicologia/0/?q=psicolog%C3%ADa,https://media.spreadthesign.com/video/mp4/10/19819.mp4,psicología,salud-y-medicina
/fr.fr/word/11155/psicologia-experimental/0/?q=psicolog%C3%ADa+experimental,https://media.spreadthesign.com/video/mp4/10/187982.mp4,psicología experimental,salud-y-medicina
/fr.fr/word/20201/psicologia-social/0/?q=psicolog%C3%ADa+social,https://media.spreadthesign.com/video/mp4/10/266652.mp4,psicología social,salud-y-medicina
/fr.fr/word/3146/psicoterapeuta/0/?q=psicoterapeuta,https://media.spreadthesign.com/video/mp4/10/29378.mp4,psicoterapeuta,salud-y-medicina
/fr.fr/word/11154/psicologo/0/?q=psic%C3%B3logo,https://media.spreadthesign.com/video/mp4/10/187978.mp4,psicólogo,salud-y-medicina
/fr.fr/word/17847/psicologo-infantil/0/?q=psic%C3%B3logo+infantil,https://media.spreadthesign.com/video/mp4/10/264727.mp4,psicólogo infantil,salud-y-medicina
/fr.fr/word/11152/psiquiatra/0/?q=psiquiatra,https://media.spreadthesign.com/video/mp4/10/187971.mp4,psiquiatra,salud-y-medicina
/fr.fr/word/11153/psiquiatria/0/?q=psiquiatr%C3%ADa,https://media.spreadthesign.com/video/mp4/10/187974.mp4,psiquiatría,salud-y-medicina
/fr.fr/word/11164/pulso/0/?q=pulso,https://media.spreadthesign.com/video/mp4/10/188058.mp4,pulso,salud-y-medicina
/fr.fr/word/11685/punto/0/?q=punto,https://media.spreadthesign.com/video/mp4/10/188819.mp4,punto,salud-y-medicina
/fr.fr/word/7862/puro/0/?q=puro,https://media.spreadthesign.com/video/mp4/10/158629.mp4,puro,salud-y-medicina
/fr.fr/word/18441/perdida-auditiva/0/?q=p%C3%A9rdida+auditiva,https://media.spreadthesign.com/video/mp4/10/284240.mp4,pérdida auditiva,salud-y-medicina
/fr.fr/word/8590/perdida-auditiva-unilateral/0/?q=p%C3%A9rdida+auditiva+unilateral,https://media.spreadthesign.com/video/mp4/10/283724.mp4,pérdida auditiva unilateral,salud-y-medicina
/fr.fr/word/3741/pildora-anticonceptiva/0/?q=p%C3%ADldora+anticonceptiva,https://media.spreadthesign.com/video/mp4/10/33867.mp4,píldora anticonceptiva,salud-y-medicina
/fr.fr/word/6050/pildora-anticonceptiva/0/?q=p%C3%ADldora+anticonceptiva,https://media.spreadthesign.com/video/mp4/10/259857.mp4,píldora anticonceptiva,salud-y-medicina
/fr.fr/word/6187/quemadura/0/?q=quemadura,https://media.spreadthesign.com/video/mp4/10/158393.mp4,quemadura,salud-y-medicina
/fr.fr/word/11735/quemadura-solar/0/?q=quemadura+solar,https://media.spreadthesign.com/video/mp4/10/188865.mp4,quemadura solar,salud-y-medicina
/fr.fr/word/3836/quimioterapia/0/?q=quimioterapia,https://media.spreadthesign.com/video/mp4/10/34590.mp4,quimioterapia,salud-y-medicina
/fr.fr/word/6352/quiropractica/0/?q=quiropr%C3%A1ctica,https://media.spreadthesign.com/video/mp4/10/158614.mp4,quiropráctica,salud-y-medicina
/fr.fr/word/6353/quiropractico/0/?q=quiropr%C3%A1ctico,https://media.spreadthesign.com/video/mp4/10/158613.mp4,quiropráctico,salud-y-medicina
/fr.fr/word/7111/quirofano/0/?q=quir%C3%B3fano,https://media.spreadthesign.com/video/mp4/10/156665.mp4,quirófano,salud-y-medicina
/fr.fr/word/3837/radiacion/0/?q=radiaci%C3%B3n,https://media.spreadthesign.com/video/mp4/10/34598.mp4,radiación,salud-y-medicina
/fr.fr/word/5855/radiografia/0/?q=radiograf%C3%ADa,https://media.spreadthesign.com/video/mp4/10/189269.mp4,radiografía,salud-y-medicina
/fr.fr/word/11182/radiologia/0/?q=radiolog%C3%ADa,https://media.spreadthesign.com/video/mp4/10/188099.mp4,radiología,salud-y-medicina
/fr.fr/word/11183/radioterapia/0/?q=radioterapia,https://media.spreadthesign.com/video/mp4/10/188101.mp4,radioterapia,salud-y-medicina
/fr.fr/word/7031/rcp/0/?q=RCP,https://media.spreadthesign.com/video/mp4/10/281906.mp4,RCP,salud-y-medicina
/fr.fr/word/11115/recetar/0/?q=recetar,https://media.spreadthesign.com/video/mp4/10/187859.mp4,recetar,salud-y-medicina
/fr.fr/word/9563/recien-nacido/0/?q=reci%C3%A9n+nacido,https://media.spreadthesign.com/video/mp4/10/187268.mp4,recién nacido,salud-y-medicina
/fr.fr/word/6363/regordete/0/?q=regordete,https://media.spreadthesign.com/video/mp4/10/173877.mp4,regordete,salud-y-medicina
/fr.fr/word/3153/rehabilitacion/0/?q=rehabilitaci%C3%B3n,https://media.spreadthesign.com/video/mp4/10/29425.mp4,rehabilitación,salud-y-medicina
/fr.fr/word/10288/reincidir/0/?q=reincidir,https://media.spreadthesign.com/video/mp4/10/169365.mp4,reincidir,salud-y-medicina
/fr.fr/word/19265/relaciones-sexuales-sin-proteccion/0/?q=relaciones+sexuales+sin+protecci%C3%B3n,https://media.spreadthesign.com/video/mp4/10/283737.mp4,relaciones sexuales sin protección,salud-y-medicina
/fr.fr/word/1864/relacion-sexual/0/?q=relaci%C3%B3n+sexual,https://media.spreadthesign.com/video/mp4/10/18534.mp4,relación sexual,salud-y-medicina
/fr.fr/word/7807/remedio/0/?q=remedio,https://media.spreadthesign.com/video/mp4/10/188217.mp4,remedio,salud-y-medicina
/fr.fr/word/7698/resaca/0/?q=resaca,https://media.spreadthesign.com/video/mp4/10/284202.mp4,resaca,salud-y-medicina
/fr.fr/word/3735/resfriado/0/?q=resfriado,https://media.spreadthesign.com/video/mp4/10/33815.mp4,resfriado,salud-y-medicina
/fr.fr/word/3155/residencia/0/?q=residencia,https://media.spreadthesign.com/video/mp4/10/266430.mp4,residencia,salud-y-medicina
/fr.fr/word/11270/respirador/0/?q=respirador,https://media.spreadthesign.com/video/mp4/10/188264.mp4,respirador,salud-y-medicina
/fr.fr/word/6138/respirar/0/?q=respirar,https://media.spreadthesign.com/video/mp4/10/171987.mp4,respirar,salud-y-medicina
/fr.fr/word/11276/resucitador/0/?q=resucitador,https://media.spreadthesign.com/video/mp4/10/188274.mp4,resucitador,salud-y-medicina
/fr.fr/word/2946/retraso-mental/0/?q=retraso+mental,https://media.spreadthesign.com/video/mp4/10/27823.mp4,retraso mental,salud-y-medicina
/fr.fr/word/2826/revision-medica/0/?q=revisi%C3%B3n+m%C3%A9dica,https://media.spreadthesign.com/video/mp4/10/26844.mp4,revisión médica,salud-y-medicina
/fr.fr/word/20183/rol-de-genero/0/?q=rol+de+g%C3%A9nero,https://media.spreadthesign.com/video/mp4/10/281982.mp4,rol de género,salud-y-medicina
/fr.fr/word/6769/ronco/0/?q=ronco,https://media.spreadthesign.com/video/mp4/10/186562.mp4,ronco,salud-y-medicina
/fr.fr/word/11350/rubeola/0/?q=rubeola,https://media.spreadthesign.com/video/mp4/10/188439.mp4,rubeola,salud-y-medicina
/fr.fr/word/11161/sacar-un-diente/0/?q=sacar+un+diente,https://media.spreadthesign.com/video/mp4/10/156188.mp4,sacar un diente,salud-y-medicina
/fr.fr/word/11220/sala-de-reanimacion/0/?q=sala+de+reanimaci%C3%B3n,https://media.spreadthesign.com/video/mp4/10/188148.mp4,sala de reanimación,salud-y-medicina
/fr.fr/word/2920/salud/0/?q=salud,https://media.spreadthesign.com/video/mp4/10/27604.mp4,salud,salud-y-medicina
/fr.fr/word/1889/salud-infantil/0/?q=salud+infantil,https://media.spreadthesign.com/video/mp4/10/18774.mp4,salud infantil,salud-y-medicina
/fr.fr/word/2945/salud-mental/0/?q=salud+mental,https://media.spreadthesign.com/video/mp4/10/27812.mp4,salud mental,salud-y-medicina
/fr.fr/word/18884/salud-publica/0/?q=salud+p%C3%BAblica,https://media.spreadthesign.com/video/mp4/10/266313.mp4,salud pública,salud-y-medicina
/fr.fr/word/3797/sangrar/0/?q=sangrar,https://media.spreadthesign.com/video/mp4/10/34292.mp4,sangrar,salud-y-medicina
/fr.fr/word/6074/sangre/0/?q=sangre,https://media.spreadthesign.com/video/mp4/10/259870.mp4,sangre,salud-y-medicina
/fr.fr/word/3012/sano/0/?q=sano,https://media.spreadthesign.com/video/mp4/10/28315.mp4,sano,salud-y-medicina
/fr.fr/word/9416/sarampion/0/?q=sarampi%C3%B3n,https://media.spreadthesign.com/video/mp4/10/187062.mp4,sarampión,salud-y-medicina
/fr.fr/word/11199/sarpullido/0/?q=sarpullido,https://media.spreadthesign.com/video/mp4/10/188119.mp4,sarpullido,salud-y-medicina
/fr.fr/word/4075/sedentario/0/?q=sedentario,https://media.spreadthesign.com/video/mp4/10/35893.mp4,sedentario,salud-y-medicina
/fr.fr/word/2917/seguro-medico/0/?q=seguro+m%C3%A9dico,https://media.spreadthesign.com/video/mp4/10/27582.mp4,seguro médico,salud-y-medicina
/fr.fr/word/7880/senil/0/?q=senil,https://media.spreadthesign.com/video/mp4/10/185704.mp4,senil,salud-y-medicina
/fr.fr/word/20180/senilidad/0/?q=senilidad,https://media.spreadthesign.com/video/mp4/10/281959.mp4,senilidad,salud-y-medicina
/fr.fr/word/1763/sentirse-enfermo/0/?q=sentirse+enfermo,https://media.spreadthesign.com/video/mp4/10/17547.mp4,sentirse enfermo,salud-y-medicina
/fr.fr/word/2922/servicio-de-ayuda-a-domicilio/0/?q=servicio+de+ayuda+a+domicilio,https://media.spreadthesign.com/video/mp4/10/27630.mp4,servicio de ayuda a domicilio,salud-y-medicina
/fr.fr/word/9061/servicio-medico-de-urgencias/0/?q=servicio+m%C3%A9dico+de+urgencias,https://media.spreadthesign.com/video/mp4/10/282706.mp4,servicio médico de urgencias,salud-y-medicina
/fr.fr/word/8686/servicios-de-asistencia/0/?q=servicios+de+asistencia+,https://media.spreadthesign.com/video/mp4/10/188877.mp4,servicios de asistencia ,salud-y-medicina
/fr.fr/word/17251/servicios-sanitarios/0/?q=servicios+sanitarios,https://media.spreadthesign.com/video/mp4/10/256923.mp4,servicios sanitarios,salud-y-medicina
/fr.fr/word/3206/sesion-de-asesoramiento/0/?q=sesi%C3%B3n+de+asesoramiento,https://media.spreadthesign.com/video/mp4/10/180384.mp4,sesión de asesoramiento,salud-y-medicina
/fr.fr/word/1783/sexo/0/?q=sexo,https://media.spreadthesign.com/video/mp4/10/17744.mp4,sexo,salud-y-medicina
/fr.fr/word/7603/sexo-anal/0/?q=sexo+anal,https://media.spreadthesign.com/video/mp4/10/169129.mp4,sexo anal,salud-y-medicina
/fr.fr/word/12917/sexualidad/0/?q=sexualidad,https://media.spreadthesign.com/video/mp4/10/266557.mp4,sexualidad,salud-y-medicina
/fr.fr/word/1862/sexy/0/?q=sexy,https://media.spreadthesign.com/video/mp4/10/18514.mp4,sexy,salud-y-medicina
/fr.fr/word/1766/sida/0/?q=SIDA,https://media.spreadthesign.com/video/mp4/10/17577.mp4,SIDA,salud-y-medicina
/fr.fr/word/3424/silla-de-ruedas/0/?q=silla+de+ruedas,https://media.spreadthesign.com/video/mp4/10/31494.mp4,silla de ruedas,salud-y-medicina
/fr.fr/word/8600/sistema-de-frecuencia-modulada/0/?q=sistema+de+frecuencia+modulada,https://media.spreadthesign.com/video/mp4/10/284081.mp4,sistema de frecuencia modulada,salud-y-medicina
/fr.fr/word/11826/sistema-inmune/0/?q=sistema+inmune,https://media.spreadthesign.com/video/mp4/10/186921.mp4,sistema inmune,salud-y-medicina
/fr.fr/word/18722/sobredosis/0/?q=sobredosis,https://media.spreadthesign.com/video/mp4/10/285511.mp4,sobredosis,salud-y-medicina
/fr.fr/word/7147/sobrepeso/0/?q=sobrepeso,https://media.spreadthesign.com/video/mp4/10/187457.mp4,sobrepeso,salud-y-medicina
/fr.fr/word/20233/temperamento/0/?q=temperamento,https://media.spreadthesign.com/video/mp4/10/282925.mp4,temperamento,salud-y-medicina
/fr.fr/word/6079/tensiometro/0/?q=tensi%C3%B3metro,https://media.spreadthesign.com/video/mp4/10/284779.mp4,tensiómetro,salud-y-medicina
/fr.fr/word/6077/tension-arterial/0/?q=tensi%C3%B3n+arterial,https://media.spreadthesign.com/video/mp4/10/259872.mp4,tensión arterial,salud-y-medicina
/fr.fr/word/3189/terapeuta/0/?q=terapeuta,https://media.spreadthesign.com/video/mp4/10/29695.mp4,terapeuta,salud-y-medicina
/fr.fr/word/3190/terapia/0/?q=terapia,https://media.spreadthesign.com/video/mp4/10/29708.mp4,terapia,salud-y-medicina
/fr.fr/word/1219/termometro/0/?q=term%C3%B3metro,https://media.spreadthesign.com/video/mp4/10/12120.mp4,termómetro,salud-y-medicina
/fr.fr/word/3807/termometro-clinico/0/?q=term%C3%B3metro+cl%C3%ADnico,https://media.spreadthesign.com/video/mp4/10/34373.mp4,termómetro clínico,salud-y-medicina
/fr.fr/word/7228/termometro-de-oido/0/?q=term%C3%B3metro+de+o%C3%ADdo,https://media.spreadthesign.com/video/mp4/10/282671.mp4,termómetro de oído,salud-y-medicina
/fr.fr/word/20186/timidez/0/?q=timidez,https://media.spreadthesign.com/video/mp4/10/266570.mp4,timidez,salud-y-medicina
/fr.fr/word/12140/tipo/0/?q=tipo,https://media.spreadthesign.com/video/mp4/10/284190.mp4,tipo,salud-y-medicina
/fr.fr/word/20540/tirita/0/?q=tirita,https://media.spreadthesign.com/video/mp4/10/266201.mp4,tirita,salud-y-medicina
/fr.fr/word/7093/tocologia/0/?q=tocolog%C3%ADa,https://media.spreadthesign.com/video/mp4/10/187355.mp4,tocología,salud-y-medicina
/fr.fr/word/20217/tolerancia-al-estres/0/?q=tolerancia+al+estr%C3%A9s,https://media.spreadthesign.com/video/mp4/10/282836.mp4,tolerancia al estrés,salud-y-medicina
/fr.fr/word/7015/toser/0/?q=toser,https://media.spreadthesign.com/video/mp4/10/264826.mp4,toser,salud-y-medicina
/fr.fr/word/8244/toxemia/0/?q=toxemia,https://media.spreadthesign.com/video/mp4/10/189027.mp4,toxemia,salud-y-medicina
/fr.fr/word/18716/trasplante-de-organos/0/?q=trasplante+de+%C3%B3rganos,https://media.spreadthesign.com/video/mp4/10/285480.mp4,trasplante de órganos,salud-y-medicina
/fr.fr/word/19592/trastorno-alimenticio/0/?q=trastorno+alimenticio,https://media.spreadthesign.com/video/mp4/10/255250.mp4,trastorno alimenticio,salud-y-medicina
/fr.fr/word/18688/trastorno-animico/0/?q=trastorno+an%C3%ADmico,https://media.spreadthesign.com/video/mp4/10/285319.mp4,trastorno anímico,salud-y-medicina
/fr.fr/word/19570/trastorno-del-desarrollo/0/?q=trastorno+del+desarrollo,https://media.spreadthesign.com/video/mp4/10/282350.mp4,trastorno del desarrollo,salud-y-medicina
/fr.fr/word/15544/trastorno-del-equilibrio/0/?q=trastorno+del+equilibrio,https://media.spreadthesign.com/video/mp4/10/267105.mp4,trastorno del equilibrio,salud-y-medicina
/fr.fr/word/8532/trastorno-del-espectro-autista/0/?q=trastorno+del+espectro+autista,https://media.spreadthesign.com/video/mp4/10/156462.mp4,trastorno del espectro autista,salud-y-medicina
/fr.fr/word/20189/trastorno-del-sueno/0/?q=trastorno+del+sue%C3%B1o,https://media.spreadthesign.com/video/mp4/10/282051.mp4,trastorno del sueño,salud-y-medicina
/fr.fr/word/17216/trastorno-genetico/0/?q=trastorno+gen%C3%A9tico,https://media.spreadthesign.com/video/mp4/10/256848.mp4,trastorno genético,salud-y-medicina
/fr.fr/word/2944/trastorno-mental/0/?q=trastorno+mental,https://media.spreadthesign.com/video/mp4/10/27799.mp4,trastorno mental,salud-y-medicina
/fr.fr/word/7542/trastorno-por-deficit-de-atencion-e-hiperactividad/0/?q=trastorno+por+d%C3%A9ficit+de+atenci%C3%B3n+e+hiperactividad,https://media.spreadthesign.com/video/mp4/10/155883.mp4,trastorno por déficit de atención e hiperactividad,salud-y-medicina
/fr.fr/word/18878/trastorno-psicomotor/0/?q=trastorno+psicomotor,https://media.spreadthesign.com/video/mp4/10/266305.mp4,trastorno psicomotor,salud-y-medicina
/fr.fr/word/8558/trastornos-del-lenguaje/0/?q=trastornos+del+lenguaje,https://media.spreadthesign.com/video/mp4/10/187009.mp4,trastornos del lenguaje,salud-y-medicina
/fr.fr/word/3191/tratamiento/0/?q=tratamiento,https://media.spreadthesign.com/video/mp4/10/29719.mp4,tratamiento,salud-y-medicina
/fr.fr/word/7360/trillizos/0/?q=trillizos,https://media.spreadthesign.com/video/mp4/10/283660.mp4,trillizos,salud-y-medicina
/fr.fr/word/7371/tuberculosis/0/?q=tuberculosis,https://media.spreadthesign.com/video/mp4/10/284912.mp4,tuberculosis,salud-y-medicina
/fr.fr/word/7374/tumor/0/?q=tumor,https://media.spreadthesign.com/video/mp4/10/283673.mp4,tumor,salud-y-medicina
/fr.fr/word/12984/tactil/0/?q=t%C3%A1ctil,https://media.spreadthesign.com/video/mp4/10/282893.mp4,táctil,salud-y-medicina
/fr.fr/word/5857/tecnico-de-rayos-x/0/?q=t%C3%A9cnico+de+rayos+X,https://media.spreadthesign.com/video/mp4/10/189267.mp4,técnico de rayos X,salud-y-medicina
/fr.fr/word/9428/tecnico-sanitario/0/?q=t%C3%A9cnico+sanitario,https://media.spreadthesign.com/video/mp4/10/187072.mp4,técnico sanitario,salud-y-medicina
/fr.fr/word/11868/toxico/0/?q=t%C3%B3xico,https://media.spreadthesign.com/video/mp4/10/283609.mp4,tóxico,salud-y-medicina
/fr.fr/word/5872/unisex/0/?q=unisex,https://media.spreadthesign.com/video/mp4/10/283727.mp4,unisex,salud-y-medicina
/fr.fr/word/7569/urgencias/0/?q=urgencias,https://media.spreadthesign.com/video/mp4/10/185827.mp4,urgencias,salud-y-medicina
/fr.fr/word/7824/usuario/0/?q=usuario,https://media.spreadthesign.com/video/mp4/10/283763.mp4,usuario,salud-y-medicina
/fr.fr/word/3804/vacuna/0/?q=vacuna,https://media.spreadthesign.com/video/mp4/10/34352.mp4,vacuna,salud-y-medicina
/fr.fr/word/11499/vacuna/0/?q=vacuna,https://media.spreadthesign.com/video/mp4/10/284950.mp4,vacuna,salud-y-medicina
/fr.fr/word/3776/vacunacion/0/?q=vacunaci%C3%B3n,https://media.spreadthesign.com/video/mp4/10/34125.mp4,vacunación,salud-y-medicina
/fr.fr/word/1807/vagina/0/?q=vagina,https://media.spreadthesign.com/video/mp4/10/17969.mp4,vagina,salud-y-medicina
/fr.fr/word/9062/vehiculo-de-urgencias/0/?q=veh%C3%ADculo+de+urgencias,https://media.spreadthesign.com/video/mp4/10/282707.mp4,vehículo de urgencias,salud-y-medicina
/fr.fr/word/3790/vendaje/0/?q=vendaje,https://media.spreadthesign.com/video/mp4/10/34238.mp4,vendaje,salud-y-medicina
/fr.fr/word/5931/vicio/0/?q=vicio,https://media.spreadthesign.com/video/mp4/10/259809.mp4,vicio,salud-y-medicina
/fr.fr/word/5835/vigor/0/?q=vigor,https://media.spreadthesign.com/video/mp4/10/283810.mp4,vigor,salud-y-medicina
/fr.fr/word/6768/vih/0/?q=VIH,https://media.spreadthesign.com/video/mp4/10/256952.mp4,VIH,salud-y-medicina
/fr.fr/word/5841/virgen/0/?q=virgen,https://media.spreadthesign.com/video/mp4/10/283812.mp4,virgen,salud-y-medicina
/fr.fr/word/3749/virus/0/?q=virus,https://media.spreadthesign.com/video/mp4/10/33931.mp4,virus,salud-y-medicina
/fr.fr/word/9295/visita-medica-a-domicilio/0/?q=visita+m%C3%A9dica+a+domicilio,https://media.spreadthesign.com/video/mp4/10/185701.mp4,visita médica a domicilio,salud-y-medicina
/fr.fr/word/2506/visualizacion/0/?q=visualizaci%C3%B3n,https://media.spreadthesign.com/video/mp4/10/24345.mp4,visualización,salud-y-medicina
/fr.fr/word/13037/visualizar/0/?q=visualizar,https://media.spreadthesign.com/video/mp4/10/283824.mp4,visualizar,salud-y-medicina
/fr.fr/word/2818/vitamina/0/?q=vitamina,https://media.spreadthesign.com/video/mp4/10/26768.mp4,vitamina,salud-y-medicina
/fr.fr/word/5848/vitamina-c/0/?q=vitamina+c,https://media.spreadthesign.com/video/mp4/10/267110.mp4,vitamina c,salud-y-medicina
/fr.fr/word/453/vivir/0/?q=vivir,https://media.spreadthesign.com/video/mp4/10/4459.mp4,vivir,salud-y-medicina
/fr.fr/word/1791/vivo/0/?q=vivo,https://media.spreadthesign.com/video/mp4/10/17814.mp4,vivo,salud-y-medicina
/fr.fr/word/20394/vertigo/0/?q=v%C3%A9rtigo,https://media.spreadthesign.com/video/mp4/10/266873.mp4,vértigo,salud-y-medicina
/fr.fr/word/1779/vomito/0/?q=v%C3%B3mito,https://media.spreadthesign.com/video/mp4/10/17707.mp4,vómito,salud-y-medicina
/fr.fr/word/20419/xenofobia/0/?q=xenofobia,https://media.spreadthesign.com/video/mp4/10/284061.mp4,xenofobia,salud-y-medicina
/fr.fr/word/4001/xenofobo/0/?q=xen%C3%B3fobo,https://media.spreadthesign.com/video/mp4/10/35525.mp4,xenófobo,salud-y-medicina
/fr.fr/word/7116/optico/0/?q=%C3%B3ptico,https://media.spreadthesign.com/video/mp4/10/187423.mp4,óptico,salud-y-medicina
/fr.fr/word/11846/ovulo/0/?q=%C3%B3vulo,https://media.spreadthesign.com/video/mp4/10/187462.mp4,óvulo,salud-y-medicina
/fr.fr/word/700/pastel-de-manzana/0/?q=pastel+de+manzana,https://media.spreadthesign.com/video/mp4/10/6991.mp4,pastel de manzana,alimentos-y-bebidas
/fr.fr/word/7073/magdalena/0/?q=magdalena,https://media.spreadthesign.com/video/mp4/10/180432.mp4,magdalena,alimentos-y-bebidas
/fr.fr/word/707/alcachofa/0/?q=alcachofa,https://media.spreadthesign.com/video/mp4/10/7061.mp4,alcachofa,alimentos-y-bebidas
/fr.fr/word/704/jefe-de-sector/0/?q=jefe+de+sector,https://media.spreadthesign.com/video/mp4/10/7033.mp4,jefe de sector,alimentos-y-bebidas
/fr.fr/word/7012/algodon-de-azucar/0/?q=algod%C3%B3n+de+az%C3%BAcar,https://media.spreadthesign.com/video/mp4/10/156533.mp4,algodón de azúcar,alimentos-y-bebidas
/fr.fr/word/701/albaricoque/0/?q=albaricoque,https://media.spreadthesign.com/video/mp4/10/7003.mp4,albaricoque,alimentos-y-bebidas
/fr.fr/word/708/pedir-la-carta/0/?q=pedir+la+carta,https://media.spreadthesign.com/video/mp4/10/7063.mp4,pedir la carta,alimentos-y-bebidas
/fr.fr/word/705/aroma/0/?q=aroma,https://media.spreadthesign.com/video/mp4/10/7036.mp4,aroma,alimentos-y-bebidas
/fr.fr/word/702/delantal/0/?q=delantal,https://media.spreadthesign.com/video/mp4/10/7005.mp4,delantal,alimentos-y-bebidas
/fr.fr/word/709/esparrago/0/?q=esp%C3%A1rrago,https://media.spreadthesign.com/video/mp4/10/7079.mp4,espárrago,alimentos-y-bebidas
/fr.fr/word/7064/costra/0/?q=costra,https://media.spreadthesign.com/video/mp4/10/180425.mp4,costra,alimentos-y-bebidas
/fr.fr/word/7033/galleta-salada/0/?q=galleta+salada,https://media.spreadthesign.com/video/mp4/10/180399.mp4,galleta salada,alimentos-y-bebidas
/fr.fr/word/703/aquavit/0/?q=aquavit,https://media.spreadthesign.com/video/mp4/10/7022.mp4,aquavit,alimentos-y-bebidas
/fr.fr/word/7704/hacer-dieta/0/?q=hacer+dieta,https://media.spreadthesign.com/video/mp4/10/185614.mp4,hacer dieta,alimentos-y-bebidas
/fr.fr/word/7700/patata-asada/0/?q=patata+asada,https://media.spreadthesign.com/video/mp4/10/259812.mp4,patata asada,alimentos-y-bebidas
/fr.fr/word/770/mantequilla/0/?q=mantequilla,https://media.spreadthesign.com/video/mp4/10/7705.mp4,mantequilla,alimentos-y-bebidas
/fr.fr/word/774/bizcocho/0/?q=bizcocho,https://media.spreadthesign.com/video/mp4/10/7750.mp4,bizcocho,alimentos-y-bebidas
/fr.fr/word/771/crema-de-mantequilla/0/?q=crema+de+mantequilla,https://media.spreadthesign.com/video/mp4/10/7719.mp4,crema de mantequilla,alimentos-y-bebidas
/fr.fr/word/7781/morcilla/0/?q=morcilla,https://media.spreadthesign.com/video/mp4/10/281593.mp4,morcilla,alimentos-y-bebidas
/fr.fr/word/775/lata/0/?q=lata+,https://media.spreadthesign.com/video/mp4/10/7757.mp4,lata ,alimentos-y-bebidas
/fr.fr/word/772/repollo/0/?q=repollo,https://media.spreadthesign.com/video/mp4/10/7723.mp4,repollo,alimentos-y-bebidas
/fr.fr/word/779/cafe-capuchino/0/?q=cafe+capuchino,https://media.spreadthesign.com/video/mp4/10/7794.mp4,cafe capuchino,alimentos-y-bebidas
/fr.fr/word/773/cafeteria/0/?q=cafeter%C3%ADa,https://media.spreadthesign.com/video/mp4/10/7735.mp4,cafetería,alimentos-y-bebidas
/fr.fr/word/7489/salsa/0/?q=salsa,https://media.spreadthesign.com/video/mp4/10/186419.mp4,salsa,alimentos-y-bebidas
/fr.fr/word/7454/copa/0/?q=copa,https://media.spreadthesign.com/video/mp4/10/186381.mp4,copa,alimentos-y-bebidas
/fr.fr/word/745/queso-azul/0/?q=queso+azul,https://media.spreadthesign.com/video/mp4/10/7443.mp4,queso azul,alimentos-y-bebidas
/fr.fr/word/7453/devorar/0/?q=devorar,https://media.spreadthesign.com/video/mp4/10/284159.mp4,devorar,alimentos-y-bebidas
/fr.fr/word/742/pimienta-negra/0/?q=pimienta+negra,https://media.spreadthesign.com/video/mp4/10/7418.mp4,pimienta negra,alimentos-y-bebidas
/fr.fr/word/747/reducir/0/?q=reducir,https://media.spreadthesign.com/video/mp4/10/7469.mp4,reducir,alimentos-y-bebidas
/fr.fr/word/7409/triturador-de-basura/0/?q=triturador+de+basura,https://media.spreadthesign.com/video/mp4/10/186291.mp4,triturador de basura,alimentos-y-bebidas
/fr.fr/word/7490/grasa/0/?q=grasa,https://media.spreadthesign.com/video/mp4/10/186420.mp4,grasa,alimentos-y-bebidas
/fr.fr/word/7492/pimiento-verde/0/?q=pimiento+verde,https://media.spreadthesign.com/video/mp4/10/256883.mp4,pimiento verde,alimentos-y-bebidas
/fr.fr/word/749/huevo-cocido/0/?q=huevo+cocido,https://media.spreadthesign.com/video/mp4/10/7485.mp4,huevo cocido,alimentos-y-bebidas
/fr.fr/word/746/cocer/0/?q=cocer,https://media.spreadthesign.com/video/mp4/10/7454.mp4,cocer,alimentos-y-bebidas
/fr.fr/word/7106/aros-de-cebolla/0/?q=aros+de+cebolla,https://media.spreadthesign.com/video/mp4/10/187410.mp4,aros de cebolla,alimentos-y-bebidas
/fr.fr/word/710/aspic/0/?q=%C3%A1spic,https://media.spreadthesign.com/video/mp4/10/7091.mp4,áspic,alimentos-y-bebidas
/fr.fr/word/717/hornear-una-tarta/0/?q=hornear+una+tarta,https://media.spreadthesign.com/video/mp4/10/7156.mp4,hornear una tarta,alimentos-y-bebidas
/fr.fr/word/7140/horno/0/?q=horno,https://media.spreadthesign.com/video/mp4/10/187447.mp4,horno,alimentos-y-bebidas
/fr.fr/word/7184/tarta/0/?q=tarta,https://media.spreadthesign.com/video/mp4/10/188925.mp4,tarta,alimentos-y-bebidas
/fr.fr/word/718/levadura-en-polvo/0/?q=levadura+en+polvo,https://media.spreadthesign.com/video/mp4/10/7174.mp4,levadura en polvo,alimentos-y-bebidas
/fr.fr/word/715/al-bano-maria/0/?q=al+ba%C3%B1o+mar%C3%ADa,https://media.spreadthesign.com/video/mp4/10/7142.mp4,al baño maría,alimentos-y-bebidas
/fr.fr/word/712/berenjena/0/?q=berenjena,https://media.spreadthesign.com/video/mp4/10/7111.mp4,berenjena,alimentos-y-bebidas
/fr.fr/word/719/bandeja-del-horno/0/?q=bandeja+del+horno,https://media.spreadthesign.com/video/mp4/10/7184.mp4,bandeja del horno,alimentos-y-bebidas
/fr.fr/word/7168/taco/0/?q=taco,https://media.spreadthesign.com/video/mp4/10/188911.mp4,taco,alimentos-y-bebidas
/fr.fr/word/716/hornear/0/?q=hornear,https://media.spreadthesign.com/video/mp4/10/7153.mp4,hornear,alimentos-y-bebidas
/fr.fr/word/713/bacon/0/?q=bac%C3%B3n,https://media.spreadthesign.com/video/mp4/10/7123.mp4,bacón,alimentos-y-bebidas
/fr.fr/word/780/caramelo/0/?q=caramelo,https://media.spreadthesign.com/video/mp4/10/7810.mp4,caramelo,alimentos-y-bebidas
/fr.fr/word/788/cereal/0/?q=cereal,https://media.spreadthesign.com/video/mp4/10/7891.mp4,cereal,alimentos-y-bebidas
/fr.fr/word/7828/cerveceria/0/?q=cervecer%C3%ADa,https://media.spreadthesign.com/video/mp4/10/158371.mp4,cervecería,alimentos-y-bebidas
/fr.fr/word/785/coliflor/0/?q=coliflor,https://media.spreadthesign.com/video/mp4/10/7858.mp4,coliflor,alimentos-y-bebidas
/fr.fr/word/781/trinchar/0/?q=trinchar,https://media.spreadthesign.com/video/mp4/10/7815.mp4,trinchar,alimentos-y-bebidas
/fr.fr/word/7865/coca-cola/0/?q=coca-cola,https://media.spreadthesign.com/video/mp4/10/158729.mp4,coca-cola,alimentos-y-bebidas
/fr.fr/word/786/apio/0/?q=apio,https://media.spreadthesign.com/video/mp4/10/7875.mp4,apio,alimentos-y-bebidas
/fr.fr/word/7573/sin-alcohol/0/?q=sin+alcohol,https://media.spreadthesign.com/video/mp4/10/266047.mp4,sin alcohol,alimentos-y-bebidas
/fr.fr/word/757/nuez-de-brasil/0/?q=nuez+de+brasil,https://media.spreadthesign.com/video/mp4/10/7570.mp4,nuez de brasil,alimentos-y-bebidas
/fr.fr/word/754/estofar/0/?q=estofar,https://media.spreadthesign.com/video/mp4/10/7541.mp4,estofar,alimentos-y-bebidas
/fr.fr/word/7519/engullir/0/?q=engullir,https://media.spreadthesign.com/video/mp4/10/156475.mp4,engullir,alimentos-y-bebidas
/fr.fr/word/751/consome/0/?q=consom%C3%A9,https://media.spreadthesign.com/video/mp4/10/7506.mp4,consomé,alimentos-y-bebidas
/fr.fr/word/758/licor-de-cana-de-azucar-brasileno/0/?q=licor+de+ca%C3%B1a+de+az%C3%BAcar+brasile%C3%B1o,https://media.spreadthesign.com/video/mp4/10/7580.mp4,licor de caña de azúcar brasileño,alimentos-y-bebidas
/fr.fr/word/7520/goma-de-mascar/0/?q=goma+de+mascar,https://media.spreadthesign.com/video/mp4/10/158608.mp4,goma de mascar,alimentos-y-bebidas
/fr.fr/word/752/cuenco/0/?q=cuenco,https://media.spreadthesign.com/video/mp4/10/7519.mp4,cuenco,alimentos-y-bebidas
/fr.fr/word/759/pan/0/?q=pan,https://media.spreadthesign.com/video/mp4/10/7595.mp4,pan,alimentos-y-bebidas
/fr.fr/word/756/conac/0/?q=co%C3%B1ac,https://media.spreadthesign.com/video/mp4/10/7567.mp4,coñac,alimentos-y-bebidas
/fr.fr/word/720/platano/0/?q=pl%C3%A1tano,https://media.spreadthesign.com/video/mp4/10/7188.mp4,plátano,alimentos-y-bebidas
/fr.fr/word/727/laurel/0/?q=laurel,https://media.spreadthesign.com/video/mp4/10/7267.mp4,laurel,alimentos-y-bebidas
/fr.fr/word/721/barbacoa/0/?q=barbacoa,https://media.spreadthesign.com/video/mp4/10/7204.mp4,barbacoa,alimentos-y-bebidas
/fr.fr/word/7281/horno-tostador/0/?q=horno+tostador,https://media.spreadthesign.com/video/mp4/10/189006.mp4,horno tostador,alimentos-y-bebidas
/fr.fr/word/728/salsa-bechamel/0/?q=salsa+bechamel,https://media.spreadthesign.com/video/mp4/10/7278.mp4,salsa bechamel,alimentos-y-bebidas
/fr.fr/word/725/pringar/0/?q=pringar,https://media.spreadthesign.com/video/mp4/10/7248.mp4,pringar,alimentos-y-bebidas
/fr.fr/word/7229/termo/0/?q=termo,https://media.spreadthesign.com/video/mp4/10/188979.mp4,termo,alimentos-y-bebidas
/fr.fr/word/726/masa-de-harina/0/?q=masa+de+harina,https://media.spreadthesign.com/video/mp4/10/7251.mp4,masa de harina,alimentos-y-bebidas
/fr.fr/word/723/albahaca/0/?q=albahaca,https://media.spreadthesign.com/video/mp4/10/7219.mp4,albahaca,alimentos-y-bebidas
/fr.fr/word/7904/eneldo/0/?q=eneldo,https://media.spreadthesign.com/video/mp4/10/185623.mp4,eneldo,alimentos-y-bebidas
/fr.fr/word/790/champan/0/?q=champ%C3%A1n,https://media.spreadthesign.com/video/mp4/10/7911.mp4,champán,alimentos-y-bebidas
/fr.fr/word/797/masticar/0/?q=masticar,https://media.spreadthesign.com/video/mp4/10/7981.mp4,masticar,alimentos-y-bebidas
/fr.fr/word/794/cereza/0/?q=cereza,https://media.spreadthesign.com/video/mp4/10/7951.mp4,cereza,alimentos-y-bebidas
/fr.fr/word/798/pollo/0/?q=pollo,https://media.spreadthesign.com/video/mp4/10/7997.mp4,pollo,alimentos-y-bebidas
/fr.fr/word/795/pechuga/0/?q=pechuga,https://media.spreadthesign.com/video/mp4/10/7966.mp4,pechuga,alimentos-y-bebidas
/fr.fr/word/799/pechuga-de-pollo/0/?q=pechuga+de+pollo,https://media.spreadthesign.com/video/mp4/10/8001.mp4,pechuga de pollo,alimentos-y-bebidas
/fr.fr/word/7966/dulce/0/?q=dulce,https://media.spreadthesign.com/video/mp4/10/266752.mp4,dulce,alimentos-y-bebidas
/fr.fr/word/796/castana/0/?q=casta%C3%B1a,https://media.spreadthesign.com/video/mp4/10/7971.mp4,castaña,alimentos-y-bebidas
/fr.fr/word/7931/mojar/0/?q=mojar,https://media.spreadthesign.com/video/mp4/10/282362.mp4,mojar,alimentos-y-bebidas
/fr.fr/word/793/jefe-de-cocina/0/?q=jefe+de+cocina,https://media.spreadthesign.com/video/mp4/10/7940.mp4,jefe de cocina,alimentos-y-bebidas
/fr.fr/word/768/coles-de-bruselas/0/?q=coles+de+bruselas,https://media.spreadthesign.com/video/mp4/10/7688.mp4,coles de bruselas,alimentos-y-bebidas
/fr.fr/word/762/brecol/0/?q=br%C3%A9col,https://media.spreadthesign.com/video/mp4/10/7628.mp4,brécol,alimentos-y-bebidas
/fr.fr/word/767/dorar/0/?q=dorar,https://media.spreadthesign.com/video/mp4/10/7673.mp4,dorar,alimentos-y-bebidas
/fr.fr/word/764/caldo/0/?q=caldo,https://media.spreadthesign.com/video/mp4/10/7643.mp4,caldo,alimentos-y-bebidas
/fr.fr/word/7695/baguette/0/?q=baguette,https://media.spreadthesign.com/video/mp4/10/259810.mp4,baguette,alimentos-y-bebidas
/fr.fr/word/766/arroz-integral/0/?q=arroz+integral,https://media.spreadthesign.com/video/mp4/10/7661.mp4,arroz integral,alimentos-y-bebidas
/fr.fr/word/763/a-la-brasa/0/?q=a+la+brasa,https://media.spreadthesign.com/video/mp4/10/7631.mp4,a la brasa,alimentos-y-bebidas
/fr.fr/word/734/bebida/0/?q=bebida,https://media.spreadthesign.com/video/mp4/10/7339.mp4,bebida,alimentos-y-bebidas
/fr.fr/word/7343/bandeja/0/?q=bandeja,https://media.spreadthesign.com/video/mp4/10/189066.mp4,bandeja,alimentos-y-bebidas
/fr.fr/word/731/carne-de-vaca/0/?q=carne+de+vaca,https://media.spreadthesign.com/video/mp4/10/7310.mp4,carne de vaca,alimentos-y-bebidas
/fr.fr/word/738/galleta/0/?q=galleta,https://media.spreadthesign.com/video/mp4/10/7372.mp4,galleta,alimentos-y-bebidas
/fr.fr/word/735/la-cuenta/0/?q=la+cuenta,https://media.spreadthesign.com/video/mp4/10/7342.mp4,la cuenta,alimentos-y-bebidas
/fr.fr/word/732/estofado-de-vaca/0/?q=estofado+de+vaca,https://media.spreadthesign.com/video/mp4/10/7312.mp4,estofado de vaca,alimentos-y-bebidas
/fr.fr/word/739/molde-para-hacer-galletas/0/?q=molde+para+hacer+galletas,https://media.spreadthesign.com/video/mp4/10/7387.mp4,molde para hacer galletas,alimentos-y-bebidas
/fr.fr/word/733/cerveza/0/?q=cerveza,https://media.spreadthesign.com/video/mp4/10/7329.mp4,cerveza,alimentos-y-bebidas
/fr.fr/word/4701/grano/0/?q=grano,https://media.spreadthesign.com/video/mp4/10/39690.mp4,grano,alimentos-y-bebidas
/fr.fr/word/4740/cebada/0/?q=cebada,https://media.spreadthesign.com/video/mp4/10/39935.mp4,cebada,alimentos-y-bebidas
/fr.fr/word/4745/arandano-azul/0/?q=ar%C3%A1ndano+azul,https://media.spreadthesign.com/video/mp4/10/39966.mp4,arándano azul,alimentos-y-bebidas
/fr.fr/word/4742/maiz/0/?q=ma%C3%ADz,https://media.spreadthesign.com/video/mp4/10/39945.mp4,maíz,alimentos-y-bebidas
/fr.fr/word/4747/grosella-roja/0/?q=grosella+roja,https://media.spreadthesign.com/video/mp4/10/39977.mp4,grosella roja,alimentos-y-bebidas
/fr.fr/word/4744/mora/0/?q=mora,https://media.spreadthesign.com/video/mp4/10/39959.mp4,mora,alimentos-y-bebidas
/fr.fr/word/4746/fresa-silvestre/0/?q=fresa+silvestre,https://media.spreadthesign.com/video/mp4/10/39974.mp4,fresa silvestre,alimentos-y-bebidas
/fr.fr/word/4743/grosella-negra/0/?q=grosella+negra,https://media.spreadthesign.com/video/mp4/10/39952.mp4,grosella negra,alimentos-y-bebidas
/fr.fr/word/4751/trigo-rubion/0/?q=trigo+rubi%C3%B3n,https://media.spreadthesign.com/video/mp4/10/40002.mp4,trigo rubión,alimentos-y-bebidas
/fr.fr/word/18551/pimiento-amarillo/0/?q=pimiento+amarillo,https://media.spreadthesign.com/video/mp4/10/284065.mp4,pimiento amarillo,alimentos-y-bebidas
/fr.fr/word/18552/azucar-moreno/0/?q=az%C3%BAcar+moreno,https://media.spreadthesign.com/video/mp4/10/284066.mp4,azúcar moreno,alimentos-y-bebidas
/fr.fr/word/18250/naranja-clementina/0/?q=naranja+clementina,https://media.spreadthesign.com/video/mp4/10/264742.mp4,naranja clementina,alimentos-y-bebidas
/fr.fr/word/18246/tarta-de-zanahoria/0/?q=tarta+de+zanahoria,https://media.spreadthesign.com/video/mp4/10/264694.mp4,tarta de zanahoria,alimentos-y-bebidas
/fr.fr/word/18247/sopa-de-zanahoria/0/?q=sopa+de+zanahoria,https://media.spreadthesign.com/video/mp4/10/264695.mp4,sopa de zanahoria,alimentos-y-bebidas
/fr.fr/word/18291/alimentos-preparados/0/?q=alimentos+preparados,https://media.spreadthesign.com/video/mp4/10/267037.mp4,alimentos preparados,alimentos-y-bebidas
/fr.fr/word/18238/te-negro/0/?q=t%C3%A9+negro,https://media.spreadthesign.com/video/mp4/10/259864.mp4,té negro,alimentos-y-bebidas
/fr.fr/word/18237/judia-negra/0/?q=jud%C3%ADa+negra,https://media.spreadthesign.com/video/mp4/10/259863.mp4,judía negra,alimentos-y-bebidas
/fr.fr/word/18949/vino-anejo/0/?q=vino+a%C3%B1ejo,https://media.spreadthesign.com/video/mp4/10/285230.mp4,vino añejo,alimentos-y-bebidas
/fr.fr/word/18609/utensilios-de-cocina/0/?q=utensilios+de+cocina,https://media.spreadthesign.com/video/mp4/10/281873.mp4,utensilios de cocina,alimentos-y-bebidas
/fr.fr/word/18628/tortilla-espanola/0/?q=tortilla+espa%C3%B1ola,https://media.spreadthesign.com/video/mp4/10/282119.mp4,tortilla española,alimentos-y-bebidas
/fr.fr/word/18621/paella/0/?q=paella,https://media.spreadthesign.com/video/mp4/10/285529.mp4,paella,alimentos-y-bebidas
/fr.fr/word/18629/rollito-de-primavera/0/?q=rollito+de+primavera,https://media.spreadthesign.com/video/mp4/10/282150.mp4,rollito de primavera,alimentos-y-bebidas
/fr.fr/word/18615/gastronomia/0/?q=gastronom%C3%ADa,https://media.spreadthesign.com/video/mp4/10/284138.mp4,gastronomía,alimentos-y-bebidas
/fr.fr/word/18617/roscon-de-reyes/0/?q=rosc%C3%B3n+de+reyes,https://media.spreadthesign.com/video/mp4/10/265806.mp4,roscón de reyes,alimentos-y-bebidas
/fr.fr/word/18614/frutero/0/?q=frutero,https://media.spreadthesign.com/video/mp4/10/255454.mp4,frutero,alimentos-y-bebidas
/fr.fr/word/18611/agua-potable/0/?q=agua+potable,https://media.spreadthesign.com/video/mp4/10/282650.mp4,agua potable,alimentos-y-bebidas
/fr.fr/word/18633/origen-vegetal/0/?q=origen+vegetal,https://media.spreadthesign.com/video/mp4/10/283783.mp4,origen vegetal,alimentos-y-bebidas
/fr.fr/word/18357/higos-secos/0/?q=higos+secos,https://media.spreadthesign.com/video/mp4/10/284820.mp4,higos secos,alimentos-y-bebidas
/fr.fr/word/18363/fruta-seca/0/?q=fruta+seca,https://media.spreadthesign.com/video/mp4/10/282655.mp4,fruta seca,alimentos-y-bebidas
/fr.fr/word/1200/escurridor/0/?q=escurridor,https://media.spreadthesign.com/video/mp4/10/11957.mp4,escurridor,alimentos-y-bebidas
/fr.fr/word/1207/vino-dulce/0/?q=vino+dulce,https://media.spreadthesign.com/video/mp4/10/12012.mp4,vino dulce,alimentos-y-bebidas
/fr.fr/word/1204/cena/0/?q=cena,https://media.spreadthesign.com/video/mp4/10/11984.mp4,cena,alimentos-y-bebidas
/fr.fr/word/1201/paja/0/?q=paja,https://media.spreadthesign.com/video/mp4/10/11958.mp4,paja,alimentos-y-bebidas
/fr.fr/word/1208/sacarina/0/?q=sacarina,https://media.spreadthesign.com/video/mp4/10/188899.mp4,sacarina,alimentos-y-bebidas
/fr.fr/word/1205/dulce/0/?q=dulce,https://media.spreadthesign.com/video/mp4/10/11996.mp4,dulce,alimentos-y-bebidas
/fr.fr/word/1202/fresa/0/?q=fresa,https://media.spreadthesign.com/video/mp4/10/11970.mp4,fresa,alimentos-y-bebidas
/fr.fr/word/1209/dulces/0/?q=dulces,https://media.spreadthesign.com/video/mp4/10/12037.mp4,dulces,alimentos-y-bebidas
/fr.fr/word/1206/almendra-dulce/0/?q=almendra+dulce,https://media.spreadthesign.com/video/mp4/10/12010.mp4,almendra dulce,alimentos-y-bebidas
/fr.fr/word/1203/azucar/0/?q=az%C3%BAcar,https://media.spreadthesign.com/video/mp4/10/11983.mp4,azúcar,alimentos-y-bebidas
/fr.fr/word/1277/levadura/0/?q=levadura,https://media.spreadthesign.com/video/mp4/10/12630.mp4,levadura,alimentos-y-bebidas
/fr.fr/word/1274/botellero/0/?q=botellero,https://media.spreadthesign.com/video/mp4/10/158516.mp4,botellero,alimentos-y-bebidas
/fr.fr/word/1271/nata-montada/0/?q=nata+montada,https://media.spreadthesign.com/video/mp4/10/12579.mp4,nata montada,alimentos-y-bebidas
/fr.fr/word/1278/yogur/0/?q=yogur,https://media.spreadthesign.com/video/mp4/10/12636.mp4,yogur,alimentos-y-bebidas
/fr.fr/word/1275/vinagre-de-vino/0/?q=vinagre+de+vino,https://media.spreadthesign.com/video/mp4/10/12608.mp4,vinagre de vino,alimentos-y-bebidas
/fr.fr/word/1272/varillas/0/?q=varillas,https://media.spreadthesign.com/video/mp4/10/12585.mp4,varillas,alimentos-y-bebidas
/fr.fr/word/1279/yema-de-huevo/0/?q=yema+de+huevo,https://media.spreadthesign.com/video/mp4/10/12649.mp4,yema de huevo,alimentos-y-bebidas
/fr.fr/word/1276/cuchara-de-madera/0/?q=cuchara+de+madera,https://media.spreadthesign.com/video/mp4/10/12622.mp4,cuchara de madera,alimentos-y-bebidas
/fr.fr/word/1273/vino-blanco/0/?q=vino+blanco,https://media.spreadthesign.com/video/mp4/10/12598.mp4,vino blanco,alimentos-y-bebidas
/fr.fr/word/1245/sopera/0/?q=sopera,https://media.spreadthesign.com/video/mp4/10/12353.mp4,sopera,alimentos-y-bebidas
/fr.fr/word/1244/atun/0/?q=at%C3%BAn,https://media.spreadthesign.com/video/mp4/10/12338.mp4,atún,alimentos-y-bebidas
/fr.fr/word/1246/carne-de-pavo/0/?q=carne+de+pavo+,https://media.spreadthesign.com/video/mp4/10/12355.mp4,carne de pavo ,alimentos-y-bebidas
/fr.fr/word/1243/trufa/0/?q=trufa,https://media.spreadthesign.com/video/mp4/10/283665.mp4,trufa,alimentos-y-bebidas
/fr.fr/word/1218/tierno/0/?q=tierno,https://media.spreadthesign.com/video/mp4/10/12119.mp4,tierno,alimentos-y-bebidas
/fr.fr/word/1215/te/0/?q=t%C3%A9,https://media.spreadthesign.com/video/mp4/10/12092.mp4,té,alimentos-y-bebidas
/fr.fr/word/1217/cucharilla-de-te/0/?q=cucharilla+de+t%C3%A9,https://media.spreadthesign.com/video/mp4/10/12106.mp4,cucharilla de té,alimentos-y-bebidas
/fr.fr/word/12142/calentamiento/0/?q=calentamiento,https://media.spreadthesign.com/video/mp4/10/186533.mp4,calentamiento,alimentos-y-bebidas
/fr.fr/word/1214/sabor/0/?q=sabor,https://media.spreadthesign.com/video/mp4/10/12076.mp4,sabor,alimentos-y-bebidas
/fr.fr/word/1211/mantel/0/?q=mantel,https://media.spreadthesign.com/video/mp4/10/12051.mp4,mantel,alimentos-y-bebidas
/fr.fr/word/1216/tetera/0/?q=tetera,https://media.spreadthesign.com/video/mp4/10/12093.mp4,tetera,alimentos-y-bebidas
/fr.fr/word/1219/termometro/0/?q=term%C3%B3metro,https://media.spreadthesign.com/video/mp4/10/12120.mp4,termómetro,alimentos-y-bebidas
/fr.fr/word/1250/descorchar/0/?q=descorchar,https://media.spreadthesign.com/video/mp4/10/12389.mp4,descorchar,alimentos-y-bebidas
/fr.fr/word/1257/fideos/0/?q=fideos,https://media.spreadthesign.com/video/mp4/10/12459.mp4,fideos,alimentos-y-bebidas
/fr.fr/word/1254/vainilla/0/?q=vainilla,https://media.spreadthesign.com/video/mp4/10/12432.mp4,vainilla,alimentos-y-bebidas
/fr.fr/word/1258/vinagre/0/?q=vinagre,https://media.spreadthesign.com/video/mp4/10/12460.mp4,vinagre,alimentos-y-bebidas
/fr.fr/word/1255/ternera/0/?q=ternera,https://media.spreadthesign.com/video/mp4/10/12433.mp4,ternera,alimentos-y-bebidas
/fr.fr/word/1259/camarero/0/?q=camarero,https://media.spreadthesign.com/video/mp4/10/12470.mp4,camarero,alimentos-y-bebidas
/fr.fr/word/1256/vegetal/0/?q=vegetal,https://media.spreadthesign.com/video/mp4/10/12443.mp4,vegetal,alimentos-y-bebidas
/fr.fr/word/1253/fecha-de-caducidad/0/?q=fecha+de+caducidad,https://media.spreadthesign.com/video/mp4/10/12418.mp4,fecha de caducidad,alimentos-y-bebidas
/fr.fr/word/1228/desayunar/0/?q=desayunar,https://media.spreadthesign.com/video/mp4/10/12201.mp4,desayunar,alimentos-y-bebidas
/fr.fr/word/1225/conservas/0/?q=conservas,https://media.spreadthesign.com/video/mp4/10/12174.mp4,conservas,alimentos-y-bebidas
/fr.fr/word/1220/espesar/0/?q=espesar,https://media.spreadthesign.com/video/mp4/10/12131.mp4,espesar,alimentos-y-bebidas
/fr.fr/word/1224/abrelatas/0/?q=abrelatas,https://media.spreadthesign.com/video/mp4/10/12173.mp4,abrelatas,alimentos-y-bebidas
/fr.fr/word/1229/cenar/0/?q=cenar,https://media.spreadthesign.com/video/mp4/10/12213.mp4,cenar,alimentos-y-bebidas
/fr.fr/word/1221/tomillo/0/?q=tomillo,https://media.spreadthesign.com/video/mp4/10/12146.mp4,tomillo,alimentos-y-bebidas
/fr.fr/word/1223/lata/0/?q=lata,https://media.spreadthesign.com/video/mp4/10/12159.mp4,lata,alimentos-y-bebidas
/fr.fr/word/1268/bien-hecho/0/?q=bien+hecho,https://media.spreadthesign.com/video/mp4/10/12553.mp4,bien hecho,alimentos-y-bebidas
/fr.fr/word/1265/agua/0/?q=agua,https://media.spreadthesign.com/video/mp4/10/12529.mp4,agua,alimentos-y-bebidas
/fr.fr/word/1260/camarera/0/?q=camarera,https://media.spreadthesign.com/video/mp4/10/12486.mp4,camarera,alimentos-y-bebidas
/fr.fr/word/1269/trigo/0/?q=trigo,https://media.spreadthesign.com/video/mp4/10/12558.mp4,trigo,alimentos-y-bebidas
/fr.fr/word/1230/almorzar/0/?q=almorzar,https://media.spreadthesign.com/video/mp4/10/12226.mp4,almorzar,alimentos-y-bebidas
/fr.fr/word/1238/caramelo-toffee/0/?q=caramelo+toffee,https://media.spreadthesign.com/video/mp4/10/12289.mp4,caramelo toffee,alimentos-y-bebidas
/fr.fr/word/1235/tostada/0/?q=tostada,https://media.spreadthesign.com/video/mp4/10/12263.mp4,tostada,alimentos-y-bebidas
/fr.fr/word/1237/tostadora/0/?q=tostadora,https://media.spreadthesign.com/video/mp4/10/12279.mp4,tostadora,alimentos-y-bebidas
/fr.fr/word/1231/tomar-algo-para-cenar/0/?q=tomar+algo+para+cenar,https://media.spreadthesign.com/video/mp4/10/12227.mp4,tomar algo para cenar,alimentos-y-bebidas
/fr.fr/word/1239/tomate/0/?q=tomate,https://media.spreadthesign.com/video/mp4/10/12304.mp4,tomate,alimentos-y-bebidas
/fr.fr/word/1986/picnic/0/?q=p%C3%ADcnic,https://media.spreadthesign.com/video/mp4/10/19739.mp4,pícnic,alimentos-y-bebidas
/fr.fr/word/19179/agua-del-grifo/0/?q=agua+del+grifo,https://media.spreadthesign.com/video/mp4/10/282909.mp4,agua del grifo,alimentos-y-bebidas
/fr.fr/word/1631/judia/0/?q=jud%C3%ADa,https://media.spreadthesign.com/video/mp4/10/16214.mp4,judía,alimentos-y-bebidas
/fr.fr/word/800/sopa-de-pollo-con-pasta/0/?q=sopa+de+pollo+con+pasta,https://media.spreadthesign.com/video/mp4/10/8012.mp4,sopa de pollo con pasta,alimentos-y-bebidas
/fr.fr/word/807/canela/0/?q=canela,https://media.spreadthesign.com/video/mp4/10/8089.mp4,canela,alimentos-y-bebidas
/fr.fr/word/8047/filete-de-cerdo/0/?q=filete+de+cerdo,https://media.spreadthesign.com/video/mp4/10/186091.mp4,filete de cerdo,alimentos-y-bebidas
/fr.fr/word/804/chocolate/0/?q=chocolate,https://media.spreadthesign.com/video/mp4/10/8059.mp4,chocolate,alimentos-y-bebidas
/fr.fr/word/801/salsa-de-chile/0/?q=salsa+de+chile,https://media.spreadthesign.com/video/mp4/10/8027.mp4,salsa de chile,alimentos-y-bebidas
/fr.fr/word/8084/plato-de-fruta/0/?q=plato+de+fruta,https://media.spreadthesign.com/video/mp4/10/284122.mp4,plato de fruta,alimentos-y-bebidas
/fr.fr/word/808/almeja/0/?q=almeja,https://media.spreadthesign.com/video/mp4/10/8102.mp4,almeja,alimentos-y-bebidas
/fr.fr/word/805/cortar/0/?q=cortar,https://media.spreadthesign.com/video/mp4/10/8070.mp4,cortar,alimentos-y-bebidas
/fr.fr/word/806/sidra/0/?q=sidra,https://media.spreadthesign.com/video/mp4/10/8074.mp4,sidra,alimentos-y-bebidas
/fr.fr/word/803/mousse-de-chocolate/0/?q=mousse+de+chocolate,https://media.spreadthesign.com/video/mp4/10/8043.mp4,mousse de chocolate,alimentos-y-bebidas
/fr.fr/word/870/masa/0/?q=masa,https://media.spreadthesign.com/video/mp4/10/8730.mp4,masa,alimentos-y-bebidas
/fr.fr/word/878/vino-seco/0/?q=vino+seco,https://media.spreadthesign.com/video/mp4/10/8815.mp4,vino seco,alimentos-y-bebidas
/fr.fr/word/847/curry/0/?q=curry,https://media.spreadthesign.com/video/mp4/10/8502.mp4,curry,alimentos-y-bebidas
/fr.fr/word/844/taza-de-cafe/0/?q=taza+de+caf%C3%A9,https://media.spreadthesign.com/video/mp4/10/8471.mp4,taza de café,alimentos-y-bebidas
/fr.fr/word/841/pepino/0/?q=pepino,https://media.spreadthesign.com/video/mp4/10/8439.mp4,pepino,alimentos-y-bebidas
/fr.fr/word/848/natillas/0/?q=natillas,https://media.spreadthesign.com/video/mp4/10/8512.mp4,natillas,alimentos-y-bebidas
/fr.fr/word/845/taza-de-te/0/?q=taza+de+t%C3%A9,https://media.spreadthesign.com/video/mp4/10/8478.mp4,taza de té,alimentos-y-bebidas
/fr.fr/word/842/comino/0/?q=comino,https://media.spreadthesign.com/video/mp4/10/8445.mp4,comino,alimentos-y-bebidas
/fr.fr/word/846/cuajar/0/?q=cuajar,https://media.spreadthesign.com/video/mp4/10/8485.mp4,cuajar,alimentos-y-bebidas
/fr.fr/word/843/taza/0/?q=taza,https://media.spreadthesign.com/video/mp4/10/8456.mp4,taza,alimentos-y-bebidas
/fr.fr/word/818/cafe/0/?q=caf%C3%A9,https://media.spreadthesign.com/video/mp4/10/8208.mp4,café,alimentos-y-bebidas
/fr.fr/word/815/cacao/0/?q=cacao,https://media.spreadthesign.com/video/mp4/10/8176.mp4,cacao,alimentos-y-bebidas
/fr.fr/word/817/bacalao/0/?q=bacalao,https://media.spreadthesign.com/video/mp4/10/8196.mp4,bacalao,alimentos-y-bebidas
/fr.fr/word/814/coctelera/0/?q=coctelera,https://media.spreadthesign.com/video/mp4/10/8163.mp4,coctelera,alimentos-y-bebidas
/fr.fr/word/8195/gratinado/0/?q=gratinado,https://media.spreadthesign.com/video/mp4/10/186416.mp4,gratinado,alimentos-y-bebidas
/fr.fr/word/819/cucharilla-de-cafe/0/?q=cucharilla+de+caf%C3%A9,https://media.spreadthesign.com/video/mp4/10/8211.mp4,cucharilla de café,alimentos-y-bebidas
/fr.fr/word/816/coco/0/?q=coco,https://media.spreadthesign.com/video/mp4/10/8179.mp4,coco,alimentos-y-bebidas
/fr.fr/word/813/coctel/0/?q=c%C3%B3ctel,https://media.spreadthesign.com/video/mp4/10/8146.mp4,cóctel,alimentos-y-bebidas
/fr.fr/word/888/batidora-electrica/0/?q=batidora+el%C3%A9ctrica,https://media.spreadthesign.com/video/mp4/10/8914.mp4,batidora eléctrica,alimentos-y-bebidas
/fr.fr/word/880/comer/0/?q=comer,https://media.spreadthesign.com/video/mp4/10/8841.mp4,comer,alimentos-y-bebidas
/fr.fr/word/887/varillas/0/?q=varillas,https://media.spreadthesign.com/video/mp4/10/8904.mp4,varillas,alimentos-y-bebidas
/fr.fr/word/884/huevo/0/?q=huevo,https://media.spreadthesign.com/video/mp4/10/8875.mp4,huevo,alimentos-y-bebidas
/fr.fr/word/881/ebullicion/0/?q=ebullici%C3%B3n,https://media.spreadthesign.com/video/mp4/10/8846.mp4,ebullición,alimentos-y-bebidas
/fr.fr/word/886/cascara-de-huevo/0/?q=c%C3%A1scara+de+huevo,https://media.spreadthesign.com/video/mp4/10/8899.mp4,cáscara de huevo,alimentos-y-bebidas
/fr.fr/word/883/anguila/0/?q=anguila,https://media.spreadthesign.com/video/mp4/10/8871.mp4,anguila,alimentos-y-bebidas
/fr.fr/word/852/cubiertos/0/?q=cubiertos,https://media.spreadthesign.com/video/mp4/10/8543.mp4,cubiertos,alimentos-y-bebidas
/fr.fr/word/85/cuchillo/0/?q=cuchillo,https://media.spreadthesign.com/video/mp4/10/840.mp4,cuchillo,alimentos-y-bebidas
/fr.fr/word/854/tabla-de-cortar/0/?q=tabla+de+cortar,https://media.spreadthesign.com/video/mp4/10/8571.mp4,tabla de cortar,alimentos-y-bebidas
/fr.fr/word/859/postre/0/?q=postre,https://media.spreadthesign.com/video/mp4/10/8624.mp4,postre,alimentos-y-bebidas
/fr.fr/word/853/chuleta/0/?q=chuleta,https://media.spreadthesign.com/video/mp4/10/8561.mp4,chuleta,alimentos-y-bebidas
/fr.fr/word/820/escurridor/0/?q=escurridor,https://media.spreadthesign.com/video/mp4/10/8224.mp4,escurridor,alimentos-y-bebidas
/fr.fr/word/827/bebida-fria/0/?q=bebida+fr%C3%ADa,https://media.spreadthesign.com/video/mp4/10/8302.mp4,bebida fría,alimentos-y-bebidas
/fr.fr/word/8245/aguardiente/0/?q=aguardiente,https://media.spreadthesign.com/video/mp4/10/284263.mp4,aguardiente,alimentos-y-bebidas
/fr.fr/word/824/cookie/0/?q=cookie,https://media.spreadthesign.com/video/mp4/10/8269.mp4,cookie,alimentos-y-bebidas
/fr.fr/word/821/combinacion/0/?q=combinaci%C3%B3n,https://media.spreadthesign.com/video/mp4/10/8239.mp4,combinación,alimentos-y-bebidas
/fr.fr/word/828/cilantro/0/?q=cilantro,https://media.spreadthesign.com/video/mp4/10/8304.mp4,cilantro,alimentos-y-bebidas
/fr.fr/word/825/bateria-de-cocina/0/?q=bater%C3%ADa+de+cocina,https://media.spreadthesign.com/video/mp4/10/8273.mp4,batería de cocina,alimentos-y-bebidas
/fr.fr/word/822/cocinar/0/?q=cocinar,https://media.spreadthesign.com/video/mp4/10/8243.mp4,cocinar,alimentos-y-bebidas
/fr.fr/word/829/sacacorchos/0/?q=sacacorchos,https://media.spreadthesign.com/video/mp4/10/8322.mp4,sacacorchos,alimentos-y-bebidas
/fr.fr/word/823/culinario/0/?q=culinario,https://media.spreadthesign.com/video/mp4/10/8254.mp4,culinario,alimentos-y-bebidas
/fr.fr/word/8909/alimentar/0/?q=alimentar,https://media.spreadthesign.com/video/mp4/10/282785.mp4,alimentar,alimentos-y-bebidas
/fr.fr/word/897/hinojo/0/?q=hinojo,https://media.spreadthesign.com/video/mp4/10/186039.mp4,hinojo,alimentos-y-bebidas
/fr.fr/word/894/escalope/0/?q=escalope,https://media.spreadthesign.com/video/mp4/10/8972.mp4,escalope,alimentos-y-bebidas
/fr.fr/word/8981/robot-de-cocina/0/?q=robot+de+cocina,https://media.spreadthesign.com/video/mp4/10/186168.mp4,robot de cocina,alimentos-y-bebidas
/fr.fr/word/898/higo/0/?q=higo,https://media.spreadthesign.com/video/mp4/10/9018.mp4,higo,alimentos-y-bebidas
/fr.fr/word/899/fuego/0/?q=fuego,https://media.spreadthesign.com/video/mp4/10/9023.mp4,fuego,alimentos-y-bebidas
/fr.fr/word/8962/sabor/0/?q=sabor,https://media.spreadthesign.com/video/mp4/10/186149.mp4,sabor,alimentos-y-bebidas
/fr.fr/word/896/grasa/0/?q=grasa,https://media.spreadthesign.com/video/mp4/10/8994.mp4,grasa,alimentos-y-bebidas
/fr.fr/word/893/entrecot/0/?q=entrecot,https://media.spreadthesign.com/video/mp4/10/8963.mp4,entrecot,alimentos-y-bebidas
/fr.fr/word/860/cuchillo-de-postre/0/?q=cuchillo+de+postre,https://media.spreadthesign.com/video/mp4/10/8629.mp4,cuchillo de postre,alimentos-y-bebidas
/fr.fr/word/862/cortar-en-dados/0/?q=cortar+en+dados,https://media.spreadthesign.com/video/mp4/10/8653.mp4,cortar en dados,alimentos-y-bebidas
/fr.fr/word/867/plato-del-dia/0/?q=plato+del+d%C3%ADa,https://media.spreadthesign.com/video/mp4/10/8699.mp4,plato del día,alimentos-y-bebidas
/fr.fr/word/861/cuchara-de-postre/0/?q=cuchara+de+postre,https://media.spreadthesign.com/video/mp4/10/8638.mp4,cuchara de postre,alimentos-y-bebidas
/fr.fr/word/866/plato/0/?q=plato,https://media.spreadthesign.com/video/mp4/10/8696.mp4,plato,alimentos-y-bebidas
/fr.fr/word/863/dieta/0/?q=dieta,https://media.spreadthesign.com/video/mp4/10/8658.mp4,dieta,alimentos-y-bebidas
/fr.fr/word/830/maiz/0/?q=maiz,https://media.spreadthesign.com/video/mp4/10/8324.mp4,maiz,alimentos-y-bebidas
/fr.fr/word/837/cruasan/0/?q=cruas%C3%A1n,https://media.spreadthesign.com/video/mp4/10/8397.mp4,cruasán,alimentos-y-bebidas
/fr.fr/word/834/cigala/0/?q=cigala,https://media.spreadthesign.com/video/mp4/10/8365.mp4,cigala,alimentos-y-bebidas
/fr.fr/word/8319/red-bull/0/?q=Red+Bull,https://media.spreadthesign.com/video/mp4/10/188167.mp4,Red Bull,alimentos-y-bebidas
/fr.fr/word/838/migas/0/?q=migas,https://media.spreadthesign.com/video/mp4/10/8413.mp4,migas,alimentos-y-bebidas
/fr.fr/word/835/nata/0/?q=nata,https://media.spreadthesign.com/video/mp4/10/8381.mp4,nata,alimentos-y-bebidas
/fr.fr/word/8359/bebida-energetica/0/?q=bebida+energ%C3%A9tica,https://media.spreadthesign.com/video/mp4/10/156671.mp4,bebida energética,alimentos-y-bebidas
/fr.fr/word/8356/brindar/0/?q=brindar,https://media.spreadthesign.com/video/mp4/10/156669.mp4,brindar,alimentos-y-bebidas
/fr.fr/word/8351/delicioso/0/?q=delicioso,https://media.spreadthesign.com/video/mp4/10/180489.mp4,delicioso,alimentos-y-bebidas
/fr.fr/word/8320/red-bull-cola/0/?q=Red+Bull+Cola,https://media.spreadthesign.com/video/mp4/10/188166.mp4,Red Bull Cola,alimentos-y-bebidas
/fr.fr/word/832/cangrejo/0/?q=cangrejo,https://media.spreadthesign.com/video/mp4/10/8352.mp4,cangrejo,alimentos-y-bebidas
/fr.fr/word/836/biscote/0/?q=biscote,https://media.spreadthesign.com/video/mp4/10/8387.mp4,biscote,alimentos-y-bebidas
/fr.fr/word/580/sed/0/?q=sed,https://media.spreadthesign.com/video/mp4/10/5744.mp4,sed,alimentos-y-bebidas
/fr.fr/word/5803/escurrir/0/?q=escurrir,https://media.spreadthesign.com/video/mp4/10/284056.mp4,escurrir,alimentos-y-bebidas
/fr.fr/word/5818/olla-al-vapor-para-verdura/0/?q=olla+al+vapor+para+verdura,https://media.spreadthesign.com/video/mp4/10/189185.mp4,olla al vapor para verdura,alimentos-y-bebidas
/fr.fr/word/5817/pelaverduras/0/?q=pelaverduras,https://media.spreadthesign.com/video/mp4/10/189183.mp4,pelaverduras,alimentos-y-bebidas
/fr.fr/word/5706/botella-de-agua/0/?q=botella+de+agua,https://media.spreadthesign.com/video/mp4/10/158359.mp4,botella de agua,alimentos-y-bebidas
/fr.fr/word/5707/fuente-de-agua/0/?q=fuente+de+agua,https://media.spreadthesign.com/video/mp4/10/189161.mp4,fuente de agua,alimentos-y-bebidas
/fr.fr/word/5755/whisky/0/?q=whisky,https://media.spreadthesign.com/video/mp4/10/267106.mp4,whisky,alimentos-y-bebidas
/fr.fr/word/5772/vino/0/?q=vino,https://media.spreadthesign.com/video/mp4/10/266915.mp4,vino,alimentos-y-bebidas
/fr.fr/word/5711/sandia/0/?q=sand%C3%ADa,https://media.spreadthesign.com/video/mp4/10/283880.mp4,sandía,alimentos-y-bebidas
/fr.fr/word/5762/salchicha-de-frankfurt/0/?q=salchicha+de+frankfurt,https://media.spreadthesign.com/video/mp4/10/189214.mp4,salchicha de frankfurt,alimentos-y-bebidas
/fr.fr/word/5952/banquete/0/?q=banquete,https://media.spreadthesign.com/video/mp4/10/156526.mp4,banquete,alimentos-y-bebidas
/fr.fr/word/5957/parrilla-de-barbacoa/0/?q=parrilla+de+barbacoa,https://media.spreadthesign.com/video/mp4/10/259820.mp4,parrilla de barbacoa,alimentos-y-bebidas
/fr.fr/word/5912/preparado-para-biberon/0/?q=preparado+para+biber%C3%B3n,https://media.spreadthesign.com/video/mp4/10/169349.mp4,preparado para biberón,alimentos-y-bebidas
/fr.fr/word/5933/rosquilla/0/?q=rosquilla,https://media.spreadthesign.com/video/mp4/10/169368.mp4,rosquilla,alimentos-y-bebidas
/fr.fr/word/5936/panaderia/0/?q=panader%C3%ADa,https://media.spreadthesign.com/video/mp4/10/158352.mp4,panadería,alimentos-y-bebidas
/fr.fr/word/5937/molde/0/?q=molde,https://media.spreadthesign.com/video/mp4/10/169370.mp4,molde,alimentos-y-bebidas
/fr.fr/word/5680/plancha-para-hacer-gofres/0/?q=plancha+para+hacer+gofres,https://media.spreadthesign.com/video/mp4/10/189137.mp4,plancha para hacer gofres,alimentos-y-bebidas
/fr.fr/word/5660/desengrasar/0/?q=desengrasar,https://media.spreadthesign.com/video/mp4/10/180488.mp4,desengrasar,alimentos-y-bebidas
/fr.fr/word/5679/gofre/0/?q=gofre,https://media.spreadthesign.com/video/mp4/10/189138.mp4,gofre,alimentos-y-bebidas
/fr.fr/word/535/restaurante/0/?q=restaurante,https://media.spreadthesign.com/video/mp4/10/5289.mp4,restaurante,alimentos-y-bebidas
/fr.fr/word/20534/piruleta/0/?q=piruleta,https://media.spreadthesign.com/video/mp4/10/265881.mp4,piruleta,alimentos-y-bebidas
/fr.fr/word/2492/diluir/0/?q=diluir,https://media.spreadthesign.com/video/mp4/10/42523.mp4,diluir,alimentos-y-bebidas
/fr.fr/word/2640/calefaccion/0/?q=calefacci%C3%B3n,https://media.spreadthesign.com/video/mp4/10/25339.mp4,calefacción,alimentos-y-bebidas
/fr.fr/word/2354/emulsion/0/?q=emulsi%C3%B3n,https://media.spreadthesign.com/video/mp4/10/42616.mp4,emulsión,alimentos-y-bebidas
/fr.fr/word/900/pescado/0/?q=pescado,https://media.spreadthesign.com/video/mp4/10/9034.mp4,pescado,alimentos-y-bebidas
/fr.fr/word/9003/patatas-fritas/0/?q=patatas+fritas,https://media.spreadthesign.com/video/mp4/10/186210.mp4,patatas fritas,alimentos-y-bebidas
/fr.fr/word/907/alimentos/0/?q=alimentos,https://media.spreadthesign.com/video/mp4/10/9109.mp4,alimentos,alimentos-y-bebidas
/fr.fr/word/904/termo/0/?q=termo,https://media.spreadthesign.com/video/mp4/10/186144.mp4,termo,alimentos-y-bebidas
/fr.fr/word/901/flambeado/0/?q=flambeado,https://media.spreadthesign.com/video/mp4/10/9049.mp4,flambeado,alimentos-y-bebidas
/fr.fr/word/908/alergia-alimentaria/0/?q=alergia+alimentaria,https://media.spreadthesign.com/video/mp4/10/9115.mp4,alergia alimentaria,alimentos-y-bebidas
/fr.fr/word/905/harina/0/?q=harina,https://media.spreadthesign.com/video/mp4/10/9082.mp4,harina,alimentos-y-bebidas
/fr.fr/word/909/tenedor/0/?q=tenedor,https://media.spreadthesign.com/video/mp4/10/9125.mp4,tenedor,alimentos-y-bebidas
/fr.fr/word/906/enharinar/0/?q=enharinar,https://media.spreadthesign.com/video/mp4/10/9094.mp4,enharinar,alimentos-y-bebidas
/fr.fr/word/970/cocina/0/?q=cocina,https://media.spreadthesign.com/video/mp4/10/9723.mp4,cocina,alimentos-y-bebidas
/fr.fr/word/977/puerro/0/?q=puerro,https://media.spreadthesign.com/video/mp4/10/9786.mp4,puerro,alimentos-y-bebidas
/fr.fr/word/974/cazo-de-servir/0/?q=cazo+de+servir,https://media.spreadthesign.com/video/mp4/10/9758.mp4,cazo de servir,alimentos-y-bebidas
/fr.fr/word/971/ayudante-de-cocina/0/?q=ayudante+de+cocina,https://media.spreadthesign.com/video/mp4/10/9728.mp4,ayudante de cocina,alimentos-y-bebidas
/fr.fr/word/978/limon/0/?q=lim%C3%B3n,https://media.spreadthesign.com/video/mp4/10/9796.mp4,limón,alimentos-y-bebidas
/fr.fr/word/972/kiwi/0/?q=kiwi,https://media.spreadthesign.com/video/mp4/10/9739.mp4,kiwi,alimentos-y-bebidas
/fr.fr/word/979/exprimidor-de-limones/0/?q=exprimidor+de+limones,https://media.spreadthesign.com/video/mp4/10/9810.mp4,exprimidor de limones,alimentos-y-bebidas
/fr.fr/word/976/poner-la-mesa/0/?q=poner+la+mesa,https://media.spreadthesign.com/video/mp4/10/9782.mp4,poner la mesa,alimentos-y-bebidas
/fr.fr/word/973/amasar/0/?q=amasar,https://media.spreadthesign.com/video/mp4/10/9752.mp4,amasar,alimentos-y-bebidas
/fr.fr/word/947/avellana/0/?q=avellana,https://media.spreadthesign.com/video/mp4/10/9503.mp4,avellana,alimentos-y-bebidas
/fr.fr/word/944/hamburguesa/0/?q=hamburguesa,https://media.spreadthesign.com/video/mp4/10/9466.mp4,hamburguesa,alimentos-y-bebidas
/fr.fr/word/9418/picadora-de-carne/0/?q=picadora+de+carne,https://media.spreadthesign.com/video/mp4/10/187064.mp4,picadora de carne,alimentos-y-bebidas
/fr.fr/word/9415/comida/0/?q=comida,https://media.spreadthesign.com/video/mp4/10/187060.mp4,comida,alimentos-y-bebidas
/fr.fr/word/9417/medidor/0/?q=medidor,https://media.spreadthesign.com/video/mp4/10/187063.mp4,medidor,alimentos-y-bebidas
/fr.fr/word/941/merluza/0/?q=merluza,https://media.spreadthesign.com/video/mp4/10/9443.mp4,merluza,alimentos-y-bebidas
/fr.fr/word/945/huevo-duro/0/?q=huevo+duro,https://media.spreadthesign.com/video/mp4/10/9475.mp4,huevo duro,alimentos-y-bebidas
/fr.fr/word/949/hierba-aromatica/0/?q=hierba+arom%C3%A1tica,https://media.spreadthesign.com/video/mp4/10/9522.mp4,hierba aromática,alimentos-y-bebidas
/fr.fr/word/9465/carne-picada/0/?q=carne+picada,https://media.spreadthesign.com/video/mp4/10/285291.mp4,carne picada,alimentos-y-bebidas
/fr.fr/word/946/judia-verde/0/?q=jud%C3%ADa+verde,https://media.spreadthesign.com/video/mp4/10/9491.mp4,judía verde,alimentos-y-bebidas
/fr.fr/word/9432/al-punto/0/?q=al+punto,https://media.spreadthesign.com/video/mp4/10/187074.mp4,al punto,alimentos-y-bebidas
/fr.fr/word/943/jamon/0/?q=jam%C3%B3n,https://media.spreadthesign.com/video/mp4/10/9463.mp4,jamón,alimentos-y-bebidas
/fr.fr/word/917/fruta/0/?q=fruta,https://media.spreadthesign.com/video/mp4/10/9209.mp4,fruta,alimentos-y-bebidas
/fr.fr/word/914/refrigerador/0/?q=refrigerador,https://media.spreadthesign.com/video/mp4/10/9179.mp4,refrigerador,alimentos-y-bebidas
/fr.fr/word/911/congelador/0/?q=congelador,https://media.spreadthesign.com/video/mp4/10/9150.mp4,congelador,alimentos-y-bebidas
/fr.fr/word/918/zumo-de-fruta/0/?q=zumo+de+fruta,https://media.spreadthesign.com/video/mp4/10/9210.mp4,zumo de fruta,alimentos-y-bebidas
/fr.fr/word/915/huevo-frito/0/?q=huevo+frito,https://media.spreadthesign.com/video/mp4/10/9180.mp4,huevo frito,alimentos-y-bebidas
/fr.fr/word/919/ensalada-de-frutas/0/?q=ensalada+de+frutas,https://media.spreadthesign.com/video/mp4/10/9228.mp4,ensalada de frutas,alimentos-y-bebidas
/fr.fr/word/916/comida-congelada/0/?q=comida+congelada,https://media.spreadthesign.com/video/mp4/10/9198.mp4,comida congelada,alimentos-y-bebidas
/fr.fr/word/913/fricase/0/?q=fricas%C3%A9,https://media.spreadthesign.com/video/mp4/10/186246.mp4,fricasé,alimentos-y-bebidas
/fr.fr/word/988/hogaza/0/?q=hogaza,https://media.spreadthesign.com/video/mp4/10/9898.mp4,hogaza,alimentos-y-bebidas
/fr.fr/word/985/licor/0/?q=licor,https://media.spreadthesign.com/video/mp4/10/9867.mp4,licor,alimentos-y-bebidas
/fr.fr/word/982/lechuga/0/?q=lechuga,https://media.spreadthesign.com/video/mp4/10/9839.mp4,lechuga,alimentos-y-bebidas
/fr.fr/word/980/limonada/0/?q=limonada,https://media.spreadthesign.com/video/mp4/10/285133.mp4,limonada,alimentos-y-bebidas
/fr.fr/word/989/langosta/0/?q=langosta,https://media.spreadthesign.com/video/mp4/10/9903.mp4,langosta,alimentos-y-bebidas
/fr.fr/word/981/lenteja/0/?q=lenteja,https://media.spreadthesign.com/video/mp4/10/9823.mp4,lenteja,alimentos-y-bebidas
/fr.fr/word/9578/noodle/0/?q=noodle,https://media.spreadthesign.com/video/mp4/10/187297.mp4,noodle,alimentos-y-bebidas
/fr.fr/word/9575/sorbo/0/?q=sorbo,https://media.spreadthesign.com/video/mp4/10/285404.mp4,sorbo,alimentos-y-bebidas
/fr.fr/word/954/rabano/0/?q=r%C3%A1bano,https://media.spreadthesign.com/video/mp4/10/186629.mp4,rábano,alimentos-y-bebidas
/fr.fr/word/9519/tazon/0/?q=taz%C3%B3n,https://media.spreadthesign.com/video/mp4/10/187171.mp4,tazón,alimentos-y-bebidas
/fr.fr/word/958/salsa-picante/0/?q=salsa+picante,https://media.spreadthesign.com/video/mp4/10/9606.mp4,salsa picante,alimentos-y-bebidas
/fr.fr/word/955/chocolate-caliente/0/?q=chocolate+caliente,https://media.spreadthesign.com/video/mp4/10/9578.mp4,chocolate caliente,alimentos-y-bebidas
/fr.fr/word/9525/masticar-ruidosamente/0/?q=masticar+ruidosamente,https://media.spreadthesign.com/video/mp4/10/285342.mp4,masticar ruidosamente,alimentos-y-bebidas
/fr.fr/word/952/casero/0/?q=casero,https://media.spreadthesign.com/video/mp4/10/9548.mp4,casero,alimentos-y-bebidas
/fr.fr/word/959/hielo/0/?q=hielo,https://media.spreadthesign.com/video/mp4/10/9611.mp4,hielo,alimentos-y-bebidas
/fr.fr/word/956/perrito-caliente/0/?q=perrito+caliente,https://media.spreadthesign.com/video/mp4/10/9587.mp4,perrito caliente,alimentos-y-bebidas
/fr.fr/word/953/miel/0/?q=miel,https://media.spreadthesign.com/video/mp4/10/9552.mp4,miel,alimentos-y-bebidas
/fr.fr/word/927/cocina-de-gas/0/?q=cocina+de+gas,https://media.spreadthesign.com/video/mp4/10/9297.mp4,cocina de gas,alimentos-y-bebidas
/fr.fr/word/924/jamon-de-york/0/?q=jam%C3%B3n+de+york,https://media.spreadthesign.com/video/mp4/10/9267.mp4,jamón de york,alimentos-y-bebidas
/fr.fr/word/921/sarten/0/?q=sart%C3%A9n,https://media.spreadthesign.com/video/mp4/10/9239.mp4,sartén,alimentos-y-bebidas
/fr.fr/word/9257/cenar/0/?q=cenar,https://media.spreadthesign.com/video/mp4/10/185626.mp4,cenar,alimentos-y-bebidas
/fr.fr/word/925/ajo/0/?q=ajo,https://media.spreadthesign.com/video/mp4/10/9285.mp4,ajo,alimentos-y-bebidas
/fr.fr/word/9259/cucharon/0/?q=cuchar%C3%B3n,https://media.spreadthesign.com/video/mp4/10/282363.mp4,cucharón,alimentos-y-bebidas
/fr.fr/word/922/embudo/0/?q=embudo,https://media.spreadthesign.com/video/mp4/10/9256.mp4,embudo,alimentos-y-bebidas
/fr.fr/word/929/vaso/0/?q=vaso,https://media.spreadthesign.com/video/mp4/10/9325.mp4,vaso,alimentos-y-bebidas
/fr.fr/word/926/guarnicion/0/?q=guarnici%C3%B3n,https://media.spreadthesign.com/video/mp4/10/9295.mp4,guarnición,alimentos-y-bebidas
/fr.fr/word/990/lomo-de-cerdo/0/?q=lomo+de+cerdo,https://media.spreadthesign.com/video/mp4/10/9913.mp4,lomo de cerdo,alimentos-y-bebidas
/fr.fr/word/997/hacer-una-reserva/0/?q=hacer+una+reserva,https://media.spreadthesign.com/video/mp4/10/9986.mp4,hacer una reserva,alimentos-y-bebidas
/fr.fr/word/991/terron-de-azucar/0/?q=terr%C3%B3n+de+azucar,https://media.spreadthesign.com/video/mp4/10/9928.mp4,terrón de azucar,alimentos-y-bebidas
/fr.fr/word/998/mango/0/?q=mango,https://media.spreadthesign.com/video/mp4/10/9989.mp4,mango,alimentos-y-bebidas
/fr.fr/word/999/margarina/0/?q=margarina,https://media.spreadthesign.com/video/mp4/10/10000.mp4,margarina,alimentos-y-bebidas
/fr.fr/word/996/plato-principal/0/?q=plato+principal,https://media.spreadthesign.com/video/mp4/10/9971.mp4,plato principal,alimentos-y-bebidas
/fr.fr/word/993/macarrones/0/?q=macarrones,https://media.spreadthesign.com/video/mp4/10/9943.mp4,macarrones,alimentos-y-bebidas
/fr.fr/word/960/helado/0/?q=helado,https://media.spreadthesign.com/video/mp4/10/9622.mp4,helado,alimentos-y-bebidas
/fr.fr/word/967/hervidor/0/?q=hervidor,https://media.spreadthesign.com/video/mp4/10/9695.mp4,hervidor,alimentos-y-bebidas
/fr.fr/word/964/gelatina/0/?q=gelatina,https://media.spreadthesign.com/video/mp4/10/9665.mp4,gelatina,alimentos-y-bebidas
/fr.fr/word/961/infusion/0/?q=infusi%C3%B3n,https://media.spreadthesign.com/video/mp4/10/9636.mp4,infusión,alimentos-y-bebidas
/fr.fr/word/968/rinon/0/?q=ri%C3%B1%C3%B3n,https://media.spreadthesign.com/video/mp4/10/186997.mp4,riñón,alimentos-y-bebidas
/fr.fr/word/965/jarra/0/?q=jarra,https://media.spreadthesign.com/video/mp4/10/9670.mp4,jarra,alimentos-y-bebidas
/fr.fr/word/962/mermelada/0/?q=mermelada,https://media.spreadthesign.com/video/mp4/10/9642.mp4,mermelada,alimentos-y-bebidas
/fr.fr/word/966/zumo/0/?q=zumo,https://media.spreadthesign.com/video/mp4/10/9680.mp4,zumo,alimentos-y-bebidas
/fr.fr/word/963/tarro/0/?q=tarro,https://media.spreadthesign.com/video/mp4/10/285079.mp4,tarro,alimentos-y-bebidas
/fr.fr/word/930/ganso/0/?q=ganso,https://media.spreadthesign.com/video/mp4/10/9326.mp4,ganso,alimentos-y-bebidas
/fr.fr/word/937/parrilla-de-metal/0/?q=parrilla+de+metal,https://media.spreadthesign.com/video/mp4/10/256886.mp4,parrilla de metal,alimentos-y-bebidas
/fr.fr/word/934/uvas/0/?q=uvas,https://media.spreadthesign.com/video/mp4/10/186412.mp4,uvas,alimentos-y-bebidas
/fr.fr/word/931/grosellas-espinosas/0/?q=grosellas+espinosas,https://media.spreadthesign.com/video/mp4/10/186396.mp4,grosellas espinosas,alimentos-y-bebidas
/fr.fr/word/9355/cubitera/0/?q=cubitera,https://media.spreadthesign.com/video/mp4/10/284934.mp4,cubitera,alimentos-y-bebidas
/fr.fr/word/935/grill/0/?q=grill,https://media.spreadthesign.com/video/mp4/10/9384.mp4,grill,alimentos-y-bebidas
/fr.fr/word/939/a-la-parrilla/0/?q=a+la+parrilla,https://media.spreadthesign.com/video/mp4/10/9416.mp4,a la parrilla,alimentos-y-bebidas
/fr.fr/word/936/rallar/0/?q=rallar,https://media.spreadthesign.com/video/mp4/10/9387.mp4,rallar,alimentos-y-bebidas
/fr.fr/word/933/pomelo/0/?q=pomelo,https://media.spreadthesign.com/video/mp4/10/9357.mp4,pomelo,alimentos-y-bebidas
/fr.fr/word/608/fregadero/0/?q=fregadero,https://media.spreadthesign.com/video/mp4/10/6025.mp4,fregadero,alimentos-y-bebidas
/fr.fr/word/6056/morder/0/?q=morder,https://media.spreadthesign.com/video/mp4/10/259862.mp4,morder,alimentos-y-bebidas
/fr.fr/word/6003/remolacha/0/?q=remolacha,https://media.spreadthesign.com/video/mp4/10/180147.mp4,remolacha,alimentos-y-bebidas
/fr.fr/word/6063/licuadora/0/?q=licuadora,https://media.spreadthesign.com/video/mp4/10/171952.mp4,licuadora,alimentos-y-bebidas
/fr.fr/word/6030/babero/0/?q=babero,https://media.spreadthesign.com/video/mp4/10/156617.mp4,babero,alimentos-y-bebidas
/fr.fr/word/6188/quemador/0/?q=quemador,https://media.spreadthesign.com/video/mp4/10/158394.mp4,quemador,alimentos-y-bebidas
/fr.fr/word/6189/eructar/0/?q=eructar,https://media.spreadthesign.com/video/mp4/10/173728.mp4,eructar,alimentos-y-bebidas
/fr.fr/word/6198/tabla-de-trinchar/0/?q=tabla+de+trinchar,https://media.spreadthesign.com/video/mp4/10/281663.mp4,tabla de trinchar,alimentos-y-bebidas
/fr.fr/word/6175/sandwich-con-un-huevo-frito-en-el-centro/0/?q=s%C3%A1ndwich+con+un+huevo+frito+en+el+centro,https://media.spreadthesign.com/video/mp4/10/281653.mp4,sándwich con un huevo frito en el centro,alimentos-y-bebidas
/fr.fr/word/6113/abrebotellas/0/?q=abrebotellas,https://media.spreadthesign.com/video/mp4/10/281619.mp4,abrebotellas,alimentos-y-bebidas
/fr.fr/word/6168/bufe/0/?q=buf%C3%A9,https://media.spreadthesign.com/video/mp4/10/158420.mp4,bufé,alimentos-y-bebidas
/fr.fr/word/6135/maquina-de-hacer-pan/0/?q=m%C3%A1quina+de+hacer+pan,https://media.spreadthesign.com/video/mp4/10/281628.mp4,máquina de hacer pan,alimentos-y-bebidas
/fr.fr/word/688/porcion-de-tarta/0/?q=porci%C3%B3n+de+tarta,https://media.spreadthesign.com/video/mp4/10/6863.mp4,porción de tarta,alimentos-y-bebidas
/fr.fr/word/6822/coca-cola/0/?q=coca+cola,https://media.spreadthesign.com/video/mp4/10/158727.mp4,coca cola,alimentos-y-bebidas
/fr.fr/word/6512/aguacate/0/?q=aguacate,https://media.spreadthesign.com/video/mp4/10/156499.mp4,aguacate,alimentos-y-bebidas
/fr.fr/word/6520/cubo-del-hielo/0/?q=cubo+del+hielo,https://media.spreadthesign.com/video/mp4/10/284933.mp4,cubo del hielo,alimentos-y-bebidas
/fr.fr/word/6521/heladera/0/?q=heladera,https://media.spreadthesign.com/video/mp4/10/186870.mp4,heladera,alimentos-y-bebidas
/fr.fr/word/6522/picahielos/0/?q=picahielos,https://media.spreadthesign.com/video/mp4/10/186871.mp4,picahielos,alimentos-y-bebidas
/fr.fr/word/6209/cafe/0/?q=caf%C3%A9,https://media.spreadthesign.com/video/mp4/10/158463.mp4,café,alimentos-y-bebidas
/fr.fr/word/6281/salsa-de-tomate-ketchup/0/?q=salsa+de+tomate+ketchup,https://media.spreadthesign.com/video/mp4/10/173837.mp4,salsa de tomate ketchup,alimentos-y-bebidas
/fr.fr/word/6223/caloria/0/?q=calor%C3%ADa,https://media.spreadthesign.com/video/mp4/10/158472.mp4,caloría,alimentos-y-bebidas
/fr.fr/word/6210/camarero/0/?q=camarero,https://media.spreadthesign.com/video/mp4/10/281745.mp4,camarero,alimentos-y-bebidas
/fr.fr/word/6265/zanahoria/0/?q=zanahoria,https://media.spreadthesign.com/video/mp4/10/173830.mp4,zanahoria,alimentos-y-bebidas
/fr.fr/word/6230/abrelatas/0/?q=abrelatas,https://media.spreadthesign.com/video/mp4/10/281673.mp4,abrelatas,alimentos-y-bebidas
/fr.fr/word/6235/golosina/0/?q=golosina,https://media.spreadthesign.com/video/mp4/10/173753.mp4,golosina,alimentos-y-bebidas
/fr.fr/word/6907/ensalada-de-col/0/?q=ensalada+de+col,https://media.spreadthesign.com/video/mp4/10/158737.mp4,ensalada de col,alimentos-y-bebidas
/fr.fr/word/697/apetito/0/?q=apetito,https://media.spreadthesign.com/video/mp4/10/6956.mp4,apetito,alimentos-y-bebidas
/fr.fr/word/694/alcohol/0/?q=alcohol,https://media.spreadthesign.com/video/mp4/10/6925.mp4,alcohol,alimentos-y-bebidas
/fr.fr/word/698/aperitivo/0/?q=aperitivo,https://media.spreadthesign.com/video/mp4/10/6969.mp4,aperitivo,alimentos-y-bebidas
/fr.fr/word/695/almendra/0/?q=almendra,https://media.spreadthesign.com/video/mp4/10/6936.mp4,almendra,alimentos-y-bebidas
/fr.fr/word/699/manzana/0/?q=manzana,https://media.spreadthesign.com/video/mp4/10/6972.mp4,manzana,alimentos-y-bebidas
/fr.fr/word/696/anchoa/0/?q=anchoa,https://media.spreadthesign.com/video/mp4/10/6939.mp4,anchoa,alimentos-y-bebidas
/fr.fr/word/693/anadir-sal-a/0/?q=a%C3%B1adir+sal+a,https://media.spreadthesign.com/video/mp4/10/6908.mp4,añadir sal a,alimentos-y-bebidas
/fr.fr/word/6662/ketchup/0/?q=k%C3%A9tchup,https://media.spreadthesign.com/video/mp4/10/285099.mp4,kétchup,alimentos-y-bebidas
/fr.fr/word/6673/afilador-de-cuchillos/0/?q=afilador+de+cuchillos,https://media.spreadthesign.com/video/mp4/10/156006.mp4,afilador de cuchillos,alimentos-y-bebidas
/fr.fr/word/6329/queso/0/?q=queso,https://media.spreadthesign.com/video/mp4/10/180309.mp4,queso,alimentos-y-bebidas
/fr.fr/word/6379/cuchillo-de-carnicero/0/?q=cuchillo+de+carnicero,https://media.spreadthesign.com/video/mp4/10/173887.mp4,cuchillo de carnicero,alimentos-y-bebidas
/fr.fr/word/6344/chile/0/?q=chile,https://media.spreadthesign.com/video/mp4/10/267036.mp4,chile,alimentos-y-bebidas
/fr.fr/word/6399/cafetera/0/?q=cafetera,https://media.spreadthesign.com/video/mp4/10/173906.mp4,cafetera,alimentos-y-bebidas
/fr.fr/word/6397/filtro-de-cafe/0/?q=filtro+de+caf%C3%A9,https://media.spreadthesign.com/video/mp4/10/173905.mp4,filtro de café,alimentos-y-bebidas
/fr.fr/word/6330/rallador-de-queso/0/?q=rallador+de+queso,https://media.spreadthesign.com/video/mp4/10/173862.mp4,rallador de queso,alimentos-y-bebidas
/fr.fr/word/6331/pala-para-cortar-queso/0/?q=pala+para+cortar+queso,https://media.spreadthesign.com/video/mp4/10/173863.mp4,pala para cortar queso,alimentos-y-bebidas
/fr.fr/word/3751/legumbre/0/?q=legumbre,https://media.spreadthesign.com/video/mp4/10/33941.mp4,legumbre,alimentos-y-bebidas
/fr.fr/word/3756/pericarpio/0/?q=pericarpio,https://media.spreadthesign.com/video/mp4/10/41552.mp4,pericarpio,alimentos-y-bebidas
/fr.fr/word/3716/pulpa/0/?q=pulpa,https://media.spreadthesign.com/video/mp4/10/33678.mp4,pulpa,alimentos-y-bebidas
/fr.fr/word/3761/baya/0/?q=baya,https://media.spreadthesign.com/video/mp4/10/34011.mp4,baya,alimentos-y-bebidas
/fr.fr/word/3446/comedor/0/?q=comedor,https://media.spreadthesign.com/video/mp4/10/31667.mp4,comedor,alimentos-y-bebidas
/fr.fr/word/3493/reserva/0/?q=reserva,https://media.spreadthesign.com/video/mp4/10/32027.mp4,reserva,alimentos-y-bebidas
/fr.fr/word/3869/jarra-medidora/0/?q=jarra+medidora,https://media.spreadthesign.com/video/mp4/10/41547.mp4,jarra medidora,alimentos-y-bebidas
/fr.fr/word/3572/hornillo-de-gas/0/?q=hornillo+de+gas,https://media.spreadthesign.com/video/mp4/10/32589.mp4,hornillo de gas,alimentos-y-bebidas
/fr.fr/word/3548/bodega-de-vinos/0/?q=bodega+de+vinos,https://media.spreadthesign.com/video/mp4/10/32421.mp4,bodega de vinos,alimentos-y-bebidas
/fr.fr/word/3561/expendedor-de-aperitivos/0/?q=expendedor+de+aperitivos,https://media.spreadthesign.com/video/mp4/10/32512.mp4,expendedor de aperitivos,alimentos-y-bebidas
/fr.fr/word/3536/bodega/0/?q=bodega,https://media.spreadthesign.com/video/mp4/10/32339.mp4,bodega,alimentos-y-bebidas
/fr.fr/word/3537/vinedo/0/?q=vi%C3%B1edo,https://media.spreadthesign.com/video/mp4/10/32341.mp4,viñedo,alimentos-y-bebidas
/fr.fr/word/3245/aclarado/0/?q=aclarado,https://media.spreadthesign.com/video/mp4/10/30137.mp4,aclarado,alimentos-y-bebidas
/fr.fr/word/3262/propina/0/?q=propina,https://media.spreadthesign.com/video/mp4/10/30257.mp4,propina,alimentos-y-bebidas
/fr.fr/word/3928/chicle/0/?q=chicle,https://media.spreadthesign.com/video/mp4/10/35158.mp4,chicle,alimentos-y-bebidas
/fr.fr/word/3305/consumicion-minima/0/?q=consumici%C3%B3n+m%C3%ADnima,https://media.spreadthesign.com/video/mp4/10/30586.mp4,consumición mínima,alimentos-y-bebidas
/fr.fr/word/7049/criterio/0/?q=criterio,https://media.spreadthesign.com/video/mp4/10/180413.mp4,criterio,pedagogia
/fr.fr/word/7018/asesoramiento/0/?q=asesoramiento,https://media.spreadthesign.com/video/mp4/10/281897.mp4,asesoramiento,pedagogia
/fr.fr/word/7025/curso/0/?q=curso,https://media.spreadthesign.com/video/mp4/10/264832.mp4,curso,pedagogia
/fr.fr/word/7788/hojear/0/?q=hojear,https://media.spreadthesign.com/video/mp4/10/180301.mp4,hojear,pedagogia
/fr.fr/word/7756/descripcion/0/?q=descripci%C3%B3n,https://media.spreadthesign.com/video/mp4/10/180512.mp4,descripción,pedagogia
/fr.fr/word/7709/ninera/0/?q=ni%C3%B1era,https://media.spreadthesign.com/video/mp4/10/187209.mp4,niñera,pedagogia
/fr.fr/word/7794/deletrear/0/?q=deletrear,https://media.spreadthesign.com/video/mp4/10/282133.mp4,deletrear,pedagogia
/fr.fr/word/773/cafeteria/0/?q=cafeter%C3%ADa,https://media.spreadthesign.com/video/mp4/10/7735.mp4,cafetería,pedagogia
/fr.fr/word/7475/graduar/0/?q=graduar,https://media.spreadthesign.com/video/mp4/10/256877.mp4,graduar,pedagogia
/fr.fr/word/7476/graduacion/0/?q=graduaci%C3%B3n,https://media.spreadthesign.com/video/mp4/10/284166.mp4,graduación,pedagogia
/fr.fr/word/7477/fiesta-de-graduacion/0/?q=fiesta+de+graduaci%C3%B3n,https://media.spreadthesign.com/video/mp4/10/186409.mp4,fiesta de graduación,pedagogia
/fr.fr/word/7144/retroproyector/0/?q=retroproyector,https://media.spreadthesign.com/video/mp4/10/187452.mp4,retroproyector,pedagogia
/fr.fr/word/7127/orientar/0/?q=orientar,https://media.spreadthesign.com/video/mp4/10/285483.mp4,orientar,pedagogia
/fr.fr/word/7814/simulacro-de-incendio/0/?q=simulacro+de+incendio,https://media.spreadthesign.com/video/mp4/10/282812.mp4,simulacro de incendio,pedagogia
/fr.fr/word/7871/diario/0/?q=diario,https://media.spreadthesign.com/video/mp4/10/265735.mp4,diario,pedagogia
/fr.fr/word/7873/guarderia-infantil/0/?q=guarder%C3%ADa+infantil,https://media.spreadthesign.com/video/mp4/10/180455.mp4,guardería infantil,pedagogia
/fr.fr/word/7544/administrador/0/?q=administrador,https://media.spreadthesign.com/video/mp4/10/281007.mp4,administrador,pedagogia
/fr.fr/word/7581/bien-informado/0/?q=bien+informado,https://media.spreadthesign.com/video/mp4/10/156636.mp4,bien informado,pedagogia
/fr.fr/word/7521/gimnasio/0/?q=gimnasio,https://media.spreadthesign.com/video/mp4/10/186436.mp4,gimnasio,pedagogia
/fr.fr/word/7244/carpeta-de-anillas/0/?q=carpeta+de+anillas,https://media.spreadthesign.com/video/mp4/10/158715.mp4,carpeta de anillas,pedagogia
/fr.fr/word/7951/dislexia/0/?q=dislexia,https://media.spreadthesign.com/video/mp4/10/185758.mp4,dislexia,pedagogia
/fr.fr/word/7925/doctorado/0/?q=doctorado,https://media.spreadthesign.com/video/mp4/10/265777.mp4,doctorado,pedagogia
/fr.fr/word/7979/casa-de-huespedes/0/?q=casa+de+hu%C3%A9spedes,https://media.spreadthesign.com/video/mp4/10/171957.mp4,casa de huéspedes,pedagogia
/fr.fr/word/7631/anotar/0/?q=anotar,https://media.spreadthesign.com/video/mp4/10/187310.mp4,anotar,pedagogia
/fr.fr/word/7632/nota/0/?q=nota,https://media.spreadthesign.com/video/mp4/10/266055.mp4,nota,pedagogia
/fr.fr/word/7380/pasar-la-pagina/0/?q=pasar+la+p%C3%A1gina,https://media.spreadthesign.com/video/mp4/10/266842.mp4,pasar la página,pedagogia
/fr.fr/word/4495/e-learning/0/?q=e-learning,https://media.spreadthesign.com/video/mp4/10/38542.mp4,e-learning,pedagogia
/fr.fr/word/4102/texto/0/?q=texto,https://media.spreadthesign.com/video/mp4/10/36023.mp4,texto,pedagogia
/fr.fr/word/415/estudiante/0/?q=estudiante,https://media.spreadthesign.com/video/mp4/10/4066.mp4,estudiante,pedagogia
/fr.fr/word/416/profesor/0/?q=profesor,https://media.spreadthesign.com/video/mp4/10/4084.mp4,profesor,pedagogia
/fr.fr/word/4543/tinta/0/?q=tinta,https://media.spreadthesign.com/video/mp4/10/38805.mp4,tinta,pedagogia
/fr.fr/word/4643/sello-de-caucho/0/?q=sello+de+caucho,https://media.spreadthesign.com/video/mp4/10/39352.mp4,sello de caucho,pedagogia
/fr.fr/word/463/maravilloso/0/?q=maravilloso,https://media.spreadthesign.com/video/mp4/10/4564.mp4,maravilloso,pedagogia
/fr.fr/word/10885/zurrar/0/?q=zurrar,https://media.spreadthesign.com/video/mp4/10/187470.mp4,zurrar,pedagogia
/fr.fr/word/10810/entendido/0/?q=entendido,https://media.spreadthesign.com/video/mp4/10/189112.mp4,entendido,pedagogia
/fr.fr/word/10963/portalapices/0/?q=portal%C3%A1pices,https://media.spreadthesign.com/video/mp4/10/187639.mp4,portalápices,pedagogia
/fr.fr/word/17847/psicologo-infantil/0/?q=psic%C3%B3logo+infantil,https://media.spreadthesign.com/video/mp4/10/264727.mp4,psicólogo infantil,pedagogia
/fr.fr/word/17972/metodo-de-investigacion/0/?q=m%C3%A9todo+de+investigaci%C3%B3n,https://media.spreadthesign.com/video/mp4/10/266424.mp4,método de investigación,pedagogia
/fr.fr/word/17555/parafrasis/0/?q=par%C3%A1frasis,https://media.spreadthesign.com/video/mp4/10/284872.mp4,paráfrasis,pedagogia
/fr.fr/word/17792/acogida-escolar-para-el-desayuno/0/?q=acogida+escolar+para+el+desayuno,https://media.spreadthesign.com/video/mp4/10/281632.mp4,acogida escolar para el desayuno,pedagogia
/fr.fr/word/17109/paper-academico/0/?q=paper+acad%C3%A9mico,https://media.spreadthesign.com/video/mp4/10/280989.mp4,paper académico,pedagogia
/fr.fr/word/17112/analisis-de-los-resultados/0/?q=an%C3%A1lisis+de+los+resultados,https://media.spreadthesign.com/video/mp4/10/259782.mp4,análisis de los resultados,pedagogia
/fr.fr/word/17678/progreso-academico/0/?q=progreso+acad%C3%A9mico,https://media.spreadthesign.com/video/mp4/10/259741.mp4,progreso académico,pedagogia
/fr.fr/word/17676/dificultad-en-los-estudios/0/?q=dificultad+en+los+estudios,https://media.spreadthesign.com/video/mp4/10/259740.mp4,dificultad en los estudios,pedagogia
/fr.fr/word/1731/entender/0/?q=entender,https://media.spreadthesign.com/video/mp4/10/17222.mp4,entender,pedagogia
/fr.fr/word/14098/entretenimiento-educativo/0/?q=entretenimiento+educativo,https://media.spreadthesign.com/video/mp4/10/282688.mp4,entretenimiento educativo,pedagogia
/fr.fr/word/14095/libros-educativos/0/?q=libros+educativos,https://media.spreadthesign.com/video/mp4/10/255260.mp4,libros educativos,pedagogia
/fr.fr/word/14096/libro-de-texto/0/?q=libro+de+texto+,https://media.spreadthesign.com/video/mp4/10/255261.mp4,libro de texto ,pedagogia
/fr.fr/word/14487/idioma-vehicular/0/?q=idioma+vehicular,https://media.spreadthesign.com/video/mp4/10/266779.mp4,idioma vehicular,pedagogia
/fr.fr/word/14427/texto-sin-sangria/0/?q=texto+sin+sangr%C3%ADa,https://media.spreadthesign.com/video/mp4/10/266472.mp4,texto sin sangría,pedagogia
/fr.fr/word/14472/memoria-a-corto-plazo/0/?q=memoria+a+corto+plazo,https://media.spreadthesign.com/video/mp4/10/282007.mp4,memoria a corto plazo,pedagogia
/fr.fr/word/14447/colegio-de-educacion-secundaria-obligatoria/0/?q=colegio+de+educaci%C3%B3n+secundaria+obligatoria,https://media.spreadthesign.com/video/mp4/10/284894.mp4,colegio de educación secundaria obligatoria,pedagogia
/fr.fr/word/14492/editorial-de-libros-de-texto/0/?q=editorial+de+libros+de+texto,https://media.spreadthesign.com/video/mp4/10/282947.mp4,editorial de libros de texto,pedagogia
/fr.fr/word/14419/reescribir/0/?q=reescribir,https://media.spreadthesign.com/video/mp4/10/266450.mp4,reescribir,pedagogia
/fr.fr/word/14142/educacion-obligatoria/0/?q=educaci%C3%B3n+obligatoria,https://media.spreadthesign.com/video/mp4/10/256842.mp4,educación obligatoria,pedagogia
/fr.fr/word/14199/letra-grande/0/?q=letra+grande,https://media.spreadthesign.com/video/mp4/10/285121.mp4,letra grande,pedagogia
/fr.fr/word/14885/portaplumas/0/?q=portaplumas,https://media.spreadthesign.com/video/mp4/10/285403.mp4,portaplumas,pedagogia
/fr.fr/word/14890/rotulador/0/?q=rotulador,https://media.spreadthesign.com/video/mp4/10/282789.mp4,rotulador,pedagogia
/fr.fr/word/14829/experto-en-teoria-de-la-educacion/0/?q=experto+en+teor%C3%ADa+de+la+educaci%C3%B3n,https://media.spreadthesign.com/video/mp4/10/255265.mp4,experto en teoría de la educación,pedagogia
/fr.fr/word/14588/ciencias-naturales/0/?q=ciencias+naturales,https://media.spreadthesign.com/video/mp4/10/266023.mp4,ciencias naturales,pedagogia
/fr.fr/word/14582/educacion-para-la-ciudadania/0/?q=educaci%C3%B3n+para+la+ciudadan%C3%ADa,https://media.spreadthesign.com/video/mp4/10/256979.mp4,educación para la ciudadanía,pedagogia
/fr.fr/word/14583/profesor-de-guarderia/0/?q=profesor+de+guarder%C3%ADa,https://media.spreadthesign.com/video/mp4/10/265804.mp4,profesor de guardería,pedagogia
/fr.fr/word/14577/director-de-colegio/0/?q=director+de+colegio,https://media.spreadthesign.com/video/mp4/10/256917.mp4,director de colegio,pedagogia
/fr.fr/word/14561/profesor/0/?q=profesor,https://media.spreadthesign.com/video/mp4/10/264735.mp4,profesor,pedagogia
/fr.fr/word/14531/educacion-secundaria-superior/0/?q=educaci%C3%B3n+secundaria+superior,https://media.spreadthesign.com/video/mp4/10/266854.mp4,educación secundaria superior,pedagogia
/fr.fr/word/14227/alfabetizacion/0/?q=alfabetizaci%C3%B3n,https://media.spreadthesign.com/video/mp4/10/285164.mp4,alfabetización,pedagogia
/fr.fr/word/14216/biblioteconomia/0/?q=biblioteconom%C3%ADa,https://media.spreadthesign.com/video/mp4/10/265854.mp4,biblioteconomía,pedagogia
/fr.fr/word/14236/letra-minuscula/0/?q=letra+min%C3%BAscula,https://media.spreadthesign.com/video/mp4/10/285179.mp4,letra minúscula,pedagogia
/fr.fr/word/14601/vacaciones-escolares/0/?q=vacaciones+escolares,https://media.spreadthesign.com/video/mp4/10/266517.mp4,vacaciones escolares,pedagogia
/fr.fr/word/14628/aula-de-informatica/0/?q=aula+de+inform%C3%A1tica,https://media.spreadthesign.com/video/mp4/10/264779.mp4,aula de informática,pedagogia
/fr.fr/word/14625/expresion-artistica-y-musical/0/?q=expresi%C3%B3n+art%C3%ADstica+y+musical,https://media.spreadthesign.com/video/mp4/10/266452.mp4,expresión artística y musical,pedagogia
/fr.fr/word/14627/asignatura-de-etica/0/?q=asignatura+de+%C3%A9tica,https://media.spreadthesign.com/video/mp4/10/281752.mp4,asignatura de ética,pedagogia
/fr.fr/word/14626/asignatura-de-carpinteria/0/?q=asignatura+de+carpinter%C3%ADa,https://media.spreadthesign.com/video/mp4/10/284018.mp4,asignatura de carpintería,pedagogia
/fr.fr/word/14623/cuaderno-de-ejercicios/0/?q=cuaderno+de+ejercicios,https://media.spreadthesign.com/video/mp4/10/284034.mp4,cuaderno de ejercicios,pedagogia
/fr.fr/word/14640/viaje-de-estudios/0/?q=viaje+de+estudios,https://media.spreadthesign.com/video/mp4/10/266733.mp4,viaje de estudios,pedagogia
/fr.fr/word/14647/examen-sorpresa/0/?q=examen+sorpresa,https://media.spreadthesign.com/video/mp4/10/282874.mp4,examen sorpresa,pedagogia
/fr.fr/word/14644/examen-de-nivel/0/?q=examen+de+nivel,https://media.spreadthesign.com/video/mp4/10/285144.mp4,examen de nivel,pedagogia
/fr.fr/word/14641/trabajo-trimestral/0/?q=trabajo+trimestral,https://media.spreadthesign.com/video/mp4/10/282934.mp4,trabajo trimestral,pedagogia
/fr.fr/word/14615/subdirector-del-colegio/0/?q=subdirector+del+colegio,https://media.spreadthesign.com/video/mp4/10/283796.mp4,subdirector del colegio,pedagogia
/fr.fr/word/14638/excursion-escolar/0/?q=excursi%C3%B3n+escolar,https://media.spreadthesign.com/video/mp4/10/266524.mp4,excursión escolar,pedagogia
/fr.fr/word/14631/cantina/0/?q=cantina,https://media.spreadthesign.com/video/mp4/10/281676.mp4,cantina,pedagogia
/fr.fr/word/14388/numero-de-lectores/0/?q=n%C3%BAmero+de+lectores,https://media.spreadthesign.com/video/mp4/10/266358.mp4,número de lectores,pedagogia
/fr.fr/word/14385/club-de-lectura/0/?q=club+de+lectura,https://media.spreadthesign.com/video/mp4/10/266360.mp4,club de lectura,pedagogia
/fr.fr/word/14387/habito-de-lectura/0/?q=h%C3%A1bito+de+lectura,https://media.spreadthesign.com/video/mp4/10/266363.mp4,hábito de lectura,pedagogia
/fr.fr/word/14384/lector/0/?q=lector,https://media.spreadthesign.com/video/mp4/10/266357.mp4,lector,pedagogia
/fr.fr/word/14344/escuela-de-educacion-primaria/0/?q=escuela+de+educaci%C3%B3n+primaria,https://media.spreadthesign.com/video/mp4/10/266263.mp4,escuela de educación primaria,pedagogia
/fr.fr/word/14333/libros-de-preescolar/0/?q=libros+de+preescolar,https://media.spreadthesign.com/video/mp4/10/266246.mp4,libros de preescolar,pedagogia
/fr.fr/word/11718/sala-de-estudio/0/?q=sala+de+estudio,https://media.spreadthesign.com/video/mp4/10/188846.mp4,sala de estudio,pedagogia
/fr.fr/word/11717/zona-de-estudio/0/?q=zona+de+estudio,https://media.spreadthesign.com/video/mp4/10/188845.mp4,zona de estudio,pedagogia
/fr.fr/word/11400/paso-de-cebra-frente-a-un-colegio/0/?q=paso+de+cebra+frente+a+un+colegio,https://media.spreadthesign.com/video/mp4/10/266512.mp4,paso de cebra frente a un colegio,pedagogia
/fr.fr/word/11401/paso-de-cebra-frente-a-un-colegio-a-pocos-metros/0/?q=paso+de+cebra+frente+a+un+colegio+a+pocos+metros,https://media.spreadthesign.com/video/mp4/10/266513.mp4,paso de cebra frente a un colegio a pocos metros,pedagogia
/fr.fr/word/11408/representacion-escolar/0/?q=representaci%C3%B3n+escolar,https://media.spreadthesign.com/video/mp4/10/188541.mp4,representación escolar,pedagogia
/fr.fr/word/11405/conferencia-escolar/0/?q=conferencia+escolar,https://media.spreadthesign.com/video/mp4/10/188539.mp4,conferencia escolar,pedagogia
/fr.fr/word/11402/dia-lectivo/0/?q=d%C3%ADa+lectivo,https://media.spreadthesign.com/video/mp4/10/266514.mp4,día lectivo,pedagogia
/fr.fr/word/11409/matricula-escolar/0/?q=matr%C3%ADcula+escolar,https://media.spreadthesign.com/video/mp4/10/266521.mp4,matrícula escolar,pedagogia
/fr.fr/word/11406/periodico-escolar/0/?q=peri%C3%B3dico+escolar,https://media.spreadthesign.com/video/mp4/10/266519.mp4,periódico escolar,pedagogia
/fr.fr/word/11410/material-escolar/0/?q=material+escolar,https://media.spreadthesign.com/video/mp4/10/188542.mp4,material escolar,pedagogia
/fr.fr/word/11411/listado-de-material-escolar/0/?q=listado+de+material+escolar,https://media.spreadthesign.com/video/mp4/10/266522.mp4,listado de material escolar,pedagogia
/fr.fr/word/11418/proyecto-de-ciencias/0/?q=proyecto+de+ciencias,https://media.spreadthesign.com/video/mp4/10/188547.mp4,proyecto de ciencias,pedagogia
/fr.fr/word/11415/zona-escolar/0/?q=zona+escolar,https://media.spreadthesign.com/video/mp4/10/266526.mp4,zona escolar,pedagogia
/fr.fr/word/11412/equipo-escolar/0/?q=equipo+escolar,https://media.spreadthesign.com/video/mp4/10/188543.mp4,equipo escolar,pedagogia
/fr.fr/word/11416/experimento-de-ciencias/0/?q=experimento+de+ciencias,https://media.spreadthesign.com/video/mp4/10/188548.mp4,experimento de ciencias,pedagogia
/fr.fr/word/11413/vacaciones-escolares/0/?q=vacaciones+escolares,https://media.spreadthesign.com/video/mp4/10/266525.mp4,vacaciones escolares,pedagogia
/fr.fr/word/11454/semestre/0/?q=semestre,https://media.spreadthesign.com/video/mp4/10/188600.mp4,semestre,pedagogia
/fr.fr/word/11457/estudiante-de-ultimo-ano/0/?q=estudiante+de+%C3%BAltimo+a%C3%B1o,https://media.spreadthesign.com/video/mp4/10/188602.mp4,estudiante de último año,pedagogia
/fr.fr/word/11156/escuela-publica/0/?q=escuela+p%C3%BAblica,https://media.spreadthesign.com/video/mp4/10/188048.mp4,escuela pública,pedagogia
/fr.fr/word/11125/oficina-del-director/0/?q=oficina+del+director,https://media.spreadthesign.com/video/mp4/10/266271.mp4,oficina del director,pedagogia
/fr.fr/word/11143/fiesta-de-fin-de-curso/0/?q=fiesta+de+fin+de+curso,https://media.spreadthesign.com/video/mp4/10/156512.mp4,fiesta de fin de curso,pedagogia
/fr.fr/word/11138/catedratico/0/?q=catedr%C3%A1tico,https://media.spreadthesign.com/video/mp4/10/187892.mp4,catedrático,pedagogia
/fr.fr/word/11876/geografia-aplicada/0/?q=geograf%C3%ADa+aplicada,https://media.spreadthesign.com/video/mp4/10/169240.mp4,geografía aplicada,pedagogia
/fr.fr/word/11596/estudiante-de-segundo-curso/0/?q=estudiante+de+segundo+curso,https://media.spreadthesign.com/video/mp4/10/188738.mp4,estudiante de segundo curso,pedagogia
/fr.fr/word/11257/boletin-de-calificaciones/0/?q=bolet%C3%ADn+de+calificaciones,https://media.spreadthesign.com/video/mp4/10/158438.mp4,boletín de calificaciones,pedagogia
/fr.fr/word/11263/informe-de-investigacion/0/?q=informe+de+investigaci%C3%B3n,https://media.spreadthesign.com/video/mp4/10/156207.mp4,informe de investigación,pedagogia
/fr.fr/word/11616/concurso-de-deletreo-de-palabras/0/?q=concurso+de+deletreo+de+palabras,https://media.spreadthesign.com/video/mp4/10/188764.mp4,concurso de deletreo de palabras,pedagogia
/fr.fr/word/11622/cuaderno-de-espiral/0/?q=cuaderno+de+espiral,https://media.spreadthesign.com/video/mp4/10/266692.mp4,cuaderno de espiral,pedagogia
/fr.fr/word/11663/material-de-oficina/0/?q=material+de+oficina,https://media.spreadthesign.com/video/mp4/10/188797.mp4,material de oficina,pedagogia
/fr.fr/word/11398/parada-del-bus-escolar/0/?q=parada+del+bus+escolar,https://media.spreadthesign.com/video/mp4/10/156195.mp4,parada del bus escolar,pedagogia
/fr.fr/word/11395/ir-andando-a-la-escuela/0/?q=ir+andando+a+la+escuela,https://media.spreadthesign.com/video/mp4/10/156021.mp4,ir andando a la escuela,pedagogia
/fr.fr/word/11397/bus-escolar/0/?q=bus+escolar,https://media.spreadthesign.com/video/mp4/10/158452.mp4,bus escolar,pedagogia
/fr.fr/word/11394/instruido/0/?q=instruido,https://media.spreadthesign.com/video/mp4/10/188532.mp4,instruido,pedagogia
/fr.fr/word/11391/planning/0/?q=planning,https://media.spreadthesign.com/video/mp4/10/188528.mp4,planning,pedagogia
/fr.fr/word/11399/senal-de-la-parada-del-bus-escolar/0/?q=se%C3%B1al+de+la+parada+del+bus+escolar,https://media.spreadthesign.com/video/mp4/10/188534.mp4,señal de la parada del bus escolar,pedagogia
/fr.fr/word/11396/timbre-del-colegio/0/?q=timbre+del+colegio,https://media.spreadthesign.com/video/mp4/10/188533.mp4,timbre del colegio,pedagogia
/fr.fr/word/1805/presidente/0/?q=presidente,https://media.spreadthesign.com/video/mp4/10/17958.mp4,presidente,pedagogia
/fr.fr/word/18024/educacion-sexual/0/?q=educaci%C3%B3n+sexual,https://media.spreadthesign.com/video/mp4/10/266556.mp4,educación sexual,pedagogia
/fr.fr/word/1871/excursion-de-dia-completo/0/?q=excursi%C3%B3n+de+d%C3%ADa+completo,https://media.spreadthesign.com/video/mp4/10/18603.mp4,excursión de día completo,pedagogia
/fr.fr/word/18412/comida-gratuita-en-el-colegio/0/?q=comida+gratuita+en+el+colegio,https://media.spreadthesign.com/video/mp4/10/284115.mp4,comida gratuita en el colegio,pedagogia
/fr.fr/word/18806/escuela-privada/0/?q=escuela+privada,https://media.spreadthesign.com/video/mp4/10/266272.mp4,escuela privada,pedagogia
/fr.fr/word/18582/direccion/0/?q=direcci%C3%B3n,https://media.spreadthesign.com/video/mp4/10/284233.mp4,dirección,pedagogia
/fr.fr/word/18594/sala-de-psicomotricidad/0/?q=sala+de+psicomotricidad,https://media.spreadthesign.com/video/mp4/10/266306.mp4,sala de psicomotricidad,pedagogia
/fr.fr/word/18570/asamblea-de-clase/0/?q=asamblea+de+clase,https://media.spreadthesign.com/video/mp4/10/264733.mp4,asamblea de clase,pedagogia
/fr.fr/word/18573/ciencia-de-la-informatica/0/?q=Ciencia+de+la+inform%C3%A1tica,https://media.spreadthesign.com/video/mp4/10/264782.mp4,Ciencia de la informática,pedagogia
/fr.fr/word/18600/pizarra-digital/0/?q=pizarra+digital,https://media.spreadthesign.com/video/mp4/10/282064.mp4,pizarra digital,pedagogia
/fr.fr/word/18601/sala-de-logopedia/0/?q=sala+de+logopedia,https://media.spreadthesign.com/video/mp4/10/282130.mp4,sala de logopedia,pedagogia
/fr.fr/word/1869/actividad-extraescolar/0/?q=actividad+extraescolar,https://media.spreadthesign.com/video/mp4/10/18574.mp4,actividad extraescolar,pedagogia
/fr.fr/word/1836/responder/0/?q=responder,https://media.spreadthesign.com/video/mp4/10/18264.mp4,responder,pedagogia
/fr.fr/word/18374/educacion-de-las-personas-sordas/0/?q=educaci%C3%B3n+de+las+personas+sordas,https://media.spreadthesign.com/video/mp4/10/255259.mp4,educación de las personas sordas,pedagogia
/fr.fr/word/18375/interprete-en-educacion/0/?q=int%C3%A9rprete+en+educaci%C3%B3n,https://media.spreadthesign.com/video/mp4/10/255263.mp4,intérprete en educación,pedagogia
/fr.fr/word/15518/cuento-basado-en-el-abecedario/0/?q=cuento+basado+en+el+abecedario,https://media.spreadthesign.com/video/mp4/10/280982.mp4,cuento basado en el abecedario,pedagogia
/fr.fr/word/15496/conservatorio/0/?q=conservatorio,https://media.spreadthesign.com/video/mp4/10/281843.mp4,conservatorio,pedagogia
/fr.fr/word/1591/ensenar/0/?q=ense%C3%B1ar,https://media.spreadthesign.com/video/mp4/10/15801.mp4,enseñar,pedagogia
/fr.fr/word/15935/letras/0/?q=letras,https://media.spreadthesign.com/video/mp4/10/265846.mp4,letras,pedagogia
/fr.fr/word/15305/escuela-concertada/0/?q=escuela+concertada,https://media.spreadthesign.com/video/mp4/10/281952.mp4,escuela concertada,pedagogia
/fr.fr/word/12751/modulo/0/?q=m%C3%B3dulo,https://media.spreadthesign.com/video/mp4/10/265980.mp4,módulo,pedagogia
/fr.fr/word/12774/aprendizaje-online/0/?q=aprendizaje+online,https://media.spreadthesign.com/video/mp4/10/285465.mp4,aprendizaje online,pedagogia
/fr.fr/word/12779/presentacion-oral/0/?q=presentaci%C3%B3n+oral,https://media.spreadthesign.com/video/mp4/10/266094.mp4,presentación oral,pedagogia
/fr.fr/word/12798/aprendizaje-cooperativo/0/?q=aprendizaje+cooperativo,https://media.spreadthesign.com/video/mp4/10/266155.mp4,aprendizaje cooperativo,pedagogia
/fr.fr/word/12470/tareas-del-curso/0/?q=tareas+del+curso,https://media.spreadthesign.com/video/mp4/10/264834.mp4,tareas del curso,pedagogia
/fr.fr/word/12414/campus/0/?q=campus,https://media.spreadthesign.com/video/mp4/10/281671.mp4,campus,pedagogia
/fr.fr/word/12412/caligrafia/0/?q=caligraf%C3%ADa,https://media.spreadthesign.com/video/mp4/10/281668.mp4,caligrafía,pedagogia
/fr.fr/word/12488/fecha-limite/0/?q=fecha+l%C3%ADmite,https://media.spreadthesign.com/video/mp4/10/264873.mp4,fecha límite,pedagogia
/fr.fr/word/12426/control-de-clase/0/?q=control+de+clase,https://media.spreadthesign.com/video/mp4/10/264736.mp4,control de clase,pedagogia
/fr.fr/word/12469/estructura-del-curso/0/?q=estructura+del+curso,https://media.spreadthesign.com/video/mp4/10/281901.mp4,estructura del curso,pedagogia
/fr.fr/word/12184/docencia/0/?q=docencia,https://media.spreadthesign.com/video/mp4/10/266761.mp4,docencia,pedagogia
/fr.fr/word/12180/estudio/0/?q=estudio,https://media.spreadthesign.com/video/mp4/10/266730.mp4,estudio,pedagogia
/fr.fr/word/12106/escuela-de-educacion-primaria/0/?q=escuela+de+educaci%C3%B3n+primaria,https://media.spreadthesign.com/video/mp4/10/185806.mp4,escuela de educación primaria,pedagogia
/fr.fr/word/12110/goma-de-borrar/0/?q=goma+de+borrar,https://media.spreadthesign.com/video/mp4/10/185859.mp4,goma de borrar,pedagogia
/fr.fr/word/12853/aprendizaje-basado-en-proyectos/0/?q=aprendizaje+basado+en+proyectos,https://media.spreadthesign.com/video/mp4/10/266296.mp4,aprendizaje basado en proyectos,pedagogia
/fr.fr/word/12828/curso-de-posgrado/0/?q=curso+de+posgrado,https://media.spreadthesign.com/video/mp4/10/266230.mp4,curso de posgrado,pedagogia
/fr.fr/word/12827/postgraduado/0/?q=postgraduado,https://media.spreadthesign.com/video/mp4/10/266229.mp4,postgraduado,pedagogia
/fr.fr/word/12864/investigacion-cuantitativa/0/?q=investigaci%C3%B3n+cuantitativa,https://media.spreadthesign.com/video/mp4/10/266344.mp4,investigación cuantitativa,pedagogia
/fr.fr/word/12861/investigacion-cualitativa/0/?q=investigaci%C3%B3n+cualitativa,https://media.spreadthesign.com/video/mp4/10/266337.mp4,investigación cualitativa,pedagogia
/fr.fr/word/12542/examen-del-tema/0/?q=examen+del+tema,https://media.spreadthesign.com/video/mp4/10/255297.mp4,examen del tema,pedagogia
/fr.fr/word/12590/carta-escrita-a-mano/0/?q=carta+escrita+a+mano,https://media.spreadthesign.com/video/mp4/10/284116.mp4,carta escrita a mano,pedagogia
/fr.fr/word/12518/disertacion/0/?q=disertaci%C3%B3n,https://media.spreadthesign.com/video/mp4/10/282383.mp4,disertación,pedagogia
/fr.fr/word/12911/seminario/0/?q=seminario,https://media.spreadthesign.com/video/mp4/10/281956.mp4,seminario,pedagogia
/fr.fr/word/12962/enfocado-en-el-estudiante/0/?q=enfocado+en+el+estudiante,https://media.spreadthesign.com/video/mp4/10/266729.mp4,enfocado en el estudiante,pedagogia
/fr.fr/word/12964/apoyo-escolar/0/?q=apoyo+escolar,https://media.spreadthesign.com/video/mp4/10/282842.mp4,apoyo escolar,pedagogia
/fr.fr/word/12961/sindicato-de-estudiantes/0/?q=sindicato+de+estudiantes,https://media.spreadthesign.com/video/mp4/10/282839.mp4,sindicato de estudiantes,pedagogia
/fr.fr/word/12963/habilidad-para-el-estudio/0/?q=habilidad+para+el+estudio,https://media.spreadthesign.com/video/mp4/10/266732.mp4,habilidad para el estudio,pedagogia
/fr.fr/word/12998/tesis/0/?q=tesis,https://media.spreadthesign.com/video/mp4/10/283010.mp4,tesis,pedagogia
/fr.fr/word/12685/conferenciar/0/?q=conferenciar,https://media.spreadthesign.com/video/mp4/10/265833.mp4,conferenciar,pedagogia
/fr.fr/word/12684/estilo-de-aprendizaje/0/?q=estilo+de+aprendizaje,https://media.spreadthesign.com/video/mp4/10/265832.mp4,estilo de aprendizaje,pedagogia
/fr.fr/word/12683/resultados-del-aprendizaje/0/?q=resultados+del+aprendizaje,https://media.spreadthesign.com/video/mp4/10/265831.mp4,resultados del aprendizaje,pedagogia
/fr.fr/word/12620/guillotina/0/?q=guillotina,https://media.spreadthesign.com/video/mp4/10/284187.mp4,guillotina,pedagogia
/fr.fr/word/12649/formacion-en-el-centro-de-trabajo/0/?q=formaci%C3%B3n+en+el+centro+de+trabajo,https://media.spreadthesign.com/video/mp4/10/257029.mp4,formación en el centro de trabajo,pedagogia
/fr.fr/word/12663/supervisor-de-examenes/0/?q=supervisor+de+ex%C3%A1menes,https://media.spreadthesign.com/video/mp4/10/257094.mp4,supervisor de exámenes,pedagogia
/fr.fr/word/12633/matricula-de-honor/0/?q=matr%C3%ADcula+de+honor,https://media.spreadthesign.com/video/mp4/10/284262.mp4,matrícula de honor,pedagogia
/fr.fr/word/12381/objetivos-y-contenidos-de-un-curso/0/?q=objetivos+y+contenidos+de+un+curso,https://media.spreadthesign.com/video/mp4/10/259844.mp4,objetivos y contenidos de un curso,pedagogia
/fr.fr/word/12324/mala-conducta-academica/0/?q=mala+conducta+acad%C3%A9mica,https://media.spreadthesign.com/video/mp4/10/280988.mp4,mala conducta académica,pedagogia
/fr.fr/word/12323/academico/0/?q=acad%C3%A9mico,https://media.spreadthesign.com/video/mp4/10/259738.mp4,académico,pedagogia
/fr.fr/word/12377/destrezas-basicas/0/?q=destrezas+b%C3%A1sicas,https://media.spreadthesign.com/video/mp4/10/259826.mp4,destrezas básicas,pedagogia
/fr.fr/word/12361/criterios-de-evaluacion/0/?q=criterios+de+evaluaci%C3%B3n,https://media.spreadthesign.com/video/mp4/10/281516.mp4,criterios de evaluación,pedagogia
/fr.fr/word/12363/presentacion-audio-visual/0/?q=presentaci%C3%B3n+audio-visual,https://media.spreadthesign.com/video/mp4/10/259801.mp4,presentación audio-visual,pedagogia
/fr.fr/word/1908/guarderia/0/?q=guarder%C3%ADa,https://media.spreadthesign.com/video/mp4/10/18972.mp4,guardería,pedagogia
/fr.fr/word/1970/guarderia/0/?q=guarder%C3%ADa,https://media.spreadthesign.com/video/mp4/10/19586.mp4,guardería,pedagogia
/fr.fr/word/1971/escuela-infantil/0/?q=escuela+infantil,https://media.spreadthesign.com/video/mp4/10/471492.mp4,escuela infantil,pedagogia
/fr.fr/word/19408/titulo-universitario/0/?q=t%C3%ADtulo+universitario,https://media.spreadthesign.com/video/mp4/10/259739.mp4,título universitario,pedagogia
/fr.fr/word/1947/trabajo-individual/0/?q=trabajo+individual,https://media.spreadthesign.com/video/mp4/10/19353.mp4,trabajo individual,pedagogia
/fr.fr/word/19446/aprendizaje-autonomo/0/?q=aprendizaje+aut%C3%B3nomo,https://media.spreadthesign.com/video/mp4/10/266951.mp4,aprendizaje autónomo,pedagogia
/fr.fr/word/1910/desarrollo/0/?q=desarrollo,https://media.spreadthesign.com/video/mp4/10/18993.mp4,desarrollo,pedagogia
/fr.fr/word/1918/metodo-educativo/0/?q=m%C3%A9todo+educativo,https://media.spreadthesign.com/video/mp4/10/19073.mp4,método educativo,pedagogia
/fr.fr/word/1917/juego-educativo/0/?q=juego+educativo,https://media.spreadthesign.com/video/mp4/10/19055.mp4,juego educativo,pedagogia
/fr.fr/word/1916/educacion/0/?q=educaci%C3%B3n,https://media.spreadthesign.com/video/mp4/10/19054.mp4,educación,pedagogia
/fr.fr/word/1985/educacion-fisica/0/?q=educaci%C3%B3n+f%C3%ADsica,https://media.spreadthesign.com/video/mp4/10/19722.mp4,educación física,pedagogia
/fr.fr/word/1982/par/0/?q=par,https://media.spreadthesign.com/video/mp4/10/19697.mp4,par,pedagogia
/fr.fr/word/19811/entorno-de-aprendizaje/0/?q=entorno+de+aprendizaje,https://media.spreadthesign.com/video/mp4/10/265829.mp4,entorno de aprendizaje,pedagogia
/fr.fr/word/19830/memorizacion/0/?q=memorizaci%C3%B3n,https://media.spreadthesign.com/video/mp4/10/265943.mp4,memorización,pedagogia
/fr.fr/word/19545/aprendizaje-a-distancia/0/?q=aprendizaje+a+distancia,https://media.spreadthesign.com/video/mp4/10/281889.mp4,aprendizaje a distancia,pedagogia
/fr.fr/word/19583/ensenanza-a-distancia/0/?q=ense%C3%B1anza+a+distancia,https://media.spreadthesign.com/video/mp4/10/282385.mp4,enseñanza a distancia,pedagogia
/fr.fr/word/19220/programa-de-formacion/0/?q=programa+de+formaci%C3%B3n,https://media.spreadthesign.com/video/mp4/10/266830.mp4,programa de formación,pedagogia
/fr.fr/word/19231/absentismo-escolar/0/?q=absentismo+escolar,https://media.spreadthesign.com/video/mp4/10/266840.mp4,absentismo escolar,pedagogia
/fr.fr/word/1990/cuarto-de-juegos/0/?q=cuarto+de+juegos,https://media.spreadthesign.com/video/mp4/10/19777.mp4,cuarto de juegos,pedagogia
/fr.fr/word/19916/alumno-de-preescolar/0/?q=alumno+de+preescolar,https://media.spreadthesign.com/video/mp4/10/266251.mp4,alumno de preescolar,pedagogia
/fr.fr/word/1998/juego-de-preguntas/0/?q=juego+de+preguntas,https://media.spreadthesign.com/video/mp4/10/19857.mp4,juego de preguntas,pedagogia
/fr.fr/word/1934/actividad-libre/0/?q=actividad+libre,https://media.spreadthesign.com/video/mp4/10/19232.mp4,actividad libre,pedagogia
/fr.fr/word/1600/examen/0/?q=examen,https://media.spreadthesign.com/video/mp4/10/15894.mp4,examen,pedagogia
/fr.fr/word/1604/vacaciones/0/?q=vacaciones,https://media.spreadthesign.com/video/mp4/10/15933.mp4,vacaciones,pedagogia
/fr.fr/word/16460/reconocimiento-y-uso-de-lengua-de-signos/0/?q=reconocimiento+y+uso+de+lengua+de+signos,https://media.spreadthesign.com/video/mp4/10/266578.mp4,reconocimiento y uso de lengua de signos,pedagogia
/fr.fr/word/16737/expresion-escrita/0/?q=expresi%C3%B3n+escrita,https://media.spreadthesign.com/video/mp4/10/266932.mp4,expresión escrita,pedagogia
/fr.fr/word/1309/papel/0/?q=papel,https://media.spreadthesign.com/video/mp4/10/12955.mp4,papel,pedagogia
/fr.fr/word/1305/colegio/0/?q=colegio,https://media.spreadthesign.com/video/mp4/10/12913.mp4,colegio,pedagogia
/fr.fr/word/1308/sacapuntas/0/?q=sacapuntas,https://media.spreadthesign.com/video/mp4/10/12942.mp4,sacapuntas,pedagogia
/fr.fr/word/13016/grupo-de-estudiantes-con-un-mismo-tutor/0/?q=grupo+de+estudiantes+con+un+mismo+tutor,https://media.spreadthesign.com/video/mp4/10/283679.mp4,grupo de estudiantes con un mismo tutor,pedagogia
/fr.fr/word/1306/boligrafo/0/?q=bol%C3%ADgrafo,https://media.spreadthesign.com/video/mp4/10/12925.mp4,bolígrafo,pedagogia
/fr.fr/word/13753/comunicacion-escrita/0/?q=comunicaci%C3%B3n+escrita,https://media.spreadthesign.com/video/mp4/10/284060.mp4,comunicación escrita,pedagogia
/fr.fr/word/13792/ciencias-aplicadas/0/?q=ciencias+aplicadas,https://media.spreadthesign.com/video/mp4/10/281478.mp4,ciencias aplicadas,pedagogia
/fr.fr/word/13443/evaluacion-durante-el-curso/0/?q=evaluaci%C3%B3n+durante+el+curso,https://media.spreadthesign.com/video/mp4/10/257014.mp4,evaluación durante el curso,pedagogia
/fr.fr/word/13468/apoyo-al-aprendizaje/0/?q=apoyo+al+aprendizaje,https://media.spreadthesign.com/video/mp4/10/285130.mp4,apoyo al aprendizaje,pedagogia
/fr.fr/word/13466/aprendizaje-y-ensenanza/0/?q=aprendizaje+y+ense%C3%B1anza,https://media.spreadthesign.com/video/mp4/10/265826.mp4,aprendizaje y enseñanza,pedagogia
/fr.fr/word/13467/centro-educativo/0/?q=centro+educativo,https://media.spreadthesign.com/video/mp4/10/265827.mp4,centro educativo,pedagogia
/fr.fr/word/13470/programa-de-conferencias/0/?q=programa+de+conferencias,https://media.spreadthesign.com/video/mp4/10/265835.mp4,programa de conferencias,pedagogia
/fr.fr/word/1310/carpeta/0/?q=carpeta,https://media.spreadthesign.com/video/mp4/10/12965.mp4,carpeta,pedagogia
/fr.fr/word/1315/alumno-a/0/?q=alumno%2Fa,https://media.spreadthesign.com/video/mp4/10/13015.mp4,alumno/a,pedagogia
/fr.fr/word/1312/grapadora/0/?q=grapadora,https://media.spreadthesign.com/video/mp4/10/12978.mp4,grapadora,pedagogia
/fr.fr/word/1311/clip/0/?q=clip,https://media.spreadthesign.com/video/mp4/10/12966.mp4,clip,pedagogia
/fr.fr/word/13810/tecnicas-de-observacion/0/?q=t%C3%A9cnicas+de+observaci%C3%B3n,https://media.spreadthesign.com/video/mp4/10/266071.mp4,técnicas de observación,pedagogia
/fr.fr/word/1386/pasillo/0/?q=pasillo,https://media.spreadthesign.com/video/mp4/10/13730.mp4,pasillo,pedagogia
/fr.fr/word/13833/aprendizaje-basado-en-aspectos-del-trabajo/0/?q=aprendizaje+basado+en+aspectos+del+trabajo,https://media.spreadthesign.com/video/mp4/10/284031.mp4,aprendizaje basado en aspectos del trabajo,pedagogia
/fr.fr/word/13580/semana-de-la-lectura/0/?q=semana+de+la+lectura,https://media.spreadthesign.com/video/mp4/10/266364.mp4,semana de la lectura,pedagogia
/fr.fr/word/13515/preguntas-tipo-test/0/?q=preguntas+tipo+test,https://media.spreadthesign.com/video/mp4/10/285337.mp4,preguntas tipo test,pedagogia
/fr.fr/word/13200/proposito/0/?q=prop%C3%B3sito,https://media.spreadthesign.com/video/mp4/10/281025.mp4,propósito,pedagogia
/fr.fr/word/13208/tecnologia-aplicada/0/?q=tecnolog%C3%ADa+aplicada,https://media.spreadthesign.com/video/mp4/10/281479.mp4,tecnología aplicada,pedagogia
/fr.fr/word/1325/escrito/0/?q=escrito,https://media.spreadthesign.com/video/mp4/10/13108.mp4,escrito,pedagogia
/fr.fr/word/1324/lectura/0/?q=lectura,https://media.spreadthesign.com/video/mp4/10/13096.mp4,lectura,pedagogia
/fr.fr/word/1321/cuidador-infantil/0/?q=cuidador+infantil,https://media.spreadthesign.com/video/mp4/10/13066.mp4,cuidador infantil,pedagogia
/fr.fr/word/13904/carta-informal/0/?q=carta+informal,https://media.spreadthesign.com/video/mp4/10/285006.mp4,carta informal,pedagogia
/fr.fr/word/13901/carta-formal/0/?q=carta+formal,https://media.spreadthesign.com/video/mp4/10/284105.mp4,carta formal,pedagogia
/fr.fr/word/13914/educacion-de-adultos/0/?q=educaci%C3%B3n+de+adultos,https://media.spreadthesign.com/video/mp4/10/259765.mp4,educación de adultos,pedagogia
/fr.fr/word/13917/prueba-de-selectividad/0/?q=prueba+de+selectividad,https://media.spreadthesign.com/video/mp4/10/281015.mp4,prueba de selectividad,pedagogia
/fr.fr/word/6914/estudiante-universitario/0/?q=estudiante+universitario,https://media.spreadthesign.com/video/mp4/10/264750.mp4,estudiante universitario,pedagogia
/fr.fr/word/6912/universidad/0/?q=universidad,https://media.spreadthesign.com/video/mp4/10/471486.mp4,universidad,pedagogia
/fr.fr/word/6913/solicitud-de-matricula/0/?q=solicitud+de+matr%C3%ADcula,https://media.spreadthesign.com/video/mp4/10/281777.mp4,solicitud de matrícula,pedagogia
/fr.fr/word/6646/diario/0/?q=diario,https://media.spreadthesign.com/video/mp4/10/257067.mp4,diario,pedagogia
/fr.fr/word/6667/guarderia/0/?q=guarder%C3%ADa,https://media.spreadthesign.com/video/mp4/10/265803.mp4,guardería,pedagogia
/fr.fr/word/6306/pizarra/0/?q=pizarra,https://media.spreadthesign.com/video/mp4/10/173854.mp4,pizarra,pedagogia
/fr.fr/word/6303/certificado/0/?q=certificado,https://media.spreadthesign.com/video/mp4/10/189323.mp4,certificado,pedagogia
/fr.fr/word/6342/cuidado-infantil/0/?q=cuidado+infantil,https://media.spreadthesign.com/video/mp4/10/264731.mp4,cuidado infantil,pedagogia
/fr.fr/word/6374/clase/0/?q=clase,https://media.spreadthesign.com/video/mp4/10/189326.mp4,clase,pedagogia
/fr.fr/word/37/regla/0/?q=regla,https://media.spreadthesign.com/video/mp4/10/358.mp4,regla,pedagogia
/fr.fr/word/3149/calificacion/0/?q=calificaci%C3%B3n,https://media.spreadthesign.com/video/mp4/10/29402.mp4,calificación,pedagogia
/fr.fr/word/3531/dormitorio/0/?q=dormitorio,https://media.spreadthesign.com/video/mp4/10/32302.mp4,dormitorio,pedagogia
/fr.fr/word/3532/universidad/0/?q=universidad,https://media.spreadthesign.com/video/mp4/10/471487.mp4,universidad,pedagogia
/fr.fr/word/3/tijeras/0/?q=tijeras,https://media.spreadthesign.com/video/mp4/10/28.mp4,tijeras,pedagogia
/fr.fr/word/3980/diploma/0/?q=diploma,https://media.spreadthesign.com/video/mp4/10/35418.mp4,diploma,pedagogia
/fr.fr/word/395/tiza/0/?q=tiza,https://media.spreadthesign.com/video/mp4/10/3872.mp4,tiza,pedagogia
/fr.fr/word/3930/analfabeto/0/?q=analfabeto,https://media.spreadthesign.com/video/mp4/10/35168.mp4,analfabeto,pedagogia
/fr.fr/word/3933/ciencia/0/?q=ciencia,https://media.spreadthesign.com/video/mp4/10/35187.mp4,ciencia,pedagogia
/fr.fr/word/3322/vestimenta-de-la-graduacion/0/?q=vestimenta+de+la+graduaci%C3%B3n,https://media.spreadthesign.com/video/mp4/10/41558.mp4,vestimenta de la graduación,pedagogia
/fr.fr/word/7082/lindo/0/?q=lindo,https://media.spreadthesign.com/video/mp4/10/180440.mp4,lindo,generalidades
/fr.fr/word/7023/coraje/0/?q=coraje,https://media.spreadthesign.com/video/mp4/10/189334.mp4,coraje,generalidades
/fr.fr/word/7070/reloj-de-cuco/0/?q=reloj+de+cuco,https://media.spreadthesign.com/video/mp4/10/180429.mp4,reloj de cuco,generalidades
/fr.fr/word/7079/curvo/0/?q=curvo,https://media.spreadthesign.com/video/mp4/10/180437.mp4,curvo,generalidades
/fr.fr/word/70/metro/0/?q=metro,https://media.spreadthesign.com/video/mp4/10/688.mp4,metro,generalidades
/fr.fr/word/7060/cruel/0/?q=cruel,https://media.spreadthesign.com/video/mp4/10/189337.mp4,cruel,generalidades
/fr.fr/word/7069/cubo/0/?q=cubo,https://media.spreadthesign.com/video/mp4/10/180428.mp4,cubo,generalidades
/fr.fr/word/7715/infantil/0/?q=infantil,https://media.spreadthesign.com/video/mp4/10/281735.mp4,infantil,generalidades
/fr.fr/word/7759/aguantar/0/?q=aguantar,https://media.spreadthesign.com/video/mp4/10/267082.mp4,aguantar,generalidades
/fr.fr/word/7753/obsesionado/0/?q=obsesionado,https://media.spreadthesign.com/video/mp4/10/285430.mp4,obsesionado,generalidades
/fr.fr/word/77/ancho/0/?q=ancho,https://media.spreadthesign.com/video/mp4/10/759.mp4,ancho,generalidades
/fr.fr/word/7773/culto/0/?q=culto,https://media.spreadthesign.com/video/mp4/10/185771.mp4,culto,generalidades
/fr.fr/word/7744/preocupar/0/?q=preocupar,https://media.spreadthesign.com/video/mp4/10/266929.mp4,preocupar,generalidades
/fr.fr/word/7760/decidido/0/?q=decidido,https://media.spreadthesign.com/video/mp4/10/180523.mp4,decidido,generalidades
/fr.fr/word/7761/problematico/0/?q=problem%C3%A1tico,https://media.spreadthesign.com/video/mp4/10/189077.mp4,problemático,generalidades
/fr.fr/word/7767/admirar/0/?q=admirar,https://media.spreadthesign.com/video/mp4/10/155977.mp4,admirar,generalidades
/fr.fr/word/7736/dotado/0/?q=dotado,https://media.spreadthesign.com/video/mp4/10/186361.mp4,dotado,generalidades
/fr.fr/word/740/amargo/0/?q=amargo,https://media.spreadthesign.com/video/mp4/10/7393.mp4,amargo,generalidades
/fr.fr/word/7448/globo/0/?q=globo,https://media.spreadthesign.com/video/mp4/10/186374.mp4,globo,generalidades
/fr.fr/word/7443/satisfecho/0/?q=satisfecho,https://media.spreadthesign.com/video/mp4/10/186367.mp4,satisfecho,generalidades
/fr.fr/word/7418/feliz/0/?q=feliz,https://media.spreadthesign.com/video/mp4/10/256841.mp4,feliz,generalidades
/fr.fr/word/7487/gratitud/0/?q=gratitud,https://media.spreadthesign.com/video/mp4/10/186415.mp4,gratitud,generalidades
/fr.fr/word/7426/genio/0/?q=genio,https://media.spreadthesign.com/video/mp4/10/256849.mp4,genio,generalidades
/fr.fr/word/7427/dulce/0/?q=dulce,https://media.spreadthesign.com/video/mp4/10/186336.mp4,dulce,generalidades
/fr.fr/word/74/centimetro/0/?q=cent%C3%ADmetro,https://media.spreadthesign.com/video/mp4/10/727.mp4,centímetro,generalidades
/fr.fr/word/7495/apenar/0/?q=apenar,https://media.spreadthesign.com/video/mp4/10/156407.mp4,apenar,generalidades
/fr.fr/word/7494/pena/0/?q=pena,https://media.spreadthesign.com/video/mp4/10/186424.mp4,pena,generalidades
/fr.fr/word/7491/avidez/0/?q=avidez,https://media.spreadthesign.com/video/mp4/10/156483.mp4,avidez,generalidades
/fr.fr/word/7439/gigantesco/0/?q=gigantesco,https://media.spreadthesign.com/video/mp4/10/186365.mp4,gigantesco,generalidades
/fr.fr/word/7182/tardio/0/?q=tard%C3%ADo,https://media.spreadthesign.com/video/mp4/10/188923.mp4,tardío,generalidades
/fr.fr/word/7156/un-cuarto/0/?q=un+cuarto,https://media.spreadthesign.com/video/mp4/10/266345.mp4,un cuarto,generalidades
/fr.fr/word/71/milimetro/0/?q=mil%C3%ADmetro,https://media.spreadthesign.com/video/mp4/10/698.mp4,milímetro,generalidades
/fr.fr/word/7148/abrumar/0/?q=abrumar,https://media.spreadthesign.com/video/mp4/10/187459.mp4,abrumar,generalidades
/fr.fr/word/7172/manso/0/?q=manso,https://media.spreadthesign.com/video/mp4/10/188919.mp4,manso,generalidades
/fr.fr/word/7139/ovalado/0/?q=ovalado,https://media.spreadthesign.com/video/mp4/10/187444.mp4,ovalado,generalidades
/fr.fr/word/7133/onza/0/?q=onza,https://media.spreadthesign.com/video/mp4/10/187440.mp4,onza,generalidades
/fr.fr/word/7801/dejar-para-mas-tarde/0/?q=dejar+para+m%C3%A1s+tarde,https://media.spreadthesign.com/video/mp4/10/187814.mp4,dejar para más tarde,generalidades
/fr.fr/word/7805/mimado/0/?q=mimado,https://media.spreadthesign.com/video/mp4/10/282144.mp4,mimado,generalidades
/fr.fr/word/7859/sorprendido/0/?q=sorprendido,https://media.spreadthesign.com/video/mp4/10/188629.mp4,sorprendido,generalidades
/fr.fr/word/7820/carencia/0/?q=carencia,https://media.spreadthesign.com/video/mp4/10/265816.mp4,carencia,generalidades
/fr.fr/word/7821/romper-a-llorar/0/?q=romper+a+llorar,https://media.spreadthesign.com/video/mp4/10/180304.mp4,romper a llorar,generalidades
/fr.fr/word/7874/durante-el-dia/0/?q=durante+el+dia,https://media.spreadthesign.com/video/mp4/10/264872.mp4,durante el dia,generalidades
/fr.fr/word/7879/temblar/0/?q=temblar,https://media.spreadthesign.com/video/mp4/10/283650.mp4,temblar,generalidades
/fr.fr/word/7863/circulo/0/?q=c%C3%ADrculo,https://media.spreadthesign.com/video/mp4/10/158540.mp4,círculo,generalidades
/fr.fr/word/7588/almanaque/0/?q=almanaque,https://media.spreadthesign.com/video/mp4/10/169111.mp4,almanaque,generalidades
/fr.fr/word/7505/refunfunar/0/?q=refunfu%C3%B1ar,https://media.spreadthesign.com/video/mp4/10/256890.mp4,refunfuñar,generalidades
/fr.fr/word/7543/adicional/0/?q=adicional,https://media.spreadthesign.com/video/mp4/10/155973.mp4,adicional,generalidades
/fr.fr/word/7595/ambicioso/0/?q=ambicioso,https://media.spreadthesign.com/video/mp4/10/259781.mp4,ambicioso,generalidades
/fr.fr/word/7560/agresivo/0/?q=agresivo,https://media.spreadthesign.com/video/mp4/10/169100.mp4,agresivo,generalidades
/fr.fr/word/7563/aplazar/0/?q=aplazar,https://media.spreadthesign.com/video/mp4/10/156011.mp4,aplazar,generalidades
/fr.fr/word/7516/culpabilidad/0/?q=culpabilidad,https://media.spreadthesign.com/video/mp4/10/284188.mp4,culpabilidad,generalidades
/fr.fr/word/7208/temporal/0/?q=temporal,https://media.spreadthesign.com/video/mp4/10/188951.mp4,temporal,generalidades
/fr.fr/word/7274/cansarse/0/?q=cansarse,https://media.spreadthesign.com/video/mp4/10/266813.mp4,cansarse,generalidades
/fr.fr/word/7271/timido/0/?q=t%C3%ADmido,https://media.spreadthesign.com/video/mp4/10/188999.mp4,tímido,generalidades
/fr.fr/word/7272/diminuto/0/?q=diminuto,https://media.spreadthesign.com/video/mp4/10/187103.mp4,diminuto,generalidades
/fr.fr/word/7243/tres/0/?q=tres,https://media.spreadthesign.com/video/mp4/10/266804.mp4,tres,generalidades
/fr.fr/word/7247/emocionar/0/?q=emocionar,https://media.spreadthesign.com/video/mp4/10/283564.mp4,emocionar,generalidades
/fr.fr/word/7210/diez-mil/0/?q=diez+mil,https://media.spreadthesign.com/video/mp4/10/188954.mp4,diez mil,generalidades
/fr.fr/word/7218/terror/0/?q=terror,https://media.spreadthesign.com/video/mp4/10/188963.mp4,terror,generalidades
/fr.fr/word/72/volumen/0/?q=volumen,https://media.spreadthesign.com/video/mp4/10/708.mp4,volumen,generalidades
/fr.fr/word/7290/tolerar/0/?q=tolerar,https://media.spreadthesign.com/video/mp4/10/189012.mp4,tolerar,generalidades
/fr.fr/word/7296/esta-noche/0/?q=esta+noche,https://media.spreadthesign.com/video/mp4/10/158525.mp4,esta noche,generalidades
/fr.fr/word/7263/ajustado/0/?q=ajustado,https://media.spreadthesign.com/video/mp4/10/283574.mp4,ajustado,generalidades
/fr.fr/word/7234/tercero/0/?q=tercero,https://media.spreadthesign.com/video/mp4/10/266802.mp4,tercero,generalidades
/fr.fr/word/7236/treinta/0/?q=treinta,https://media.spreadthesign.com/video/mp4/10/266803.mp4,treinta,generalidades
/fr.fr/word/7985/entusiasta/0/?q=entusiasta,https://media.spreadthesign.com/video/mp4/10/185848.mp4,entusiasta,generalidades
/fr.fr/word/7920/distraido/0/?q=distra%C3%ADdo,https://media.spreadthesign.com/video/mp4/10/259735.mp4,distraído,generalidades
/fr.fr/word/7978/malvado/0/?q=malvado,https://media.spreadthesign.com/video/mp4/10/265930.mp4,malvado,generalidades
/fr.fr/word/7942/bueno/0/?q=bueno,https://media.spreadthesign.com/video/mp4/10/256866.mp4,bueno,generalidades
/fr.fr/word/7946/dia-y-noche/0/?q=dia+y+noche,https://media.spreadthesign.com/video/mp4/10/264868.mp4,dia y noche,generalidades
/fr.fr/word/7992/eternidad/0/?q=eternidad,https://media.spreadthesign.com/video/mp4/10/185878.mp4,eternidad,generalidades
/fr.fr/word/7964/luego/0/?q=luego,https://media.spreadthesign.com/video/mp4/10/259769.mp4,luego,generalidades
/fr.fr/word/7965/despues-de-eso/0/?q=despues+de+eso,https://media.spreadthesign.com/video/mp4/10/169098.mp4,despues de eso,generalidades
/fr.fr/word/7681/detestar/0/?q=detestar,https://media.spreadthesign.com/video/mp4/10/187031.mp4,detestar,generalidades
/fr.fr/word/3919/siempre/0/?q=siempre,https://media.spreadthesign.com/video/mp4/10/35117.mp4,siempre,generalidades
/fr.fr/word/3985/moderno/0/?q=moderno,https://media.spreadthesign.com/video/mp4/10/35447.mp4,moderno,generalidades
/fr.fr/word/3983/habitual/0/?q=habitual,https://media.spreadthesign.com/video/mp4/10/35437.mp4,habitual,generalidades
/fr.fr/word/3955/hipocrita/0/?q=hip%C3%B3crita,https://media.spreadthesign.com/video/mp4/10/35297.mp4,hipócrita,generalidades
/fr.fr/word/3953/generoso/0/?q=generoso,https://media.spreadthesign.com/video/mp4/10/35287.mp4,generoso,generalidades
/fr.fr/word/3926/ahora/0/?q=ahora,https://media.spreadthesign.com/video/mp4/10/35148.mp4,ahora,generalidades
/fr.fr/word/3990/confortable/0/?q=confortable,https://media.spreadthesign.com/video/mp4/10/35468.mp4,confortable,generalidades
/fr.fr/word/3992/atemorizado/0/?q=atemorizado,https://media.spreadthesign.com/video/mp4/10/35478.mp4,atemorizado,generalidades
/fr.fr/word/3994/decente/0/?q=decente,https://media.spreadthesign.com/video/mp4/10/35488.mp4,decente,generalidades
/fr.fr/word/3991/espantoso/0/?q=espantoso,https://media.spreadthesign.com/video/mp4/10/35477.mp4,espantoso,generalidades
/fr.fr/word/3996/agotador/0/?q=agotador,https://media.spreadthesign.com/video/mp4/10/35498.mp4,agotador,generalidades
/fr.fr/word/3999/excitacion/0/?q=excitaci%C3%B3n,https://media.spreadthesign.com/video/mp4/10/35517.mp4,excitación,generalidades
/fr.fr/word/3961/verguenza/0/?q=verg%C3%BCenza,https://media.spreadthesign.com/video/mp4/10/35327.mp4,vergüenza,generalidades
/fr.fr/word/3962/malhumorado/0/?q=malhumorado,https://media.spreadthesign.com/video/mp4/10/35328.mp4,malhumorado,generalidades
/fr.fr/word/3605/medida/0/?q=medida,https://media.spreadthesign.com/video/mp4/10/32828.mp4,medida,generalidades
/fr.fr/word/3602/afilado/0/?q=afilado,https://media.spreadthesign.com/video/mp4/10/32809.mp4,afilado,generalidades
/fr.fr/word/364/color/0/?q=color,https://media.spreadthesign.com/video/mp4/10/3566.mp4,color,generalidades
/fr.fr/word/36/talla/0/?q=talla,https://media.spreadthesign.com/video/mp4/10/357.mp4,talla,generalidades
/fr.fr/word/3398/prejuicio/0/?q=prejuicio,https://media.spreadthesign.com/video/mp4/10/31303.mp4,prejuicio,generalidades
/fr.fr/word/7008/cosmetico/0/?q=cosm%C3%A9tico,https://media.spreadthesign.com/video/mp4/10/180379.mp4,cosmético,estilo-de-vida
/fr.fr/word/7009/cirugia-estetica/0/?q=cirug%C3%ADa+est%C3%A9tica,https://media.spreadthesign.com/video/mp4/10/180378.mp4,cirugía estética,estilo-de-vida
/fr.fr/word/7080/cojin/0/?q=coj%C3%ADn,https://media.spreadthesign.com/video/mp4/10/180438.mp4,cojín,estilo-de-vida
/fr.fr/word/7081/custodia/0/?q=custodia,https://media.spreadthesign.com/video/mp4/10/180439.mp4,custodia,estilo-de-vida
/fr.fr/word/7082/lindo/0/?q=lindo,https://media.spreadthesign.com/video/mp4/10/180440.mp4,lindo,estilo-de-vida
/fr.fr/word/7058/corona/0/?q=corona,https://media.spreadthesign.com/video/mp4/10/180421.mp4,corona,estilo-de-vida
/fr.fr/word/7053/top/0/?q=top,https://media.spreadthesign.com/video/mp4/10/180416.mp4,top,estilo-de-vida
/fr.fr/word/7021/pareja/0/?q=pareja,https://media.spreadthesign.com/video/mp4/10/180388.mp4,pareja,estilo-de-vida
/fr.fr/word/7029/ropa-de-trabajo/0/?q=ropa+de+trabajo,https://media.spreadthesign.com/video/mp4/10/180396.mp4,ropa de trabajo,estilo-de-vida
/fr.fr/word/702/delantal/0/?q=delantal,https://media.spreadthesign.com/video/mp4/10/7005.mp4,delantal,estilo-de-vida
/fr.fr/word/7045/cuna/0/?q=cuna,https://media.spreadthesign.com/video/mp4/10/156629.mp4,cuna,estilo-de-vida
/fr.fr/word/7072/gemelo/0/?q=gemelo,https://media.spreadthesign.com/video/mp4/10/158364.mp4,gemelo,estilo-de-vida
/fr.fr/word/7077/tenacilla/0/?q=tenacilla,https://media.spreadthesign.com/video/mp4/10/180434.mp4,tenacilla,estilo-de-vida
/fr.fr/word/7034/cuna/0/?q=cuna,https://media.spreadthesign.com/video/mp4/10/156630.mp4,cuna,estilo-de-vida
/fr.fr/word/7707/centro-de-cuidados-infantiles/0/?q=centro+de+cuidados+infantiles,https://media.spreadthesign.com/video/mp4/10/173868.mp4,centro de cuidados infantiles,estilo-de-vida
/fr.fr/word/7777/invitado/0/?q=invitado,https://media.spreadthesign.com/video/mp4/10/186970.mp4,invitado,estilo-de-vida
/fr.fr/word/7741/conocido/0/?q=conocido,https://media.spreadthesign.com/video/mp4/10/169064.mp4,conocido,estilo-de-vida
/fr.fr/word/7714/prostitucion-infantil/0/?q=prostituci%C3%B3n+infantil,https://media.spreadthesign.com/video/mp4/10/264724.mp4,prostitución infantil,estilo-de-vida
/fr.fr/word/7711/fiesta-infantil/0/?q=fiesta+infantil,https://media.spreadthesign.com/video/mp4/10/180310.mp4,fiesta infantil,estilo-de-vida
/fr.fr/word/7730/segunda-mano/0/?q=segunda+mano,https://media.spreadthesign.com/video/mp4/10/188578.mp4,segunda mano,estilo-de-vida
/fr.fr/word/7409/triturador-de-basura/0/?q=triturador+de+basura,https://media.spreadthesign.com/video/mp4/10/186291.mp4,triturador de basura,estilo-de-vida
/fr.fr/word/7447/relucir/0/?q=relucir,https://media.spreadthesign.com/video/mp4/10/186371.mp4,relucir,estilo-de-vida
/fr.fr/word/7481/reloj-de-pie/0/?q=reloj+de+pie,https://media.spreadthesign.com/video/mp4/10/186410.mp4,reloj de pie,estilo-de-vida
/fr.fr/word/7482/abuelos/0/?q=abuelos,https://media.spreadthesign.com/video/mp4/10/186411.mp4,abuelos,estilo-de-vida
/fr.fr/word/7490/grasa/0/?q=grasa,https://media.spreadthesign.com/video/mp4/10/186420.mp4,grasa,estilo-de-vida
/fr.fr/word/7468/vestido-largo/0/?q=vestido+largo,https://media.spreadthesign.com/video/mp4/10/186402.mp4,vestido largo,estilo-de-vida
/fr.fr/word/7462/precioso/0/?q=precioso,https://media.spreadthesign.com/video/mp4/10/156618.mp4,precioso,estilo-de-vida
/fr.fr/word/7438/cheque-regalo/0/?q=cheque+regalo,https://media.spreadthesign.com/video/mp4/10/186359.mp4,cheque regalo,estilo-de-vida
/fr.fr/word/7170/puerta-trasera/0/?q=puerta+trasera,https://media.spreadthesign.com/video/mp4/10/188913.mp4,puerta trasera,estilo-de-vida
/fr.fr/word/7175/camiseta-sin-mangas/0/?q=camiseta+sin+mangas,https://media.spreadthesign.com/video/mp4/10/188920.mp4,camiseta sin mangas,estilo-de-vida
/fr.fr/word/7173/moreno/0/?q=moreno,https://media.spreadthesign.com/video/mp4/10/158385.mp4,moreno,estilo-de-vida
/fr.fr/word/7142/abrigo/0/?q=abrigo,https://media.spreadthesign.com/video/mp4/10/187449.mp4,abrigo,estilo-de-vida
/fr.fr/word/7198/osito-de-peluche/0/?q=osito+de+peluche,https://media.spreadthesign.com/video/mp4/10/188941.mp4,osito de peluche,estilo-de-vida
/fr.fr/word/7192/dia-del-profesor/0/?q=d%C3%ADa+del+profesor,https://media.spreadthesign.com/video/mp4/10/282917.mp4,día del profesor,estilo-de-vida
/fr.fr/word/7162/mesa-de-comedor/0/?q=mesa+de+comedor,https://media.spreadthesign.com/video/mp4/10/185627.mp4,mesa de comedor,estilo-de-vida
/fr.fr/word/7167/mesa-de-escritura/0/?q=mesa+de+escritura,https://media.spreadthesign.com/video/mp4/10/158447.mp4,mesa de escritura,estilo-de-vida
/fr.fr/word/7161/mesa-de-cafe/0/?q=mesa+de+caf%C3%A9,https://media.spreadthesign.com/video/mp4/10/173904.mp4,mesa de café,estilo-de-vida
/fr.fr/word/7163/mesa-plegable/0/?q=mesa+plegable,https://media.spreadthesign.com/video/mp4/10/255412.mp4,mesa plegable,estilo-de-vida
/fr.fr/word/7800/prostibulo/0/?q=prost%C3%ADbulo,https://media.spreadthesign.com/video/mp4/10/173717.mp4,prostíbulo,estilo-de-vida
/fr.fr/word/782/caja-registradora/0/?q=caja+registradora,https://media.spreadthesign.com/video/mp4/10/7827.mp4,caja registradora,estilo-de-vida
/fr.fr/word/7876/limpiar-el-polvo/0/?q=limpiar+el+polvo,https://media.spreadthesign.com/video/mp4/10/282661.mp4,limpiar el polvo,estilo-de-vida
/fr.fr/word/7846/banco/0/?q=banco,https://media.spreadthesign.com/video/mp4/10/180148.mp4,banco,estilo-de-vida
/fr.fr/word/7838/banera-jacuzzi/0/?q=ba%C3%B1era+jacuzzi,https://media.spreadthesign.com/video/mp4/10/283986.mp4,bañera jacuzzi,estilo-de-vida
/fr.fr/word/783/cajero/0/?q=cajero+,https://media.spreadthesign.com/video/mp4/10/7842.mp4,cajero ,estilo-de-vida
/fr.fr/word/7504/padrino-de-bodas/0/?q=padrino+de+bodas,https://media.spreadthesign.com/video/mp4/10/256887.mp4,padrino de bodas,estilo-de-vida
/fr.fr/word/7502/tendero/0/?q=tendero,https://media.spreadthesign.com/video/mp4/10/186426.mp4,tendero,estilo-de-vida
/fr.fr/word/7503/futuro-marido/0/?q=futuro+marido,https://media.spreadthesign.com/video/mp4/10/186427.mp4,futuro marido,estilo-de-vida
/fr.fr/word/7546/adoptante/0/?q=adoptante,https://media.spreadthesign.com/video/mp4/10/169074.mp4,adoptante,estilo-de-vida
/fr.fr/word/7547/padres-adoptivos/0/?q=padres+adoptivos,https://media.spreadthesign.com/video/mp4/10/259764.mp4,padres adoptivos,estilo-de-vida
/fr.fr/word/7598/dar-el-pecho/0/?q=dar+el+pecho,https://media.spreadthesign.com/video/mp4/10/171986.mp4,dar el pecho,estilo-de-vida
/fr.fr/word/7513/lista-de-invitados/0/?q=lista+de+invitados,https://media.spreadthesign.com/video/mp4/10/256898.mp4,lista de invitados,estilo-de-vida
/fr.fr/word/724/cesto/0/?q=cesto,https://media.spreadthesign.com/video/mp4/10/7237.mp4,cesto,estilo-de-vida
/fr.fr/word/7288/escobilla-del-vater/0/?q=escobilla+del+v%C3%A1ter,https://media.spreadthesign.com/video/mp4/10/158389.mp4,escobilla del váter,estilo-de-vida
/fr.fr/word/7289/taza-de-vater/0/?q=taza+de+v%C3%A1ter,https://media.spreadthesign.com/video/mp4/10/189011.mp4,taza de váter,estilo-de-vida
/fr.fr/word/7287/soporte-del-papel-higienico/0/?q=soporte+del+papel+higi%C3%A9nico,https://media.spreadthesign.com/video/mp4/10/283587.mp4,soporte del papel higiénico,estilo-de-vida
/fr.fr/word/7264/equilibrista/0/?q=equilibrista,https://media.spreadthesign.com/video/mp4/10/283575.mp4,equilibrista,estilo-de-vida
/fr.fr/word/7260/hacerle-cosquillas-a/0/?q=hacerle+cosquillas+a,https://media.spreadthesign.com/video/mp4/10/158577.mp4,hacerle cosquillas a,estilo-de-vida
/fr.fr/word/7917/disneyland/0/?q=disneyland,https://media.spreadthesign.com/video/mp4/10/155932.mp4,disneyland,estilo-de-vida
/fr.fr/word/7923/parque-zoologico/0/?q=parque+zool%C3%B3gico,https://media.spreadthesign.com/video/mp4/10/266942.mp4,parque zoológico,estilo-de-vida
/fr.fr/word/7621/anular/0/?q=anular,https://media.spreadthesign.com/video/mp4/10/259783.mp4,anular,estilo-de-vida
/fr.fr/word/7622/anulacion/0/?q=anulaci%C3%B3n,https://media.spreadthesign.com/video/mp4/10/259784.mp4,anulación,estilo-de-vida
/fr.fr/word/7623/anorak/0/?q=anorak,https://media.spreadthesign.com/video/mp4/10/169166.mp4,anorak,estilo-de-vida
/fr.fr/word/7648/reloj-de-pulsera/0/?q=reloj+de+pulsera,https://media.spreadthesign.com/video/mp4/10/189258.mp4,reloj de pulsera,estilo-de-vida
/fr.fr/word/7692/zona-de-bano/0/?q=zona+de+ba%C3%B1o,https://media.spreadthesign.com/video/mp4/10/169390.mp4,zona de baño,estilo-de-vida
/fr.fr/word/7637/dia-de-los-inocentes/0/?q=Dia+de+los+inocentes,https://media.spreadthesign.com/video/mp4/10/281486.mp4,Dia de los inocentes,estilo-de-vida
/fr.fr/word/7386/pinzas/0/?q=pinzas,https://media.spreadthesign.com/video/mp4/10/189088.mp4,pinzas,estilo-de-vida
/fr.fr/word/7383/esmoquin/0/?q=esmoquin,https://media.spreadthesign.com/video/mp4/10/283681.mp4,esmoquin,estilo-de-vida
/fr.fr/word/7308/sombrero-de-copa/0/?q=sombrero+de+copa,https://media.spreadthesign.com/video/mp4/10/158563.mp4,sombrero de copa,estilo-de-vida
/fr.fr/word/7305/soporte-para-el-cepillo-de-dientes/0/?q=soporte+para+el+cepillo+de+dientes,https://media.spreadthesign.com/video/mp4/10/189018.mp4,soporte para el cepillo de dientes,estilo-de-vida
/fr.fr/word/737/fiesta-de-cumpleanos/0/?q=fiesta+de+cumplea%C3%B1os,https://media.spreadthesign.com/video/mp4/10/7369.mp4,fiesta de cumpleaños,estilo-de-vida
/fr.fr/word/7360/trillizos/0/?q=trillizos,https://media.spreadthesign.com/video/mp4/10/283660.mp4,trillizos,estilo-de-vida
/fr.fr/word/7339/basura/0/?q=basura,https://media.spreadthesign.com/video/mp4/10/158730.mp4,basura,estilo-de-vida
/fr.fr/word/4084/payaso/0/?q=payaso,https://media.spreadthesign.com/video/mp4/10/35934.mp4,payaso,estilo-de-vida
/fr.fr/word/4081/papa-noel/0/?q=Pap%C3%A1+Noel,https://media.spreadthesign.com/video/mp4/10/35923.mp4,Papá Noel,estilo-de-vida
/fr.fr/word/4057/afrodisiaco/0/?q=afrodis%C3%ADaco,https://media.spreadthesign.com/video/mp4/10/35804.mp4,afrodisíaco,estilo-de-vida
/fr.fr/word/4030/navidad/0/?q=Navidad,https://media.spreadthesign.com/video/mp4/10/35666.mp4,Navidad,estilo-de-vida
/fr.fr/word/4702/embarrado/0/?q=embarrado,https://media.spreadthesign.com/video/mp4/10/39698.mp4,embarrado,estilo-de-vida
/fr.fr/word/4712/cortacesped/0/?q=cortac%C3%A9sped,https://media.spreadthesign.com/video/mp4/10/39758.mp4,cortacésped,estilo-de-vida
/fr.fr/word/419/amigo/0/?q=amigo,https://media.spreadthesign.com/video/mp4/10/4115.mp4,amigo,estilo-de-vida
/fr.fr/word/480/cine/0/?q=cine,https://media.spreadthesign.com/video/mp4/10/4725.mp4,cine,estilo-de-vida
/fr.fr/word/4281/crampon/0/?q=cramp%C3%B3n,https://media.spreadthesign.com/video/mp4/10/37222.mp4,crampón,estilo-de-vida
/fr.fr/word/1019/fregona/0/?q=fregona,https://media.spreadthesign.com/video/mp4/10/10198.mp4,fregona,estilo-de-vida
/fr.fr/word/10884/almohadilla/0/?q=almohadilla,https://media.spreadthesign.com/video/mp4/10/285528.mp4,almohadilla,estilo-de-vida
/fr.fr/word/10887/cortejo/0/?q=cortejo,https://media.spreadthesign.com/video/mp4/10/187472.mp4,cortejo,estilo-de-vida
/fr.fr/word/10858/papa/0/?q=pap%C3%A1,https://media.spreadthesign.com/video/mp4/10/180443.mp4,papá,estilo-de-vida
/fr.fr/word/10851/leche-materna/0/?q=leche+materna,https://media.spreadthesign.com/video/mp4/10/281634.mp4,leche materna,estilo-de-vida
/fr.fr/word/10850/rubia/0/?q=rubia,https://media.spreadthesign.com/video/mp4/10/156666.mp4,rubia,estilo-de-vida
/fr.fr/word/10849/cubos-para-bebes/0/?q=cubos+para+beb%C3%A9s,https://media.spreadthesign.com/video/mp4/10/156663.mp4,cubos para bebés,estilo-de-vida
/fr.fr/word/10869/mama/0/?q=mam%C3%A1,https://media.spreadthesign.com/video/mp4/10/266002.mp4,mamá,estilo-de-vida
/fr.fr/word/10901/toallita-de-papel/0/?q=toallita+de+papel,https://media.spreadthesign.com/video/mp4/10/187490.mp4,toallita de papel,estilo-de-vida
/fr.fr/word/10903/desfile/0/?q=desfile,https://media.spreadthesign.com/video/mp4/10/187498.mp4,desfile,estilo-de-vida
/fr.fr/word/10972/perfume/0/?q=perfume,https://media.spreadthesign.com/video/mp4/10/187660.mp4,perfume,estilo-de-vida
/fr.fr/word/10941/muebles-de-jardin/0/?q=muebles+de+jard%C3%ADn,https://media.spreadthesign.com/video/mp4/10/156155.mp4,muebles de jardín,estilo-de-vida
/fr.fr/word/10993/granja-escuela/0/?q=granja+escuela,https://media.spreadthesign.com/video/mp4/10/266178.mp4,granja escuela,estilo-de-vida
/fr.fr/word/10916/progenitor/0/?q=progenitor,https://media.spreadthesign.com/video/mp4/10/266127.mp4,progenitor,estilo-de-vida
/fr.fr/word/10935/organizador-de-eventos/0/?q=organizador+de+eventos,https://media.spreadthesign.com/video/mp4/10/187558.mp4,organizador de eventos,estilo-de-vida
/fr.fr/word/10932/obsequio-para-invitados/0/?q=obsequio+para+invitados,https://media.spreadthesign.com/video/mp4/10/187557.mp4,obsequio para invitados,estilo-de-vida
/fr.fr/word/10934/gorro-de-fiesta/0/?q=gorro+de+fiesta,https://media.spreadthesign.com/video/mp4/10/158562.mp4,gorro de fiesta,estilo-de-vida
/fr.fr/word/10931/fiesta/0/?q=fiesta,https://media.spreadthesign.com/video/mp4/10/266143.mp4,fiesta,estilo-de-vida
/fr.fr/word/10933/invitacion-a-una-fiesta/0/?q=invitaci%C3%B3n+a+una+fiesta,https://media.spreadthesign.com/video/mp4/10/266145.mp4,invitación a una fiesta,estilo-de-vida
/fr.fr/word/106/banco-de-trabajo/0/?q=banco+de+trabajo,https://media.spreadthesign.com/video/mp4/10/1053.mp4,banco de trabajo,estilo-de-vida
/fr.fr/word/10302/persiana/0/?q=persiana,https://media.spreadthesign.com/video/mp4/10/281595.mp4,persiana,estilo-de-vida
/fr.fr/word/10322/celebracion/0/?q=celebraci%C3%B3n,https://media.spreadthesign.com/video/mp4/10/173839.mp4,celebración,estilo-de-vida
/fr.fr/word/10334/limpiar/0/?q=limpiar,https://media.spreadthesign.com/video/mp4/10/264741.mp4,limpiar,estilo-de-vida
/fr.fr/word/10333/limpieza/0/?q=limpieza,https://media.spreadthesign.com/video/mp4/10/173886.mp4,limpieza,estilo-de-vida
/fr.fr/word/17794/madre-lactante/0/?q=madre+lactante,https://media.spreadthesign.com/video/mp4/10/281636.mp4,madre lactante,estilo-de-vida
/fr.fr/word/17479/ano-nuevo/0/?q=A%C3%B1o+Nuevo,https://media.spreadthesign.com/video/mp4/10/266037.mp4,Año Nuevo,estilo-de-vida
/fr.fr/word/17125/noche-buena/0/?q=Noche+Buena,https://media.spreadthesign.com/video/mp4/10/281741.mp4,Noche Buena,estilo-de-vida
/fr.fr/word/17126/arbol-de-navidad/0/?q=%C3%A1rbol+de+navidad,https://media.spreadthesign.com/video/mp4/10/267073.mp4,árbol de navidad,estilo-de-vida
/fr.fr/word/1782/panuelo/0/?q=pa%C3%B1uelo,https://media.spreadthesign.com/video/mp4/10/17728.mp4,pañuelo,estilo-de-vida
/fr.fr/word/17844/pobreza-infantil/0/?q=pobreza+infantil,https://media.spreadthesign.com/video/mp4/10/264723.mp4,pobreza infantil,estilo-de-vida
/fr.fr/word/17846/protector-de-menores/0/?q=protector+de+menores,https://media.spreadthesign.com/video/mp4/10/264726.mp4,protector de menores,estilo-de-vida
/fr.fr/word/1781/secador-de-pelo/0/?q=secador+de+pelo,https://media.spreadthesign.com/video/mp4/10/17727.mp4,secador de pelo,estilo-de-vida
/fr.fr/word/1783/sexo/0/?q=sexo,https://media.spreadthesign.com/video/mp4/10/17744.mp4,sexo,estilo-de-vida
/fr.fr/word/1721/supermercado/0/?q=supermercado,https://media.spreadthesign.com/video/mp4/10/17121.mp4,supermercado,estilo-de-vida
/fr.fr/word/17223/vestirse/0/?q=vestirse,https://media.spreadthesign.com/video/mp4/10/256850.mp4,vestirse,estilo-de-vida
/fr.fr/word/17387/hacer-la-cama/0/?q=hacer+la+cama,https://media.spreadthesign.com/video/mp4/10/285196.mp4,hacer la cama,estilo-de-vida
/fr.fr/word/17328/bragas/0/?q=bragas,https://media.spreadthesign.com/video/mp4/10/285103.mp4,bragas,estilo-de-vida
/fr.fr/word/1408/almohada/0/?q=almohada,https://media.spreadthesign.com/video/mp4/10/13941.mp4,almohada,estilo-de-vida
/fr.fr/word/14012/precio-de-catalogo/0/?q=precio+de+cat%C3%A1logo,https://media.spreadthesign.com/video/mp4/10/281704.mp4,precio de catálogo,estilo-de-vida
/fr.fr/word/1401/perchero-de-pared/0/?q=perchero+de+pared,https://media.spreadthesign.com/video/mp4/10/13874.mp4,perchero de pared,estilo-de-vida
/fr.fr/word/14011/envio-contra-reembolso/0/?q=env%C3%ADo+contra+reembolso,https://media.spreadthesign.com/video/mp4/10/281697.mp4,envío contra reembolso,estilo-de-vida
/fr.fr/word/14073/venta-directa/0/?q=venta+directa,https://media.spreadthesign.com/video/mp4/10/282366.mp4,venta directa,estilo-de-vida
/fr.fr/word/14409/precio-al-por-menor/0/?q=precio+al+por+menor,https://media.spreadthesign.com/video/mp4/10/266438.mp4,precio al por menor,estilo-de-vida
/fr.fr/word/1440/nieta/0/?q=nieta,https://media.spreadthesign.com/video/mp4/10/14278.mp4,nieta,estilo-de-vida
/fr.fr/word/1447/sobrina/0/?q=sobrina,https://media.spreadthesign.com/video/mp4/10/14347.mp4,sobrina,estilo-de-vida
/fr.fr/word/14410/vendedor-al-por-menor/0/?q=vendedor+al+por+menor,https://media.spreadthesign.com/video/mp4/10/266439.mp4,vendedor al por menor,estilo-de-vida
/fr.fr/word/1441/yerno/0/?q=yerno,https://media.spreadthesign.com/video/mp4/10/14286.mp4,yerno,estilo-de-vida
/fr.fr/word/1448/cunado/0/?q=cu%C3%B1ado,https://media.spreadthesign.com/video/mp4/10/14350.mp4,cuñado,estilo-de-vida
/fr.fr/word/14455/dependiente/0/?q=dependiente,https://media.spreadthesign.com/video/mp4/10/266561.mp4,dependiente,estilo-de-vida
/fr.fr/word/14452/poner-en-una-estanteria/0/?q=poner+en+una+estanter%C3%ADa,https://media.spreadthesign.com/video/mp4/10/281996.mp4,poner en una estantería,estilo-de-vida
/fr.fr/word/14457/carro-de-la-compra/0/?q=carro+de+la+compra,https://media.spreadthesign.com/video/mp4/10/266562.mp4,carro de la compra,estilo-de-vida
/fr.fr/word/1445/primo/0/?q=primo,https://media.spreadthesign.com/video/mp4/10/14328.mp4,primo,estilo-de-vida
/fr.fr/word/1442/nuera/0/?q=nuera,https://media.spreadthesign.com/video/mp4/10/14297.mp4,nuera,estilo-de-vida
/fr.fr/word/1449/cunada/0/?q=cu%C3%B1ada,https://media.spreadthesign.com/video/mp4/10/14360.mp4,cuñada,estilo-de-vida
/fr.fr/word/14465/oferta-especial/0/?q=oferta+especial,https://media.spreadthesign.com/video/mp4/10/282123.mp4,oferta especial,estilo-de-vida
/fr.fr/word/1443/tio/0/?q=t%C3%ADo,https://media.spreadthesign.com/video/mp4/10/14307.mp4,tío,estilo-de-vida
/fr.fr/word/14186/tarjeta-de-invitacion/0/?q=tarjeta+de+invitaci%C3%B3n,https://media.spreadthesign.com/video/mp4/10/257091.mp4,tarjeta de invitación,estilo-de-vida
/fr.fr/word/14122/flash-mob/0/?q=flash+mob,https://media.spreadthesign.com/video/mp4/10/255400.mp4,flash mob,estilo-de-vida
/fr.fr/word/1414/colonia/0/?q=colonia,https://media.spreadthesign.com/video/mp4/10/14006.mp4,colonia,estilo-de-vida
/fr.fr/word/14165/compra-impulsiva/0/?q=compra+impulsiva,https://media.spreadthesign.com/video/mp4/10/284966.mp4,compra impulsiva,estilo-de-vida
/fr.fr/word/1413/bano/0/?q=ba%C3%B1o,https://media.spreadthesign.com/video/mp4/10/13993.mp4,baño,estilo-de-vida
/fr.fr/word/1488/blusa/0/?q=blusa,https://media.spreadthesign.com/video/mp4/10/14752.mp4,blusa,estilo-de-vida
/fr.fr/word/1485/abrigo/0/?q=abrigo,https://media.spreadthesign.com/video/mp4/10/14731.mp4,abrigo,estilo-de-vida
/fr.fr/word/1487/camisa/0/?q=camisa,https://media.spreadthesign.com/video/mp4/10/14751.mp4,camisa,estilo-de-vida
/fr.fr/word/14847/traje-nacional/0/?q=traje+nacional,https://media.spreadthesign.com/video/mp4/10/285387.mp4,traje nacional,estilo-de-vida
/fr.fr/word/14846/perla/0/?q=perla,https://media.spreadthesign.com/video/mp4/10/285405.mp4,perla,estilo-de-vida
/fr.fr/word/1484/ropa/0/?q=ropa,https://media.spreadthesign.com/video/mp4/10/14718.mp4,ropa,estilo-de-vida
/fr.fr/word/1489/corbata/0/?q=corbata,https://media.spreadthesign.com/video/mp4/10/14765.mp4,corbata,estilo-de-vida
/fr.fr/word/1486/camiseta/0/?q=camiseta,https://media.spreadthesign.com/video/mp4/10/14734.mp4,camiseta,estilo-de-vida
/fr.fr/word/14866/trenzar/0/?q=trenzar,https://media.spreadthesign.com/video/mp4/10/259899.mp4,trenzar,estilo-de-vida
/fr.fr/word/1450/gemelos/0/?q=gemelos,https://media.spreadthesign.com/video/mp4/10/14377.mp4,gemelos,estilo-de-vida
/fr.fr/word/1455/divorciado/0/?q=divorciado,https://media.spreadthesign.com/video/mp4/10/14427.mp4,divorciado,estilo-de-vida
/fr.fr/word/14542/almacen/0/?q=almac%C3%A9n,https://media.spreadthesign.com/video/mp4/10/283859.mp4,almacén,estilo-de-vida
/fr.fr/word/1451/casado/0/?q=casado,https://media.spreadthesign.com/video/mp4/10/14387.mp4,casado,estilo-de-vida
/fr.fr/word/14563/limpiador/0/?q=limpiador,https://media.spreadthesign.com/video/mp4/10/281757.mp4,limpiador,estilo-de-vida
/fr.fr/word/1453/pariente/0/?q=pariente,https://media.spreadthesign.com/video/mp4/10/14407.mp4,pariente,estilo-de-vida
/fr.fr/word/14281/compra-online/0/?q=compra+online,https://media.spreadthesign.com/video/mp4/10/285466.mp4,compra online,estilo-de-vida
/fr.fr/word/14279/libreria-online/0/?q=librer%C3%ADa+online,https://media.spreadthesign.com/video/mp4/10/285462.mp4,librería online,estilo-de-vida
/fr.fr/word/14277/en-oferta/0/?q=en+oferta,https://media.spreadthesign.com/video/mp4/10/285449.mp4,en oferta,estilo-de-vida
/fr.fr/word/1423/columpio/0/?q=columpio,https://media.spreadthesign.com/video/mp4/10/14104.mp4,columpio,estilo-de-vida
/fr.fr/word/1490/jersey/0/?q=jersey,https://media.spreadthesign.com/video/mp4/10/14782.mp4,jersey,estilo-de-vida
/fr.fr/word/1494/vestido/0/?q=vestido,https://media.spreadthesign.com/video/mp4/10/14823.mp4,vestido,estilo-de-vida
/fr.fr/word/1491/pantalones/0/?q=pantalones,https://media.spreadthesign.com/video/mp4/10/14783.mp4,pantalones,estilo-de-vida
/fr.fr/word/1498/sombrero/0/?q=sombrero,https://media.spreadthesign.com/video/mp4/10/14861.mp4,sombrero,estilo-de-vida
/fr.fr/word/1495/chandal/0/?q=ch%C3%A1ndal,https://media.spreadthesign.com/video/mp4/10/14824.mp4,chándal,estilo-de-vida
/fr.fr/word/1492/pantalon-vaquero/0/?q=pantal%C3%B3n+vaquero,https://media.spreadthesign.com/video/mp4/10/14794.mp4,pantalón vaquero,estilo-de-vida
/fr.fr/word/1496/bufanda/0/?q=bufanda,https://media.spreadthesign.com/video/mp4/10/14843.mp4,bufanda,estilo-de-vida
/fr.fr/word/1493/falda/0/?q=falda,https://media.spreadthesign.com/video/mp4/10/14811.mp4,falda,estilo-de-vida
/fr.fr/word/1460/rubio/0/?q=rubio,https://media.spreadthesign.com/video/mp4/10/14468.mp4,rubio,estilo-de-vida
/fr.fr/word/1462/guapo/0/?q=guapo,https://media.spreadthesign.com/video/mp4/10/14498.mp4,guapo,estilo-de-vida
/fr.fr/word/1464/feo/0/?q=feo,https://media.spreadthesign.com/video/mp4/10/14509.mp4,feo,estilo-de-vida
/fr.fr/word/1461/pelo-castano/0/?q=pelo+casta%C3%B1o,https://media.spreadthesign.com/video/mp4/10/14480.mp4,pelo castaño,estilo-de-vida
/fr.fr/word/1463/guapa/0/?q=guapa,https://media.spreadthesign.com/video/mp4/10/14508.mp4,guapa,estilo-de-vida
/fr.fr/word/1437/abuelo/0/?q=abuelo,https://media.spreadthesign.com/video/mp4/10/14248.mp4,abuelo,estilo-de-vida
/fr.fr/word/1434/hija/0/?q=hija,https://media.spreadthesign.com/video/mp4/10/14209.mp4,hija,estilo-de-vida
/fr.fr/word/1431/cometa/0/?q=cometa,https://media.spreadthesign.com/video/mp4/10/14179.mp4,cometa,estilo-de-vida
/fr.fr/word/14385/club-de-lectura/0/?q=club+de+lectura,https://media.spreadthesign.com/video/mp4/10/266360.mp4,club de lectura,estilo-de-vida
/fr.fr/word/1438/abuela/0/?q=abuela,https://media.spreadthesign.com/video/mp4/10/14249.mp4,abuela,estilo-de-vida
/fr.fr/word/1435/hermano/0/?q=hermano,https://media.spreadthesign.com/video/mp4/10/14228.mp4,hermano,estilo-de-vida
/fr.fr/word/1439/nieto/0/?q=nieto,https://media.spreadthesign.com/video/mp4/10/14261.mp4,nieto,estilo-de-vida
/fr.fr/word/1436/hermana/0/?q=hermana,https://media.spreadthesign.com/video/mp4/10/14231.mp4,hermana,estilo-de-vida
/fr.fr/word/14339/tarifa-de-precios/0/?q=tarifa+de+precios,https://media.spreadthesign.com/video/mp4/10/266259.mp4,tarifa de precios,estilo-de-vida
/fr.fr/word/1433/hijo/0/?q=hijo,https://media.spreadthesign.com/video/mp4/10/14206.mp4,hijo,estilo-de-vida
/fr.fr/word/11080/fiesta-en-la-piscina/0/?q=fiesta+en+la+piscina,https://media.spreadthesign.com/video/mp4/10/187798.mp4,fiesta en la piscina,estilo-de-vida
/fr.fr/word/11051/reloj-de-bolsillo/0/?q=reloj+de+bolsillo,https://media.spreadthesign.com/video/mp4/10/187771.mp4,reloj de bolsillo,estilo-de-vida
/fr.fr/word/11077/poncho/0/?q=poncho,https://media.spreadthesign.com/video/mp4/10/187794.mp4,poncho,estilo-de-vida
/fr.fr/word/11098/bolsito/0/?q=bolsito,https://media.spreadthesign.com/video/mp4/10/187818.mp4,bolsito,estilo-de-vida
/fr.fr/word/11015/funda-de-almohada/0/?q=funda+de+almohada,https://media.spreadthesign.com/video/mp4/10/187723.mp4,funda de almohada,estilo-de-vida
/fr.fr/word/1103/estante/0/?q=estante,https://media.spreadthesign.com/video/mp4/10/188098.mp4,estante,estilo-de-vida
/fr.fr/word/1170/poner-en-remojo/0/?q=poner+en+remojo,https://media.spreadthesign.com/video/mp4/10/11674.mp4,poner en remojo,estilo-de-vida
/fr.fr/word/11758/tirantes/0/?q=tirantes,https://media.spreadthesign.com/video/mp4/10/188894.mp4,tirantes,estilo-de-vida
/fr.fr/word/11751/fiesta-sorpresa/0/?q=fiesta+sorpresa,https://media.spreadthesign.com/video/mp4/10/188886.mp4,fiesta sorpresa,estilo-de-vida
/fr.fr/word/11727/chuparse-el-dedo/0/?q=chuparse+el+dedo,https://media.spreadthesign.com/video/mp4/10/283568.mp4,chuparse el dedo,estilo-de-vida
/fr.fr/word/11719/cosas/0/?q=cosas,https://media.spreadthesign.com/video/mp4/10/282844.mp4,cosas,estilo-de-vida
/fr.fr/word/11764/amor-mio/0/?q=amor+m%C3%ADo,https://media.spreadthesign.com/video/mp4/10/282887.mp4,amor mío,estilo-de-vida
/fr.fr/word/11734/bano-de-sol/0/?q=ba%C3%B1o+de+sol,https://media.spreadthesign.com/video/mp4/10/188864.mp4,baño de sol,estilo-de-vida
/fr.fr/word/11731/traje-de-mujer/0/?q=traje+de+mujer,https://media.spreadthesign.com/video/mp4/10/177013.mp4,traje de mujer,estilo-de-vida
/fr.fr/word/11730/traje-para-caballeros/0/?q=traje+para+caballeros,https://media.spreadthesign.com/video/mp4/10/187077.mp4,traje para caballeros,estilo-de-vida
/fr.fr/word/11485/jersey-de-cuello-alto/0/?q=jersey+de+cuello+alto,https://media.spreadthesign.com/video/mp4/10/189084.mp4,jersey de cuello alto,estilo-de-vida
/fr.fr/word/11487/camisa-y-corbata/0/?q=camisa+y+corbata,https://media.spreadthesign.com/video/mp4/10/158594.mp4,camisa y corbata,estilo-de-vida
/fr.fr/word/11486/camisa-del-esmoquin/0/?q=camisa+del+esmoquin,https://media.spreadthesign.com/video/mp4/10/283682.mp4,camisa del esmoquin,estilo-de-vida
/fr.fr/word/11483/camisa-sin-mangas/0/?q=camisa+sin+mangas,https://media.spreadthesign.com/video/mp4/10/158596.mp4,camisa sin mangas,estilo-de-vida
/fr.fr/word/11474/brocha-de-afeitado/0/?q=brocha+de+afeitado,https://media.spreadthesign.com/video/mp4/10/156653.mp4,brocha de afeitado,estilo-de-vida
/fr.fr/word/11475/crema-de-afeitado/0/?q=crema+de+afeitado,https://media.spreadthesign.com/video/mp4/10/188621.mp4,crema de afeitado,estilo-de-vida
/fr.fr/word/11476/kit-de-afeitado/0/?q=kit+de+afeitado,https://media.spreadthesign.com/video/mp4/10/188622.mp4,kit de afeitado,estilo-de-vida
/fr.fr/word/11449/balancin/0/?q=balanc%C3%ADn,https://media.spreadthesign.com/video/mp4/10/180141.mp4,balancín,estilo-de-vida
/fr.fr/word/11443/distribucion-de-asientos/0/?q=distribuci%C3%B3n+de+asientos,https://media.spreadthesign.com/video/mp4/10/188574.mp4,distribución de asientos,estilo-de-vida
/fr.fr/word/11490/calzador/0/?q=calzador,https://media.spreadthesign.com/video/mp4/10/158581.mp4,calzador,estilo-de-vida
/fr.fr/word/11492/zapatero/0/?q=zapatero,https://media.spreadthesign.com/video/mp4/10/188633.mp4,zapatero,estilo-de-vida
/fr.fr/word/11497/ir-de-compras/0/?q=ir+de+compras,https://media.spreadthesign.com/video/mp4/10/188636.mp4,ir de compras,estilo-de-vida
/fr.fr/word/11494/sandalia-de-dedo/0/?q=sandalia+de+dedo,https://media.spreadthesign.com/video/mp4/10/188982.mp4,sandalia de dedo,estilo-de-vida
/fr.fr/word/11496/tendero/0/?q=tendero,https://media.spreadthesign.com/video/mp4/10/158756.mp4,tendero,estilo-de-vida
/fr.fr/word/1146/fregar/0/?q=fregar,https://media.spreadthesign.com/video/mp4/10/11443.mp4,fregar,estilo-de-vida
/fr.fr/word/11191/impermeable/0/?q=impermeable,https://media.spreadthesign.com/video/mp4/10/188108.mp4,impermeable,estilo-de-vida
/fr.fr/word/11116/obsequio/0/?q=obsequio,https://media.spreadthesign.com/video/mp4/10/187860.mp4,obsequio,estilo-de-vida
/fr.fr/word/11171/monedero/0/?q=monedero,https://media.spreadthesign.com/video/mp4/10/158356.mp4,monedero,estilo-de-vida
/fr.fr/word/11843/descendencia/0/?q=descendencia,https://media.spreadthesign.com/video/mp4/10/187389.mp4,descendencia,estilo-de-vida
/fr.fr/word/11864/superficial/0/?q=superficial,https://media.spreadthesign.com/video/mp4/10/188870.mp4,superficial,estilo-de-vida
/fr.fr/word/11501/alcachofa-de-la-ducha/0/?q=alcachofa+de+la+ducha,https://media.spreadthesign.com/video/mp4/10/188641.mp4,alcachofa de la ducha,estilo-de-vida
/fr.fr/word/1150/autoservicio/0/?q=autoservicio,https://media.spreadthesign.com/video/mp4/10/11471.mp4,autoservicio,estilo-de-vida
/fr.fr/word/11577/muneco-de-nieve/0/?q=mu%C3%B1eco+de+nieve,https://media.spreadthesign.com/video/mp4/10/158335.mp4,muñeco de nieve,estilo-de-vida
/fr.fr/word/1157/aparador/0/?q=aparador,https://media.spreadthesign.com/video/mp4/10/11540.mp4,aparador,estilo-de-vida
/fr.fr/word/11548/manga/0/?q=manga,https://media.spreadthesign.com/video/mp4/10/282053.mp4,manga,estilo-de-vida
/fr.fr/word/11514/bodas-de-plata/0/?q=bodas+de+plata,https://media.spreadthesign.com/video/mp4/10/155874.mp4,bodas de plata,estilo-de-vida
/fr.fr/word/11518/pila/0/?q=pila,https://media.spreadthesign.com/video/mp4/10/282041.mp4,pila,estilo-de-vida
/fr.fr/word/11580/pastilla-de-jabon/0/?q=pastilla+de+jab%C3%B3n,https://media.spreadthesign.com/video/mp4/10/188714.mp4,pastilla de jabón,estilo-de-vida
/fr.fr/word/11582/dispensador-de-jabon/0/?q=dispensador+de+jab%C3%B3n,https://media.spreadthesign.com/video/mp4/10/188715.mp4,dispensador de jabón,estilo-de-vida
/fr.fr/word/11587/sofa-cama/0/?q=sof%C3%A1-cama,https://media.spreadthesign.com/video/mp4/10/158481.mp4,sofá-cama,estilo-de-vida
/fr.fr/word/11589/vendido/0/?q=vendido,https://media.spreadthesign.com/video/mp4/10/282095.mp4,vendido,estilo-de-vida
/fr.fr/word/11554/zapatillas-de-estar-por-casa/0/?q=zapatillas+de+estar+por+casa,https://media.spreadthesign.com/video/mp4/10/188699.mp4,zapatillas de estar por casa,estilo-de-vida
/fr.fr/word/1155/bolsa-de-la-compra/0/?q=bolsa+de+la+compra,https://media.spreadthesign.com/video/mp4/10/11529.mp4,bolsa de la compra,estilo-de-vida
/fr.fr/word/11527/fiesta-de-los-anos-sesenta/0/?q=fiesta+de+los+a%C3%B1os+sesenta,https://media.spreadthesign.com/video/mp4/10/188673.mp4,fiesta de los años sesenta,estilo-de-vida
/fr.fr/word/11566/deportivas/0/?q=deportivas,https://media.spreadthesign.com/video/mp4/10/156546.mp4,deportivas,estilo-de-vida
/fr.fr/word/11538/falda-larga/0/?q=falda+larga,https://media.spreadthesign.com/video/mp4/10/265883.mp4,falda larga,estilo-de-vida
/fr.fr/word/11539/minifalda/0/?q=minifalda,https://media.spreadthesign.com/video/mp4/10/187096.mp4,minifalda,estilo-de-vida
/fr.fr/word/11217/asiento-reclinable/0/?q=asiento+reclinable,https://media.spreadthesign.com/video/mp4/10/158555.mp4,asiento reclinable,estilo-de-vida
/fr.fr/word/1129/desperdicios/0/?q=desperdicios,https://media.spreadthesign.com/video/mp4/10/11273.mp4,desperdicios,estilo-de-vida
/fr.fr/word/11961/filial/0/?q=filial,https://media.spreadthesign.com/video/mp4/10/186075.mp4,filial,estilo-de-vida
/fr.fr/word/11972/pedigri/0/?q=pedigr%C3%AD,https://media.spreadthesign.com/video/mp4/10/187636.mp4,pedigrí,estilo-de-vida
/fr.fr/word/1197/taburete/0/?q=taburete,https://media.spreadthesign.com/video/mp4/10/11929.mp4,taburete,estilo-de-vida
/fr.fr/word/11974/prole/0/?q=prole,https://media.spreadthesign.com/video/mp4/10/187897.mp4,prole,estilo-de-vida
/fr.fr/word/11971/parental/0/?q=parental,https://media.spreadthesign.com/video/mp4/10/187524.mp4,parental,estilo-de-vida
/fr.fr/word/11617/gastar/0/?q=gastar,https://media.spreadthesign.com/video/mp4/10/188765.mp4,gastar,estilo-de-vida
/fr.fr/word/11686/medias/0/?q=medias,https://media.spreadthesign.com/video/mp4/10/158582.mp4,medias,estilo-de-vida
/fr.fr/word/11675/madrastra/0/?q=madrastra,https://media.spreadthesign.com/video/mp4/10/156627.mp4,madrastra,estilo-de-vida
/fr.fr/word/11672/taburete-escalera/0/?q=taburete+escalera,https://media.spreadthesign.com/video/mp4/10/188805.mp4,taburete escalera,estilo-de-vida
/fr.fr/word/11674/padrastro/0/?q=padrastro,https://media.spreadthesign.com/video/mp4/10/156621.mp4,padrastro,estilo-de-vida
/fr.fr/word/11676/hermanastra/0/?q=hermanastra,https://media.spreadthesign.com/video/mp4/10/156628.mp4,hermanastra,estilo-de-vida
/fr.fr/word/11673/hermanastro/0/?q=hermanastro,https://media.spreadthesign.com/video/mp4/10/156620.mp4,hermanastro,estilo-de-vida
/fr.fr/word/11649/mancha/0/?q=mancha,https://media.spreadthesign.com/video/mp4/10/266702.mp4,mancha,estilo-de-vida
/fr.fr/word/11695/cajas-de-almacenamiento/0/?q=cajas+de+almacenamiento,https://media.spreadthesign.com/video/mp4/10/188823.mp4,cajas de almacenamiento,estilo-de-vida
/fr.fr/word/11660/feria-estatal/0/?q=feria+estatal,https://media.spreadthesign.com/video/mp4/10/282248.mp4,feria estatal,estilo-de-vida
/fr.fr/word/11630/chaqueta-de-sport/0/?q=chaqueta+de+sport,https://media.spreadthesign.com/video/mp4/10/282147.mp4,chaqueta de sport,estilo-de-vida
/fr.fr/word/11635/botella-de-spray/0/?q=botella+de+spray,https://media.spreadthesign.com/video/mp4/10/282148.mp4,botella de spray,estilo-de-vida
/fr.fr/word/11638/limpieza-a-fondo/0/?q=limpieza+a+fondo+,https://media.spreadthesign.com/video/mp4/10/282149.mp4,limpieza a fondo ,estilo-de-vida
/fr.fr/word/11374/empleado-de-ventas/0/?q=empleado+de+ventas,https://media.spreadthesign.com/video/mp4/10/266500.mp4,empleado de ventas,estilo-de-vida
/fr.fr/word/11372/venta/0/?q=venta,https://media.spreadthesign.com/video/mp4/10/266495.mp4,venta,estilo-de-vida
/fr.fr/word/11373/mostrador/0/?q=mostrador,https://media.spreadthesign.com/video/mp4/10/188500.mp4,mostrador,estilo-de-vida
/fr.fr/word/11363/adicto-a-las-compras/0/?q=adicto+a+las+compras,https://media.spreadthesign.com/video/mp4/10/158296.mp4,adicto a las compras,estilo-de-vida
/fr.fr/word/11334/montana-rusa/0/?q=monta%C3%B1a+rusa,https://media.spreadthesign.com/video/mp4/10/188375.mp4,montaña rusa,estilo-de-vida
/fr.fr/word/11332/caballito-balancin/0/?q=caballito+balanc%C3%ADn,https://media.spreadthesign.com/video/mp4/10/158603.mp4,caballito balancín,estilo-de-vida
/fr.fr/word/1872/diversion/0/?q=diversi%C3%B3n,https://media.spreadthesign.com/video/mp4/10/18604.mp4,diversión,estilo-de-vida
/fr.fr/word/18147/mallas/0/?q=mallas,https://media.spreadthesign.com/video/mp4/10/283576.mp4,mallas,estilo-de-vida
/fr.fr/word/1880/cumpleanos/0/?q=cumplea%C3%B1os,https://media.spreadthesign.com/video/mp4/10/18680.mp4,cumpleaños,estilo-de-vida
/fr.fr/word/18824/tienda-de-ropa/0/?q=tienda+de+ropa,https://media.spreadthesign.com/video/mp4/10/264743.mp4,tienda de ropa,estilo-de-vida
/fr.fr/word/1882/castillo-hinchable/0/?q=castillo+hinchable,https://media.spreadthesign.com/video/mp4/10/18710.mp4,castillo hinchable,estilo-de-vida
/fr.fr/word/1887/celebrar/0/?q=celebrar,https://media.spreadthesign.com/video/mp4/10/18755.mp4,celebrar,estilo-de-vida
/fr.fr/word/188/armario-ropero/0/?q=armario+ropero,https://media.spreadthesign.com/video/mp4/10/1846.mp4,armario ropero,estilo-de-vida
/fr.fr/word/18814/centro-comercial/0/?q=centro+comercial,https://media.spreadthesign.com/video/mp4/10/266563.mp4,centro comercial,estilo-de-vida
/fr.fr/word/18865/perfumeria/0/?q=perfumer%C3%ADa,https://media.spreadthesign.com/video/mp4/10/267031.mp4,perfumería,estilo-de-vida
/fr.fr/word/1889/salud-infantil/0/?q=salud+infantil,https://media.spreadthesign.com/video/mp4/10/18774.mp4,salud infantil,estilo-de-vida
/fr.fr/word/1851/lavar/0/?q=lavar,https://media.spreadthesign.com/video/mp4/10/18411.mp4,lavar,estilo-de-vida
/fr.fr/word/1894/aplauso/0/?q=aplauso,https://media.spreadthesign.com/video/mp4/10/18829.mp4,aplauso,estilo-de-vida
/fr.fr/word/1891/literatura-infantil/0/?q=literatura+infantil,https://media.spreadthesign.com/video/mp4/10/18796.mp4,literatura infantil,estilo-de-vida
/fr.fr/word/18927/traje-popular/0/?q=traje+popular,https://media.spreadthesign.com/video/mp4/10/284085.mp4,traje popular,estilo-de-vida
/fr.fr/word/1892/cancion-infantil/0/?q=canci%C3%B3n+infantil,https://media.spreadthesign.com/video/mp4/10/18809.mp4,canción infantil,estilo-de-vida
/fr.fr/word/18602/papelera/0/?q=papelera,https://media.spreadthesign.com/video/mp4/10/283867.mp4,papelera,estilo-de-vida
/fr.fr/word/1862/sexy/0/?q=sexy,https://media.spreadthesign.com/video/mp4/10/18514.mp4,sexy,estilo-de-vida
/fr.fr/word/186/cloro/0/?q=cloro,https://media.spreadthesign.com/video/mp4/10/1832.mp4,cloro,estilo-de-vida
/fr.fr/word/1834/relacion/0/?q=relaci%C3%B3n,https://media.spreadthesign.com/video/mp4/10/18235.mp4,relación,estilo-de-vida
/fr.fr/word/1839/habitacion/0/?q=habitaci%C3%B3n,https://media.spreadthesign.com/video/mp4/10/18294.mp4,habitación,estilo-de-vida
/fr.fr/word/1500/camison/0/?q=camis%C3%B3n,https://media.spreadthesign.com/video/mp4/10/14882.mp4,camisón,estilo-de-vida
/fr.fr/word/1507/sujetador/0/?q=sujetador,https://media.spreadthesign.com/video/mp4/10/14944.mp4,sujetador,estilo-de-vida
/fr.fr/word/1504/zapatos/0/?q=zapatos,https://media.spreadthesign.com/video/mp4/10/14915.mp4,zapatos,estilo-de-vida
/fr.fr/word/1501/pijama/0/?q=pijama,https://media.spreadthesign.com/video/mp4/10/14893.mp4,pijama,estilo-de-vida
/fr.fr/word/1508/calzoncillos/0/?q=calzoncillos,https://media.spreadthesign.com/video/mp4/10/14960.mp4,calzoncillos,estilo-de-vida
/fr.fr/word/1505/sandalia/0/?q=sandalia,https://media.spreadthesign.com/video/mp4/10/41491.mp4,sandalia,estilo-de-vida
/fr.fr/word/1502/cordones-de-los-zapatos/0/?q=cordones+de+los+zapatos,https://media.spreadthesign.com/video/mp4/10/14894.mp4,cordones de los zapatos,estilo-de-vida
/fr.fr/word/1509/bragas/0/?q=bragas,https://media.spreadthesign.com/video/mp4/10/14973.mp4,bragas,estilo-de-vida
/fr.fr/word/1506/deportivas/0/?q=deportivas,https://media.spreadthesign.com/video/mp4/10/14933.mp4,deportivas,estilo-de-vida
/fr.fr/word/1503/botas/0/?q=botas,https://media.spreadthesign.com/video/mp4/10/14912.mp4,botas,estilo-de-vida
/fr.fr/word/1540/bebe/0/?q=beb%C3%A9,https://media.spreadthesign.com/video/mp4/10/15279.mp4,bebé,estilo-de-vida
/fr.fr/word/1542/bonito/0/?q=bonito,https://media.spreadthesign.com/video/mp4/10/15302.mp4,bonito,estilo-de-vida
/fr.fr/word/1510/calcetines/0/?q=calcetines,https://media.spreadthesign.com/video/mp4/10/14974.mp4,calcetines,estilo-de-vida
/fr.fr/word/1583/disfraz/0/?q=disfraz,https://media.spreadthesign.com/video/mp4/10/15728.mp4,disfraz,estilo-de-vida
/fr.fr/word/15530/apariencia/0/?q=apariencia,https://media.spreadthesign.com/video/mp4/10/281472.mp4,apariencia,estilo-de-vida
/fr.fr/word/1595/marido/0/?q=marido,https://media.spreadthesign.com/video/mp4/10/15849.mp4,marido,estilo-de-vida
/fr.fr/word/1596/esposa/0/?q=esposa,https://media.spreadthesign.com/video/mp4/10/15861.mp4,esposa,estilo-de-vida
/fr.fr/word/1562/recipiente/0/?q=recipiente,https://media.spreadthesign.com/video/mp4/10/15505.mp4,recipiente,estilo-de-vida
/fr.fr/word/15666/expresion-facial/0/?q=expresi%C3%B3n+facial,https://media.spreadthesign.com/video/mp4/10/255350.mp4,expresión facial,estilo-de-vida
/fr.fr/word/1563/cubo-de-la-basura/0/?q=cubo+de+la+basura,https://media.spreadthesign.com/video/mp4/10/15516.mp4,cubo de la basura,estilo-de-vida
/fr.fr/word/15306/pelo-rapado/0/?q=pelo+rapado,https://media.spreadthesign.com/video/mp4/10/282292.mp4,pelo rapado,estilo-de-vida
/fr.fr/word/15307/tenir/0/?q=te%C3%B1ir,https://media.spreadthesign.com/video/mp4/10/282665.mp4,teñir,estilo-de-vida
/fr.fr/word/15311/recogido/0/?q=recogido,https://media.spreadthesign.com/video/mp4/10/283571.mp4,recogido,estilo-de-vida
/fr.fr/word/12083/bide/0/?q=bid%C3%A9,https://media.spreadthesign.com/video/mp4/10/156635.mp4,bidé,estilo-de-vida
/fr.fr/word/12071/diversion/0/?q=diversi%C3%B3n,https://media.spreadthesign.com/video/mp4/10/169127.mp4,diversión,estilo-de-vida
/fr.fr/word/12407/corpino/0/?q=corpi%C3%B1o,https://media.spreadthesign.com/video/mp4/10/281662.mp4,corpiño,estilo-de-vida
/fr.fr/word/12489/escote/0/?q=escote,https://media.spreadthesign.com/video/mp4/10/282325.mp4,escote,estilo-de-vida
/fr.fr/word/1241/toalla/0/?q=toalla,https://media.spreadthesign.com/video/mp4/10/12314.mp4,toalla,estilo-de-vida
/fr.fr/word/1210/mesa/0/?q=mesa,https://media.spreadthesign.com/video/mp4/10/12039.mp4,mesa,estilo-de-vida
/fr.fr/word/12102/domestico/0/?q=dom%C3%A9stico,https://media.spreadthesign.com/video/mp4/10/185712.mp4,doméstico,estilo-de-vida
/fr.fr/word/12103/farmacia/0/?q=farmacia,https://media.spreadthesign.com/video/mp4/10/185743.mp4,farmacia,estilo-de-vida
/fr.fr/word/12153/aspecto/0/?q=aspecto,https://media.spreadthesign.com/video/mp4/10/265884.mp4,aspecto,estilo-de-vida
/fr.fr/word/12127/amistad/0/?q=amistad,https://media.spreadthesign.com/video/mp4/10/156159.mp4,amistad,estilo-de-vida
/fr.fr/word/12190/pasar-la-aspiradora/0/?q=pasar+la+aspiradora,https://media.spreadthesign.com/video/mp4/10/189135.mp4,pasar la aspiradora,estilo-de-vida
/fr.fr/word/1213/grifo/0/?q=grifo,https://media.spreadthesign.com/video/mp4/10/12067.mp4,grifo,estilo-de-vida
/fr.fr/word/12136/ahijada/0/?q=ahijada,https://media.spreadthesign.com/video/mp4/10/186382.mp4,ahijada,estilo-de-vida
/fr.fr/word/12137/ahijado/0/?q=ahijado,https://media.spreadthesign.com/video/mp4/10/186385.mp4,ahijado,estilo-de-vida
/fr.fr/word/12883/venta-al-por-menor/0/?q=venta+al+por+menor,https://media.spreadthesign.com/video/mp4/10/266437.mp4,venta al por menor,estilo-de-vida
/fr.fr/word/1282/apuesto/0/?q=apuesto,https://media.spreadthesign.com/video/mp4/10/12680.mp4,apuesto,estilo-de-vida
/fr.fr/word/1284/madre/0/?q=madre,https://media.spreadthesign.com/video/mp4/10/12695.mp4,madre,estilo-de-vida
/fr.fr/word/1289/amante/0/?q=amante,https://media.spreadthesign.com/video/mp4/10/12745.mp4,amante,estilo-de-vida
/fr.fr/word/1283/padre/0/?q=padre,https://media.spreadthesign.com/video/mp4/10/12682.mp4,padre,estilo-de-vida
/fr.fr/word/1251/desorganizado/0/?q=desorganizado,https://media.spreadthesign.com/video/mp4/10/189127.mp4,desorganizado,estilo-de-vida
/fr.fr/word/12946/espatula-limpiacristales/0/?q=esp%C3%A1tula+limpiacristales,https://media.spreadthesign.com/video/mp4/10/282160.mp4,espátula limpiacristales,estilo-de-vida
/fr.fr/word/1291/novia/0/?q=novia,https://media.spreadthesign.com/video/mp4/10/12774.mp4,novia,estilo-de-vida
/fr.fr/word/1290/novio/0/?q=novio,https://media.spreadthesign.com/video/mp4/10/12756.mp4,novio,estilo-de-vida
/fr.fr/word/12604/ve-a-un-museo/0/?q=%C2%A1ve+a+un+museo%21,https://media.spreadthesign.com/video/mp4/10/256861.mp4,¡ve a un museo!,estilo-de-vida
/fr.fr/word/1264/lavadora/0/?q=lavadora,https://media.spreadthesign.com/video/mp4/10/12514.mp4,lavadora,estilo-de-vida
/fr.fr/word/1261/cartera/0/?q=cartera,https://media.spreadthesign.com/video/mp4/10/12492.mp4,cartera,estilo-de-vida
/fr.fr/word/12614/tarjeta-de-felicitacion/0/?q=tarjeta+de+felicitaci%C3%B3n,https://media.spreadthesign.com/video/mp4/10/284171.mp4,tarjeta de felicitación,estilo-de-vida
/fr.fr/word/12667/joyas/0/?q=joyas,https://media.spreadthesign.com/video/mp4/10/257075.mp4,joyas,estilo-de-vida
/fr.fr/word/1266/boda/0/?q=boda,https://media.spreadthesign.com/video/mp4/10/12538.mp4,boda,estilo-de-vida
/fr.fr/word/12632/hippie/0/?q=hippie,https://media.spreadthesign.com/video/mp4/10/284250.mp4,hippie,estilo-de-vida
/fr.fr/word/1233/barrer/0/?q=barrer,https://media.spreadthesign.com/video/mp4/10/12251.mp4,barrer,estilo-de-vida
/fr.fr/word/1900/disfraz/0/?q=disfraz,https://media.spreadthesign.com/video/mp4/10/18888.mp4,disfraz,estilo-de-vida
/fr.fr/word/1901/rincon-acogedor/0/?q=rinc%C3%B3n+acogedor,https://media.spreadthesign.com/video/mp4/10/18896.mp4,rincón acogedor,estilo-de-vida
/fr.fr/word/1902/gatear/0/?q=gatear,https://media.spreadthesign.com/video/mp4/10/18909.mp4,gatear,estilo-de-vida
/fr.fr/word/1976/orfanato/0/?q=orfanato,https://media.spreadthesign.com/video/mp4/10/19641.mp4,orfanato,estilo-de-vida
/fr.fr/word/1948/nene/0/?q=nene,https://media.spreadthesign.com/video/mp4/10/19371.mp4,nene,estilo-de-vida
/fr.fr/word/1913/muneco/0/?q=mu%C3%B1eco,https://media.spreadthesign.com/video/mp4/10/19016.mp4,muñeco,estilo-de-vida
/fr.fr/word/1989/parque-de-columpios/0/?q=parque+de+columpios,https://media.spreadthesign.com/video/mp4/10/19762.mp4,parque de columpios,estilo-de-vida
/fr.fr/word/1982/par/0/?q=par,https://media.spreadthesign.com/video/mp4/10/19697.mp4,par,estilo-de-vida
/fr.fr/word/1921/entretenimiento/0/?q=entretenimiento,https://media.spreadthesign.com/video/mp4/10/19098.mp4,entretenimiento,estilo-de-vida
/fr.fr/word/1925/pintura-para-la-cara/0/?q=pintura+para+la+cara,https://media.spreadthesign.com/video/mp4/10/19135.mp4,pintura para la cara,estilo-de-vida
/fr.fr/word/19261/sin-casar/0/?q=sin+casar,https://media.spreadthesign.com/video/mp4/10/266850.mp4,sin casar,estilo-de-vida
/fr.fr/word/1999/criarse/0/?q=criarse,https://media.spreadthesign.com/video/mp4/10/19865.mp4,criarse,estilo-de-vida
/fr.fr/word/1685/peluquero/0/?q=peluquero,https://media.spreadthesign.com/video/mp4/10/16750.mp4,peluquero,estilo-de-vida
/fr.fr/word/3874/carrito/0/?q=carrito,https://media.spreadthesign.com/video/mp4/10/34880.mp4,carrito,estilo-de-vida
/fr.fr/word/3871/tocador/0/?q=tocador,https://media.spreadthesign.com/video/mp4/10/34857.mp4,tocador,estilo-de-vida
/fr.fr/word/3840/cabello-de-rizo-pequeno/0/?q=cabello+de+rizo+peque%C3%B1o,https://media.spreadthesign.com/video/mp4/10/34618.mp4,cabello de rizo pequeño,estilo-de-vida
/fr.fr/word/3847/pinzas-para-rulos/0/?q=pinzas+para+rulos,https://media.spreadthesign.com/video/mp4/10/34670.mp4,pinzas para rulos,estilo-de-vida
/fr.fr/word/3844/secadora/0/?q=secadora,https://media.spreadthesign.com/video/mp4/10/34648.mp4,secadora,estilo-de-vida
/fr.fr/word/3848/caida-de-pelo/0/?q=ca%C3%ADda+de+pelo,https://media.spreadthesign.com/video/mp4/10/34678.mp4,caída de pelo,estilo-de-vida
/fr.fr/word/3842/corte-estilo-militar/0/?q=corte+estilo+militar,https://media.spreadthesign.com/video/mp4/10/34631.mp4,corte estilo militar,estilo-de-vida
/fr.fr/word/3849/cabello-graso-o-seco/0/?q=cabello+graso+o+seco,https://media.spreadthesign.com/video/mp4/10/34689.mp4,cabello graso o seco,estilo-de-vida
/fr.fr/word/3846/navaja-de-afeitar/0/?q=navaja+de+afeitar,https://media.spreadthesign.com/video/mp4/10/34664.mp4,navaja de afeitar,estilo-de-vida
/fr.fr/word/3843/mechas-de-color-gris/0/?q=mechas+de+color+gris,https://media.spreadthesign.com/video/mp4/10/34638.mp4,mechas de color gris,estilo-de-vida
/fr.fr/word/3886/kamasutra/0/?q=kamasutra,https://media.spreadthesign.com/video/mp4/10/34948.mp4,kamasutra,estilo-de-vida
/fr.fr/word/3853/tijeras-de-peluquero/0/?q=tijeras+de+peluquero,https://media.spreadthesign.com/video/mp4/10/34724.mp4,tijeras de peluquero,estilo-de-vida
/fr.fr/word/3855/funda-para-tijeras/0/?q=funda+para+tijeras,https://media.spreadthesign.com/video/mp4/10/34738.mp4,funda para tijeras,estilo-de-vida
/fr.fr/word/3857/soporte-para-el-secador-de-pelo/0/?q=soporte+para+el+secador+de+pelo,https://media.spreadthesign.com/video/mp4/10/34753.mp4,soporte para el secador de pelo,estilo-de-vida
/fr.fr/word/3854/delantal-de-peluqueria/0/?q=delantal+de+peluquer%C3%ADa,https://media.spreadthesign.com/video/mp4/10/41561.mp4,delantal de peluquería,estilo-de-vida
/fr.fr/word/3851/alisador-de-pelo/0/?q=alisador+de+pelo,https://media.spreadthesign.com/video/mp4/10/34703.mp4,alisador de pelo,estilo-de-vida
/fr.fr/word/3856/bolsa-para-utensilios-de-peluqueria/0/?q=bolsa+para+utensilios+de+peluqueria,https://media.spreadthesign.com/video/mp4/10/34747.mp4,bolsa para utensilios de peluqueria,estilo-de-vida
/fr.fr/word/3859/pelo-corto/0/?q=pelo+corto,https://media.spreadthesign.com/video/mp4/10/34774.mp4,pelo corto,estilo-de-vida
/fr.fr/word/38/mono-de-trabajo/0/?q=mono+de+trabajo,https://media.spreadthesign.com/video/mp4/10/375.mp4,mono de trabajo,estilo-de-vida
/fr.fr/word/3899/enhorabuena/0/?q=enhorabuena,https://media.spreadthesign.com/video/mp4/10/35017.mp4,enhorabuena,estilo-de-vida
/fr.fr/word/3897/discoteca/0/?q=discoteca,https://media.spreadthesign.com/video/mp4/10/35007.mp4,discoteca,estilo-de-vida
/fr.fr/word/3868/bol-de-tinte/0/?q=bol+de+tinte,https://media.spreadthesign.com/video/mp4/10/34835.mp4,bol de tinte,estilo-de-vida
/fr.fr/word/3865/dispensador-de-champu/0/?q=dispensador+de+champ%C3%BA,https://media.spreadthesign.com/video/mp4/10/34814.mp4,dispensador de champú,estilo-de-vida
/fr.fr/word/3860/goma-elastica/0/?q=goma+el%C3%A1stica,https://media.spreadthesign.com/video/mp4/10/34781.mp4,goma elástica,estilo-de-vida
/fr.fr/word/3864/cepillo-antiestatico/0/?q=cepillo+antiest%C3%A1tico,https://media.spreadthesign.com/video/mp4/10/41428.mp4,cepillo antiestático,estilo-de-vida
/fr.fr/word/3861/diadema/0/?q=diadema,https://media.spreadthesign.com/video/mp4/10/34791.mp4,diadema,estilo-de-vida
/fr.fr/word/3863/papel-de-aluminio/0/?q=papel+de+aluminio+,https://media.spreadthesign.com/video/mp4/10/41541.mp4,papel de aluminio ,estilo-de-vida
/fr.fr/word/3839/fijador/0/?q=fijador,https://media.spreadthesign.com/video/mp4/10/188612.mp4,fijador,estilo-de-vida
/fr.fr/word/383/ducha/0/?q=ducha,https://media.spreadthesign.com/video/mp4/10/3750.mp4,ducha,estilo-de-vida
/fr.fr/word/3557/solarium/0/?q=solarium,https://media.spreadthesign.com/video/mp4/10/32484.mp4,solarium,estilo-de-vida
/fr.fr/word/3574/camarada/0/?q=camarada,https://media.spreadthesign.com/video/mp4/10/32601.mp4,camarada,estilo-de-vida
/fr.fr/word/3571/crema-solar/0/?q=crema+solar,https://media.spreadthesign.com/video/mp4/10/32582.mp4,crema solar,estilo-de-vida
/fr.fr/word/3598/boton-de-camisa/0/?q=bot%C3%B3n+de+camisa,https://media.spreadthesign.com/video/mp4/10/32771.mp4,botón de camisa,estilo-de-vida
/fr.fr/word/3599/banador-de-hombre/0/?q=ba%C3%B1ador+de+hombre,https://media.spreadthesign.com/video/mp4/10/32786.mp4,bañador de hombre,estilo-de-vida
/fr.fr/word/3597/boton-del-puno/0/?q=bot%C3%B3n+del+pu%C3%B1o,https://media.spreadthesign.com/video/mp4/10/41426.mp4,botón del puño,estilo-de-vida
/fr.fr/word/3513/festival/0/?q=festival,https://media.spreadthesign.com/video/mp4/10/32172.mp4,festival,estilo-de-vida
/fr.fr/word/3259/gafas-de-sol/0/?q=gafas+de+sol,https://media.spreadthesign.com/video/mp4/10/30237.mp4,gafas de sol,estilo-de-vida
/fr.fr/word/3252/botas-de-trekking/0/?q=botas+de+trekking,https://media.spreadthesign.com/video/mp4/10/30188.mp4,botas de trekking,estilo-de-vida
/fr.fr/word/3220/flequillo/0/?q=flequillo,https://media.spreadthesign.com/video/mp4/10/29939.mp4,flequillo,estilo-de-vida
/fr.fr/word/3227/estilismo/0/?q=estilismo,https://media.spreadthesign.com/video/mp4/10/41557.mp4,estilismo,estilo-de-vida
/fr.fr/word/3224/caspa/0/?q=caspa,https://media.spreadthesign.com/video/mp4/10/29976.mp4,caspa,estilo-de-vida
/fr.fr/word/3221/graso/0/?q=graso,https://media.spreadthesign.com/video/mp4/10/29948.mp4,graso,estilo-de-vida
/fr.fr/word/3225/rojizo/0/?q=rojizo,https://media.spreadthesign.com/video/mp4/10/29977.mp4,rojizo,estilo-de-vida
/fr.fr/word/322/estanteria/0/?q=estanter%C3%ADa,https://media.spreadthesign.com/video/mp4/10/3161.mp4,estantería,estilo-de-vida
/fr.fr/word/3226/corte-a-navaja/0/?q=corte+a+navaja,https://media.spreadthesign.com/video/mp4/10/29991.mp4,corte a navaja,estilo-de-vida
/fr.fr/word/3223/corte-a-capas/0/?q=corte+a+capas,https://media.spreadthesign.com/video/mp4/10/41473.mp4,corte a capas,estilo-de-vida
/fr.fr/word/3240/pedicura/0/?q=pedicura,https://media.spreadthesign.com/video/mp4/10/30100.mp4,pedicura,estilo-de-vida
/fr.fr/word/3245/aclarado/0/?q=aclarado,https://media.spreadthesign.com/video/mp4/10/30137.mp4,aclarado,estilo-de-vida
/fr.fr/word/3242/afeitar/0/?q=afeitar,https://media.spreadthesign.com/video/mp4/10/30115.mp4,afeitar,estilo-de-vida
/fr.fr/word/3244/rizador-de-pelo/0/?q=rizador+de+pelo,https://media.spreadthesign.com/video/mp4/10/30133.mp4,rizador de pelo,estilo-de-vida
/fr.fr/word/3246/locion/0/?q=loci%C3%B3n,https://media.spreadthesign.com/video/mp4/10/41582.mp4,loción,estilo-de-vida
/fr.fr/word/3243/moreno/0/?q=moreno,https://media.spreadthesign.com/video/mp4/10/41432.mp4,moreno,estilo-de-vida
/fr.fr/word/321/cajonera/0/?q=cajonera,https://media.spreadthesign.com/video/mp4/10/3141.mp4,cajonera,estilo-de-vida
/fr.fr/word/3219/barba/0/?q=barba,https://media.spreadthesign.com/video/mp4/10/29926.mp4,barba,estilo-de-vida
/fr.fr/word/3216/mecha/0/?q=mecha,https://media.spreadthesign.com/video/mp4/10/29909.mp4,mecha,estilo-de-vida
/fr.fr/word/3211/tejeduria/0/?q=tejeduria,https://media.spreadthesign.com/video/mp4/10/41568.mp4,tejeduria,estilo-de-vida
/fr.fr/word/3238/manicuro/0/?q=manicuro,https://media.spreadthesign.com/video/mp4/10/30081.mp4,manicuro,estilo-de-vida
/fr.fr/word/3235/raya-del-pelo/0/?q=raya+del+pelo,https://media.spreadthesign.com/video/mp4/10/41553.mp4,raya del pelo,estilo-de-vida
/fr.fr/word/3237/manicura/0/?q=manicura,https://media.spreadthesign.com/video/mp4/10/30076.mp4,manicura,estilo-de-vida
/fr.fr/word/3234/en-la-parte-superior/0/?q=en+la+parte+superior,https://media.spreadthesign.com/video/mp4/10/30051.mp4,en la parte superior,estilo-de-vida
/fr.fr/word/3239/depilacion/0/?q=depilaci%C3%B3n,https://media.spreadthesign.com/video/mp4/10/30090.mp4,depilación,estilo-de-vida
/fr.fr/word/3236/bigote/0/?q=bigote,https://media.spreadthesign.com/video/mp4/10/30067.mp4,bigote,estilo-de-vida
/fr.fr/word/3231/en-la-parte-trasera/0/?q=en+la+parte+trasera,https://media.spreadthesign.com/video/mp4/10/41475.mp4,en la parte trasera,estilo-de-vida
/fr.fr/word/3/tijeras/0/?q=tijeras,https://media.spreadthesign.com/video/mp4/10/28.mp4,tijeras,estilo-de-vida
/fr.fr/word/3984/anticuado/0/?q=anticuado,https://media.spreadthesign.com/video/mp4/10/35438.mp4,anticuado,estilo-de-vida
/fr.fr/word/3985/moderno/0/?q=moderno,https://media.spreadthesign.com/video/mp4/10/35447.mp4,moderno,estilo-de-vida
/fr.fr/word/3925/familia/0/?q=familia,https://media.spreadthesign.com/video/mp4/10/35147.mp4,familia,estilo-de-vida
/fr.fr/word/3998/atractivo/0/?q=atractivo,https://media.spreadthesign.com/video/mp4/10/35508.mp4,atractivo,estilo-de-vida
/fr.fr/word/3910/circo/0/?q=circo,https://media.spreadthesign.com/video/mp4/10/35068.mp4,circo,estilo-de-vida
/fr.fr/word/3931/aniversario/0/?q=aniversario,https://media.spreadthesign.com/video/mp4/10/35177.mp4,aniversario,estilo-de-vida
/fr.fr/word/3937/travesti/0/?q=travest%C3%AD,https://media.spreadthesign.com/video/mp4/10/35206.mp4,travestí,estilo-de-vida
/fr.fr/word/3604/alfiler-de-corbata/0/?q=alfiler+de+corbata,https://media.spreadthesign.com/video/mp4/10/32823.mp4,alfiler de corbata,estilo-de-vida
/fr.fr/word/3601/pantalon/0/?q=pantal%C3%B3n,https://media.spreadthesign.com/video/mp4/10/32799.mp4,pantalón,estilo-de-vida
/fr.fr/word/3603/tienda-de-limpieza/0/?q=tienda+de+limpieza,https://media.spreadthesign.com/video/mp4/10/32814.mp4,tienda de limpieza,estilo-de-vida
/fr.fr/word/3628/chaleco/0/?q=chaleco,https://media.spreadthesign.com/video/mp4/10/33008.mp4,chaleco,estilo-de-vida
/fr.fr/word/3620/cuello-de-una-prenda-de-ropa/0/?q=cuello+de+una+prenda+de+ropa,https://media.spreadthesign.com/video/mp4/10/32949.mp4,cuello de una prenda de ropa,estilo-de-vida
/fr.fr/word/3622/catalogo/0/?q=cat%C3%A1logo,https://media.spreadthesign.com/video/mp4/10/32963.mp4,catálogo,estilo-de-vida
/fr.fr/word/3629/ropa-interior/0/?q=ropa+interior,https://media.spreadthesign.com/video/mp4/10/33011.mp4,ropa interior,estilo-de-vida
/fr.fr/word/3621/vestimenta/0/?q=vestimenta,https://media.spreadthesign.com/video/mp4/10/32950.mp4,vestimenta,estilo-de-vida
/fr.fr/word/3610/experto-en-moda/0/?q=experto+en+moda,https://media.spreadthesign.com/video/mp4/10/41481.mp4,experto en moda,estilo-de-vida
/fr.fr/word/3614/camisa-de-dormir/0/?q=camisa+de+dormir,https://media.spreadthesign.com/video/mp4/10/32898.mp4,camisa de dormir,estilo-de-vida
/fr.fr/word/3611/modelo/0/?q=modelo,https://media.spreadthesign.com/video/mp4/10/32874.mp4,modelo,estilo-de-vida
/fr.fr/word/3618/maquina-de-planchar/0/?q=m%C3%A1quina+de+planchar,https://media.spreadthesign.com/video/mp4/10/32927.mp4,máquina de planchar,estilo-de-vida
/fr.fr/word/3615/vestido/0/?q=vestido,https://media.spreadthesign.com/video/mp4/10/32906.mp4,vestido,estilo-de-vida
/fr.fr/word/361/repisa/0/?q=repisa,https://media.spreadthesign.com/video/mp4/10/3536.mp4,repisa,estilo-de-vida
/fr.fr/word/3619/lazo/0/?q=lazo,https://media.spreadthesign.com/video/mp4/10/32936.mp4,lazo,estilo-de-vida
/fr.fr/word/3613/tunica/0/?q=t%C3%BAnica,https://media.spreadthesign.com/video/mp4/10/41572.mp4,túnica,estilo-de-vida
/fr.fr/word/3635/extensiones/0/?q=extensiones,https://media.spreadthesign.com/video/mp4/10/281004.mp4,extensiones,estilo-de-vida
/fr.fr/word/3634/probarse/0/?q=probarse,https://media.spreadthesign.com/video/mp4/10/33053.mp4,probarse,estilo-de-vida
/fr.fr/word/3631/escote/0/?q=escote,https://media.spreadthesign.com/video/mp4/10/41478.mp4,escote,estilo-de-vida
/fr.fr/word/3636/pantalon-corto/0/?q=pantal%C3%B3n+corto,https://media.spreadthesign.com/video/mp4/10/33066.mp4,pantalón corto,estilo-de-vida
/fr.fr/word/3308/club-infantil/0/?q=club+infantil,https://media.spreadthesign.com/video/mp4/10/30611.mp4,club infantil,estilo-de-vida
/fr.fr/word/3371/gabinete-de-terapia-de-pareja/0/?q=gabinete+de+terapia+de+pareja,https://media.spreadthesign.com/video/mp4/10/31104.mp4,gabinete de terapia de pareja,estilo-de-vida
/fr.fr/word/3375/menor/0/?q=menor,https://media.spreadthesign.com/video/mp4/10/31137.mp4,menor,estilo-de-vida
/fr.fr/word/3340/laca/0/?q=laca,https://media.spreadthesign.com/video/mp4/10/41536.mp4,laca,estilo-de-vida
/fr.fr/word/3341/tabla-de-colores-para-el-cabello/0/?q=tabla+de+colores+para+el+cabello,https://media.spreadthesign.com/video/mp4/10/30869.mp4,tabla de colores para el cabello,estilo-de-vida
/fr.fr/word/3348/cuenco-de-tinte/0/?q=cuenco+de+tinte,https://media.spreadthesign.com/video/mp4/10/30929.mp4,cuenco de tinte,estilo-de-vida
/fr.fr/word/3345/seccionamiento/0/?q=seccionamiento,https://media.spreadthesign.com/video/mp4/10/30903.mp4,seccionamiento,estilo-de-vida
/fr.fr/word/3342/guantes-de-peluqueria/0/?q=guantes+de+peluquer%C3%ADa,https://media.spreadthesign.com/video/mp4/10/30879.mp4,guantes de peluquería,estilo-de-vida
/fr.fr/word/3349/pulverizador/0/?q=pulverizador,https://media.spreadthesign.com/video/mp4/10/41549.mp4,pulverizador,estilo-de-vida
/fr.fr/word/3346/serum/0/?q=serum,https://media.spreadthesign.com/video/mp4/10/30913.mp4,serum,estilo-de-vida
/fr.fr/word/3343/gorro-para-mechas/0/?q=gorro+para+mechas,https://media.spreadthesign.com/video/mp4/10/41468.mp4,gorro para mechas,estilo-de-vida
/fr.fr/word/3318/cepillo-del-pelo/0/?q=cepillo+del+pelo,https://media.spreadthesign.com/video/mp4/10/30690.mp4,cepillo del pelo,estilo-de-vida
/fr.fr/word/3315/secado-con-secador-de-mano/0/?q=secado+con+secador+de+mano,https://media.spreadthesign.com/video/mp4/10/41585.mp4,secado con secador de mano,estilo-de-vida
/fr.fr/word/3317/trenza/0/?q=trenza,https://media.spreadthesign.com/video/mp4/10/30676.mp4,trenza,estilo-de-vida
/fr.fr/word/3314/estilo-bob/0/?q=estilo+bob,https://media.spreadthesign.com/video/mp4/10/41465.mp4,estilo bob,estilo-de-vida
/fr.fr/word/3316/bouffant/0/?q=bouffant,https://media.spreadthesign.com/video/mp4/10/30675.mp4,bouffant,estilo-de-vida
/fr.fr/word/3382/bienestar-infantil/0/?q=bienestar+infantil,https://media.spreadthesign.com/video/mp4/10/31180.mp4,bienestar infantil,estilo-de-vida
/fr.fr/word/3352/cajonera-con-ruedas/0/?q=cajonera+con+ruedas,https://media.spreadthesign.com/video/mp4/10/30959.mp4,cajonera con ruedas,estilo-de-vida
/fr.fr/word/3351/cepillo-limpiacuello/0/?q=cepillo+limpiacuello,https://media.spreadthesign.com/video/mp4/10/41467.mp4,cepillo limpiacuello,estilo-de-vida
/fr.fr/word/3320/cubrecuello/0/?q=cubrecuello,https://media.spreadthesign.com/video/mp4/10/41580.mp4,cubrecuello,estilo-de-vida
/fr.fr/word/3328/rulo/0/?q=rulo,https://media.spreadthesign.com/video/mp4/10/30769.mp4,rulo,estilo-de-vida
/fr.fr/word/3324/salon-de-peluqueria/0/?q=sal%C3%B3n+de+peluquer%C3%ADa,https://media.spreadthesign.com/video/mp4/10/30736.mp4,salón de peluquería,estilo-de-vida
/fr.fr/word/3321/difusor/0/?q=difusor,https://media.spreadthesign.com/video/mp4/10/41477.mp4,difusor,estilo-de-vida
/fr.fr/word/3323/extension-de-pelo/0/?q=extensi%C3%B3n+de+pelo,https://media.spreadthesign.com/video/mp4/10/41482.mp4,extensión de pelo,estilo-de-vida
/fr.fr/word/3360/centro-de-acogida-de-menores/0/?q=centro+de+acogida+de+menores,https://media.spreadthesign.com/video/mp4/10/31030.mp4,centro de acogida de menores,estilo-de-vida
/fr.fr/word/3363/familia-disfuncional/0/?q=familia+disfuncional,https://media.spreadthesign.com/video/mp4/10/31049.mp4,familia disfuncional,estilo-de-vida
/fr.fr/word/3338/capa/0/?q=capa,https://media.spreadthesign.com/video/mp4/10/30842.mp4,capa,estilo-de-vida
/fr.fr/word/3330/recorte/0/?q=recorte,https://media.spreadthesign.com/video/mp4/10/41562.mp4,recorte,estilo-de-vida
/fr.fr/word/3337/rizador-electrico/0/?q=rizador+el%C3%A9ctrico,https://media.spreadthesign.com/video/mp4/10/41484.mp4,rizador eléctrico,estilo-de-vida
/fr.fr/word/3331/lavabo/0/?q=lavabo,https://media.spreadthesign.com/video/mp4/10/30792.mp4,lavabo,estilo-de-vida
/fr.fr/word/3339/rastas/0/?q=rastas,https://media.spreadthesign.com/video/mp4/10/30854.mp4,rastas,estilo-de-vida
/fr.fr/word/7400/maquina-de-escribir/0/?q=m%C3%A1quina+de+escribir,https://media.spreadthesign.com/video/mp4/10/283693.mp4,máquina de escribir,informatica-y-tecnologia-moderna
/fr.fr/word/7402/mecanografo/0/?q=mec%C3%A1nografo,https://media.spreadthesign.com/video/mp4/10/189106.mp4,mecánografo,informatica-y-tecnologia-moderna
/fr.fr/word/7144/retroproyector/0/?q=retroproyector,https://media.spreadthesign.com/video/mp4/10/187452.mp4,retroproyector,informatica-y-tecnologia-moderna
/fr.fr/word/7881/competencia-informatica/0/?q=competencia+inform%C3%A1tica,https://media.spreadthesign.com/video/mp4/10/281830.mp4,competencia informática,informatica-y-tecnologia-moderna
/fr.fr/word/7882/programa-informatico/0/?q=programa+inform%C3%A1tico,https://media.spreadthesign.com/video/mp4/10/264781.mp4,programa informático,informatica-y-tecnologia-moderna
/fr.fr/word/7883/monitor/0/?q=monitor,https://media.spreadthesign.com/video/mp4/10/264783.mp4,monitor,informatica-y-tecnologia-moderna
/fr.fr/word/7851/cd/0/?q=CD,https://media.spreadthesign.com/video/mp4/10/155915.mp4,CD,informatica-y-tecnologia-moderna
/fr.fr/word/7554/poster/0/?q=p%C3%B3ster,https://media.spreadthesign.com/video/mp4/10/266228.mp4,póster,informatica-y-tecnologia-moderna
/fr.fr/word/7525/3g/0/?q=3G,https://media.spreadthesign.com/video/mp4/10/155880.mp4,3G,informatica-y-tecnologia-moderna
/fr.fr/word/7245/gafas-de-3d/0/?q=gafas+de+3D,https://media.spreadthesign.com/video/mp4/10/266805.mp4,gafas de 3D,informatica-y-tecnologia-moderna
/fr.fr/word/7246/pelicula-en-3d/0/?q=pel%C3%ADcula+en+3D,https://media.spreadthesign.com/video/mp4/10/188987.mp4,película en 3D,informatica-y-tecnologia-moderna
/fr.fr/word/7201/telegrafo/0/?q=tel%C3%A9grafo,https://media.spreadthesign.com/video/mp4/10/188943.mp4,telégrafo,informatica-y-tecnologia-moderna
/fr.fr/word/7202/operador-telefonico/0/?q=operador+telef%C3%B3nico,https://media.spreadthesign.com/video/mp4/10/188944.mp4,operador telefónico,informatica-y-tecnologia-moderna
/fr.fr/word/7944/reproductor-de-dvd/0/?q=reproductor+de+dvd,https://media.spreadthesign.com/video/mp4/10/185754.mp4,reproductor de dvd,informatica-y-tecnologia-moderna
/fr.fr/word/7910/disquete/0/?q=disquete,https://media.spreadthesign.com/video/mp4/10/186162.mp4,disquete,informatica-y-tecnologia-moderna
/fr.fr/word/7961/direccion-de-correo-electronico/0/?q=direcci%C3%B3n+de+correo+electr%C3%B3nico,https://media.spreadthesign.com/video/mp4/10/255284.mp4,dirección de correo electrónico,informatica-y-tecnologia-moderna
/fr.fr/word/7939/doblaje/0/?q=doblaje,https://media.spreadthesign.com/video/mp4/10/185747.mp4,doblaje,informatica-y-tecnologia-moderna
/fr.fr/word/7384/tecnico-de-tv/0/?q=t%C3%A9cnico+de+tv,https://media.spreadthesign.com/video/mp4/10/189086.mp4,técnico de tv,informatica-y-tecnologia-moderna
/fr.fr/word/7385/mesa-del-televisor/0/?q=mesa+del+televisor,https://media.spreadthesign.com/video/mp4/10/283683.mp4,mesa del televisor,informatica-y-tecnologia-moderna
/fr.fr/word/4047/error/0/?q=error,https://media.spreadthesign.com/video/mp4/10/35754.mp4,error,informatica-y-tecnologia-moderna
/fr.fr/word/471/estacion-principal/0/?q=estaci%C3%B3n+principal,https://media.spreadthesign.com/video/mp4/10/4638.mp4,estación principal,informatica-y-tecnologia-moderna
/fr.fr/word/476/internet/0/?q=internet,https://media.spreadthesign.com/video/mp4/10/4696.mp4,internet,informatica-y-tecnologia-moderna
/fr.fr/word/4480/photoshop/0/?q=Photoshop,https://media.spreadthesign.com/video/mp4/10/38460.mp4,Photoshop,informatica-y-tecnologia-moderna
/fr.fr/word/4483/reproductor-de-mp3/0/?q=reproductor+de+mp3,https://media.spreadthesign.com/video/mp4/10/38473.mp4,reproductor de mp3,informatica-y-tecnologia-moderna
/fr.fr/word/4482/sonido/0/?q=sonido,https://media.spreadthesign.com/video/mp4/10/38472.mp4,sonido,informatica-y-tecnologia-moderna
/fr.fr/word/4484/ipod/0/?q=iPod,https://media.spreadthesign.com/video/mp4/10/38482.mp4,iPod,informatica-y-tecnologia-moderna
/fr.fr/word/4489/audio/0/?q=audio,https://media.spreadthesign.com/video/mp4/10/38507.mp4,audio,informatica-y-tecnologia-moderna
/fr.fr/word/4486/cerrar-sesion/0/?q=cerrar+sesi%C3%B3n,https://media.spreadthesign.com/video/mp4/10/38494.mp4,cerrar sesión,informatica-y-tecnologia-moderna
/fr.fr/word/4475/flash/0/?q=flash,https://media.spreadthesign.com/video/mp4/10/38432.mp4,flash,informatica-y-tecnologia-moderna
/fr.fr/word/4477/banner/0/?q=banner,https://media.spreadthesign.com/video/mp4/10/38441.mp4,banner,informatica-y-tecnologia-moderna
/fr.fr/word/4474/difundir/0/?q=difundir,https://media.spreadthesign.com/video/mp4/10/38431.mp4,difundir,informatica-y-tecnologia-moderna
/fr.fr/word/4476/exposicion-de-la-luz/0/?q=exposici%C3%B3n+de+la+luz,https://media.spreadthesign.com/video/mp4/10/38440.mp4,exposición de la luz,informatica-y-tecnologia-moderna
/fr.fr/word/4497/lente-de-camara/0/?q=lente+de+c%C3%A1mara,https://media.spreadthesign.com/video/mp4/10/41503.mp4,lente de cámara,informatica-y-tecnologia-moderna
/fr.fr/word/4494/tarjeta-de-memoria/0/?q=tarjeta+de+memoria,https://media.spreadthesign.com/video/mp4/10/38541.mp4,tarjeta de memoria,informatica-y-tecnologia-moderna
/fr.fr/word/4491/software/0/?q=software,https://media.spreadthesign.com/video/mp4/10/38519.mp4,software,informatica-y-tecnologia-moderna
/fr.fr/word/4498/television-por-cable/0/?q=televisi%C3%B3n+por+cable,https://media.spreadthesign.com/video/mp4/10/38563.mp4,televisión por cable,informatica-y-tecnologia-moderna
/fr.fr/word/4492/hardware/0/?q=hardware,https://media.spreadthesign.com/video/mp4/10/38530.mp4,hardware,informatica-y-tecnologia-moderna
/fr.fr/word/4496/tripode/0/?q=tr%C3%ADpode,https://media.spreadthesign.com/video/mp4/10/38552.mp4,trípode,informatica-y-tecnologia-moderna
/fr.fr/word/4493/lector-de-tarjetas/0/?q=lector+de+tarjetas,https://media.spreadthesign.com/video/mp4/10/38531.mp4,lector de tarjetas,informatica-y-tecnologia-moderna
/fr.fr/word/482/comunicacion/0/?q=comunicaci%C3%B3n,https://media.spreadthesign.com/video/mp4/10/4753.mp4,comunicación,informatica-y-tecnologia-moderna
/fr.fr/word/4500/disco-blu-ray/0/?q=disco+blu-ray,https://media.spreadthesign.com/video/mp4/10/38575.mp4,disco blu-ray,informatica-y-tecnologia-moderna
/fr.fr/word/4507/alineacion-tipografica/0/?q=alineaci%C3%B3n+tipogr%C3%A1fica,https://media.spreadthesign.com/video/mp4/10/38613.mp4,alineación tipográfica,informatica-y-tecnologia-moderna
/fr.fr/word/4504/compresion-de-datos/0/?q=compresi%C3%B3n+de+datos,https://media.spreadthesign.com/video/mp4/10/38598.mp4,compresión de datos,informatica-y-tecnologia-moderna
/fr.fr/word/4501/television/0/?q=televisi%C3%B3n,https://media.spreadthesign.com/video/mp4/10/38576.mp4,televisión,informatica-y-tecnologia-moderna
/fr.fr/word/4508/usb/0/?q=USB,https://media.spreadthesign.com/video/mp4/10/38622.mp4,USB,informatica-y-tecnologia-moderna
/fr.fr/word/4505/gigabyte/0/?q=gigabyte,https://media.spreadthesign.com/video/mp4/10/38601.mp4,gigabyte,informatica-y-tecnologia-moderna
/fr.fr/word/4502/pantalla/0/?q=pantalla,https://media.spreadthesign.com/video/mp4/10/38587.mp4,pantalla,informatica-y-tecnologia-moderna
/fr.fr/word/4506/kilobyte/0/?q=kilobyte,https://media.spreadthesign.com/video/mp4/10/38610.mp4,kilobyte,informatica-y-tecnologia-moderna
/fr.fr/word/4503/digital/0/?q=digital,https://media.spreadthesign.com/video/mp4/10/38588.mp4,digital,informatica-y-tecnologia-moderna
/fr.fr/word/4570/ordenador-de-sobremesa/0/?q=ordenador+de+sobremesa,https://media.spreadthesign.com/video/mp4/10/38959.mp4,ordenador de sobremesa,informatica-y-tecnologia-moderna
/fr.fr/word/4574/modem-usb/0/?q=m%C3%B3dem+usb,https://media.spreadthesign.com/video/mp4/10/38984.mp4,módem usb,informatica-y-tecnologia-moderna
/fr.fr/word/4578/modem/0/?q=m%C3%B3dem,https://media.spreadthesign.com/video/mp4/10/39005.mp4,módem,informatica-y-tecnologia-moderna
/fr.fr/word/4572/conexion-a-internet/0/?q=conexi%C3%B3n+a+internet,https://media.spreadthesign.com/video/mp4/10/38972.mp4,conexión a internet,informatica-y-tecnologia-moderna
/fr.fr/word/4579/pendrive/0/?q=pendrive,https://media.spreadthesign.com/video/mp4/10/39007.mp4,pendrive,informatica-y-tecnologia-moderna
/fr.fr/word/4576/velocidad-de-conexion/0/?q=velocidad+de+conexi%C3%B3n,https://media.spreadthesign.com/video/mp4/10/38996.mp4,velocidad de conexión,informatica-y-tecnologia-moderna
/fr.fr/word/4573/puerto-usb/0/?q=puerto+USB,https://media.spreadthesign.com/video/mp4/10/38973.mp4,puerto USB,informatica-y-tecnologia-moderna
/fr.fr/word/4540/camara-compacta/0/?q=c%C3%A1mara+compacta,https://media.spreadthesign.com/video/mp4/10/38794.mp4,cámara compacta,informatica-y-tecnologia-moderna
/fr.fr/word/4544/mini-dv/0/?q=mini+dv,https://media.spreadthesign.com/video/mp4/10/38814.mp4,mini dv,informatica-y-tecnologia-moderna
/fr.fr/word/4541/hacer-clic/0/?q=hacer+clic,https://media.spreadthesign.com/video/mp4/10/38795.mp4,hacer clic,informatica-y-tecnologia-moderna
/fr.fr/word/4545/compatible/0/?q=compatible,https://media.spreadthesign.com/video/mp4/10/38816.mp4,compatible,informatica-y-tecnologia-moderna
/fr.fr/word/4542/cartucho-de-tinta/0/?q=cartucho+de+tinta,https://media.spreadthesign.com/video/mp4/10/38804.mp4,cartucho de tinta,informatica-y-tecnologia-moderna
/fr.fr/word/4549/dvd-rw/0/?q=dvd-rw,https://media.spreadthesign.com/video/mp4/10/38840.mp4,dvd-rw,informatica-y-tecnologia-moderna
/fr.fr/word/4546/pantalla-tactil/0/?q=pantalla+t%C3%A1ctil,https://media.spreadthesign.com/video/mp4/10/38827.mp4,pantalla táctil,informatica-y-tecnologia-moderna
/fr.fr/word/4543/tinta/0/?q=tinta,https://media.spreadthesign.com/video/mp4/10/38805.mp4,tinta,informatica-y-tecnologia-moderna
/fr.fr/word/4510/buscador/0/?q=buscador,https://media.spreadthesign.com/video/mp4/10/38632.mp4,buscador,informatica-y-tecnologia-moderna
/fr.fr/word/4517/optico/0/?q=%C3%B3ptico,https://media.spreadthesign.com/video/mp4/10/38666.mp4,óptico,informatica-y-tecnologia-moderna
/fr.fr/word/4511/formato-de-archivo/0/?q=formato+de+archivo,https://media.spreadthesign.com/video/mp4/10/38633.mp4,formato de archivo,informatica-y-tecnologia-moderna
/fr.fr/word/4515/mapa-de-bits/0/?q=mapa+de+bits,https://media.spreadthesign.com/video/mp4/10/38656.mp4,mapa de bits,informatica-y-tecnologia-moderna
/fr.fr/word/4512/edicion-de-fotos/0/?q=edici%C3%B3n+de+fotos,https://media.spreadthesign.com/video/mp4/10/38641.mp4,edición de fotos,informatica-y-tecnologia-moderna
/fr.fr/word/4519/imprimir/0/?q=imprimir,https://media.spreadthesign.com/video/mp4/10/38677.mp4,imprimir,informatica-y-tecnologia-moderna
/fr.fr/word/4516/proyector-multimedia/0/?q=proyector+multimedia,https://media.spreadthesign.com/video/mp4/10/38663.mp4,proyector multimedia,informatica-y-tecnologia-moderna
/fr.fr/word/4513/jpeg/0/?q=jpeg,https://media.spreadthesign.com/video/mp4/10/38643.mp4,jpeg,informatica-y-tecnologia-moderna
/fr.fr/word/4580/edicion/0/?q=edici%C3%B3n,https://media.spreadthesign.com/video/mp4/10/39018.mp4,edición,informatica-y-tecnologia-moderna
/fr.fr/word/4584/programacion-de-ordenadores/0/?q=programaci%C3%B3n+de+ordenadores,https://media.spreadthesign.com/video/mp4/10/39041.mp4,programación de ordenadores,informatica-y-tecnologia-moderna
/fr.fr/word/4581/escaner/0/?q=esc%C3%A1ner,https://media.spreadthesign.com/video/mp4/10/39019.mp4,escáner,informatica-y-tecnologia-moderna
/fr.fr/word/4588/libro-digital/0/?q=libro+digital,https://media.spreadthesign.com/video/mp4/10/39065.mp4,libro digital,informatica-y-tecnologia-moderna
/fr.fr/word/4585/copia-de-seguridad/0/?q=copia+de+seguridad,https://media.spreadthesign.com/video/mp4/10/39042.mp4,copia de seguridad,informatica-y-tecnologia-moderna
/fr.fr/word/4589/subtitulo/0/?q=subt%C3%ADtulo,https://media.spreadthesign.com/video/mp4/10/39066.mp4,subtítulo,informatica-y-tecnologia-moderna
/fr.fr/word/4586/enlace/0/?q=enlace,https://media.spreadthesign.com/video/mp4/10/39053.mp4,enlace,informatica-y-tecnologia-moderna
/fr.fr/word/4583/ps3/0/?q=PS3,https://media.spreadthesign.com/video/mp4/10/39030.mp4,PS3,informatica-y-tecnologia-moderna
/fr.fr/word/4550/dvd-r/0/?q=dvd-r,https://media.spreadthesign.com/video/mp4/10/38851.mp4,dvd-r,informatica-y-tecnologia-moderna
/fr.fr/word/4557/chat/0/?q=chat,https://media.spreadthesign.com/video/mp4/10/38883.mp4,chat,informatica-y-tecnologia-moderna
/fr.fr/word/4554/auricular/0/?q=auricular,https://media.spreadthesign.com/video/mp4/10/38870.mp4,auricular,informatica-y-tecnologia-moderna
/fr.fr/word/4551/menu-de-herramientas/0/?q=men%C3%BA+de+herramientas,https://media.spreadthesign.com/video/mp4/10/41497.mp4,menú de herramientas,informatica-y-tecnologia-moderna
/fr.fr/word/4558/impresora-multifuncion/0/?q=impresora+multifunci%C3%B3n,https://media.spreadthesign.com/video/mp4/10/38891.mp4,impresora multifunción,informatica-y-tecnologia-moderna
/fr.fr/word/4559/base-de-datos/0/?q=base+de+datos,https://media.spreadthesign.com/video/mp4/10/38892.mp4,base de datos,informatica-y-tecnologia-moderna
/fr.fr/word/4556/msn/0/?q=MSN,https://media.spreadthesign.com/video/mp4/10/38882.mp4,MSN,informatica-y-tecnologia-moderna
/fr.fr/word/4553/auriculares/0/?q=auriculares,https://media.spreadthesign.com/video/mp4/10/38863.mp4,auriculares,informatica-y-tecnologia-moderna
/fr.fr/word/4528/lcd/0/?q=LCD,https://media.spreadthesign.com/video/mp4/10/38730.mp4,LCD,informatica-y-tecnologia-moderna
/fr.fr/word/4525/pelicula-fotografica/0/?q=pel%C3%ADcula+fotogr%C3%A1fica,https://media.spreadthesign.com/video/mp4/10/38710.mp4,película fotográfica,informatica-y-tecnologia-moderna
/fr.fr/word/4520/pagina-web/0/?q=p%C3%A1gina+web,https://media.spreadthesign.com/video/mp4/10/38687.mp4,página web,informatica-y-tecnologia-moderna
/fr.fr/word/4521/quicktime-player/0/?q=QuickTime+player,https://media.spreadthesign.com/video/mp4/10/38688.mp4,QuickTime player,informatica-y-tecnologia-moderna
/fr.fr/word/4526/videotelefono/0/?q=videotel%C3%A9fono,https://media.spreadthesign.com/video/mp4/10/38719.mp4,videoteléfono,informatica-y-tecnologia-moderna
/fr.fr/word/4523/filmar/0/?q=filmar,https://media.spreadthesign.com/video/mp4/10/38700.mp4,filmar,informatica-y-tecnologia-moderna
/fr.fr/word/4597/pegar/0/?q=pegar,https://media.spreadthesign.com/video/mp4/10/39110.mp4,pegar,informatica-y-tecnologia-moderna
/fr.fr/word/4594/post-produccion-de-video/0/?q=post-producci%C3%B3n+de+v%C3%ADdeo,https://media.spreadthesign.com/video/mp4/10/39095.mp4,post-producción de vídeo,informatica-y-tecnologia-moderna
/fr.fr/word/4591/grabadora/0/?q=grabadora,https://media.spreadthesign.com/video/mp4/10/39078.mp4,grabadora,informatica-y-tecnologia-moderna
/fr.fr/word/4598/animacion/0/?q=animaci%C3%B3n,https://media.spreadthesign.com/video/mp4/10/39121.mp4,animación,informatica-y-tecnologia-moderna
/fr.fr/word/4595/copiar/0/?q=copiar,https://media.spreadthesign.com/video/mp4/10/39099.mp4,copiar,informatica-y-tecnologia-moderna
/fr.fr/word/4592/difusion/0/?q=difusi%C3%B3n,https://media.spreadthesign.com/video/mp4/10/39086.mp4,difusión,informatica-y-tecnologia-moderna
/fr.fr/word/4596/borrar/0/?q=borrar,https://media.spreadthesign.com/video/mp4/10/39109.mp4,borrar,informatica-y-tecnologia-moderna
/fr.fr/word/4593/actualizacion/0/?q=actualizaci%C3%B3n,https://media.spreadthesign.com/video/mp4/10/39088.mp4,actualización,informatica-y-tecnologia-moderna
/fr.fr/word/4560/tarjeta-sim/0/?q=tarjeta+SIM,https://media.spreadthesign.com/video/mp4/10/38902.mp4,tarjeta SIM,informatica-y-tecnologia-moderna
/fr.fr/word/4567/contrasena/0/?q=contrase%C3%B1a,https://media.spreadthesign.com/video/mp4/10/38937.mp4,contraseña,informatica-y-tecnologia-moderna
/fr.fr/word/4564/banda-ancha/0/?q=banda+ancha,https://media.spreadthesign.com/video/mp4/10/38924.mp4,banda ancha,informatica-y-tecnologia-moderna
/fr.fr/word/4561/nombre-de-usuario/0/?q=nombre+de+usuario,https://media.spreadthesign.com/video/mp4/10/38903.mp4,nombre de usuario,informatica-y-tecnologia-moderna
/fr.fr/word/4568/teclado/0/?q=teclado,https://media.spreadthesign.com/video/mp4/10/38947.mp4,teclado,informatica-y-tecnologia-moderna
/fr.fr/word/4565/inalambrico/0/?q=inal%C3%A1mbrico,https://media.spreadthesign.com/video/mp4/10/38925.mp4,inalámbrico,informatica-y-tecnologia-moderna
/fr.fr/word/4562/descargar/0/?q=descargar,https://media.spreadthesign.com/video/mp4/10/38912.mp4,descargar,informatica-y-tecnologia-moderna
/fr.fr/word/4569/raton/0/?q=rat%C3%B3n,https://media.spreadthesign.com/video/mp4/10/38949.mp4,ratón,informatica-y-tecnologia-moderna
/fr.fr/word/4566/contestador/0/?q=contestador,https://media.spreadthesign.com/video/mp4/10/38936.mp4,contestador,informatica-y-tecnologia-moderna
/fr.fr/word/4537/megapixel/0/?q=megapixel,https://media.spreadthesign.com/video/mp4/10/38772.mp4,megapixel,informatica-y-tecnologia-moderna
/fr.fr/word/4534/presentacion-de-diapositivos/0/?q=presentaci%C3%B3n+de+diapositivos,https://media.spreadthesign.com/video/mp4/10/38761.mp4,presentación de diapositivos,informatica-y-tecnologia-moderna
/fr.fr/word/4531/videoclip/0/?q=videoclip,https://media.spreadthesign.com/video/mp4/10/38742.mp4,videoclip,informatica-y-tecnologia-moderna
/fr.fr/word/4538/marco-de-fotos-digital/0/?q=marco+de+fotos+digital,https://media.spreadthesign.com/video/mp4/10/38782.mp4,marco de fotos digital,informatica-y-tecnologia-moderna
/fr.fr/word/4535/resolucion-de-imagen/0/?q=resoluci%C3%B3n+de+imagen,https://media.spreadthesign.com/video/mp4/10/38762.mp4,resolución de imagen,informatica-y-tecnologia-moderna
/fr.fr/word/4532/cable-av/0/?q=cable+av,https://media.spreadthesign.com/video/mp4/10/38752.mp4,cable av,informatica-y-tecnologia-moderna
/fr.fr/word/4539/papel-de-impresion/0/?q=papel+de+impresi%C3%B3n,https://media.spreadthesign.com/video/mp4/10/38783.mp4,papel de impresión,informatica-y-tecnologia-moderna
/fr.fr/word/4536/software-de-aplicacion/0/?q=software+de+aplicaci%C3%B3n,https://media.spreadthesign.com/video/mp4/10/38771.mp4,software de aplicación,informatica-y-tecnologia-moderna
/fr.fr/word/4600/valla-publicitaria-digital/0/?q=valla+publicitaria+digital,https://media.spreadthesign.com/video/mp4/10/39133.mp4,valla publicitaria digital,informatica-y-tecnologia-moderna
/fr.fr/word/4605/dtp/0/?q=dtp,https://media.spreadthesign.com/video/mp4/10/39154.mp4,dtp,informatica-y-tecnologia-moderna
/fr.fr/word/4607/produccion-de-video/0/?q=producci%C3%B3n+de+v%C3%ADdeo,https://media.spreadthesign.com/video/mp4/10/39163.mp4,producción de vídeo,informatica-y-tecnologia-moderna
/fr.fr/word/4604/impresion-en-blanco-y-negro/0/?q=impresi%C3%B3n+en+blanco+y+negro,https://media.spreadthesign.com/video/mp4/10/39152.mp4,impresión en blanco y negro,informatica-y-tecnologia-moderna
/fr.fr/word/4601/discman/0/?q=discman,https://media.spreadthesign.com/video/mp4/10/39134.mp4,discman,informatica-y-tecnologia-moderna
/fr.fr/word/4606/impresora-digital/0/?q=impresora+digital,https://media.spreadthesign.com/video/mp4/10/39162.mp4,impresora digital,informatica-y-tecnologia-moderna
/fr.fr/word/4650/acceso/0/?q=acceso,https://media.spreadthesign.com/video/mp4/10/41499.mp4,acceso,informatica-y-tecnologia-moderna
/fr.fr/word/4655/encabezado/0/?q=encabezado,https://media.spreadthesign.com/video/mp4/10/39414.mp4,encabezado,informatica-y-tecnologia-moderna
/fr.fr/word/4654/sitio-web/0/?q=sitio+web,https://media.spreadthesign.com/video/mp4/10/39413.mp4,sitio web,informatica-y-tecnologia-moderna
/fr.fr/word/4651/toner/0/?q=t%C3%B3ner,https://media.spreadthesign.com/video/mp4/10/39392.mp4,tóner,informatica-y-tecnologia-moderna
/fr.fr/word/4656/pie-de-pagina/0/?q=pie+de+p%C3%A1gina,https://media.spreadthesign.com/video/mp4/10/39423.mp4,pie de página,informatica-y-tecnologia-moderna
/fr.fr/word/4628/cuenta-de-usuario/0/?q=cuenta+de+usuario,https://media.spreadthesign.com/video/mp4/10/41502.mp4,cuenta de usuario,informatica-y-tecnologia-moderna
/fr.fr/word/4625/biblioteca-digital/0/?q=biblioteca+digital,https://media.spreadthesign.com/video/mp4/10/39256.mp4,biblioteca digital,informatica-y-tecnologia-moderna
/fr.fr/word/4620/impresion-en-color/0/?q=impresi%C3%B3n+en+color,https://media.spreadthesign.com/video/mp4/10/39235.mp4,impresión en color,informatica-y-tecnologia-moderna
/fr.fr/word/4626/camara-digital/0/?q=c%C3%A1mara+digital,https://media.spreadthesign.com/video/mp4/10/39266.mp4,cámara digital,informatica-y-tecnologia-moderna
/fr.fr/word/4623/impresora-de-inyeccion-de-tinta/0/?q=impresora+de+inyecci%C3%B3n+de+tinta,https://media.spreadthesign.com/video/mp4/10/41500.mp4,impresora de inyección de tinta,informatica-y-tecnologia-moderna
/fr.fr/word/4640/blog/0/?q=blog,https://media.spreadthesign.com/video/mp4/10/39341.mp4,blog,informatica-y-tecnologia-moderna
/fr.fr/word/4647/espacio-en-blanco/0/?q=espacio+en+blanco,https://media.spreadthesign.com/video/mp4/10/39373.mp4,espacio en blanco,informatica-y-tecnologia-moderna
/fr.fr/word/4644/retoque-fotografico/0/?q=retoque+fotogr%C3%A1fico,https://media.spreadthesign.com/video/mp4/10/39360.mp4,retoque fotográfico,informatica-y-tecnologia-moderna
/fr.fr/word/4641/powerpoint/0/?q=PowerPoint,https://media.spreadthesign.com/video/mp4/10/39342.mp4,PowerPoint,informatica-y-tecnologia-moderna
/fr.fr/word/4648/servicio-de-transmision-por-video/0/?q=servicio+de+transmisi%C3%B3n+por+v%C3%ADdeo,https://media.spreadthesign.com/video/mp4/10/39379.mp4,servicio de transmisión por vídeo,informatica-y-tecnologia-moderna
/fr.fr/word/4649/tabla/0/?q=tabla,https://media.spreadthesign.com/video/mp4/10/39383.mp4,tabla,informatica-y-tecnologia-moderna
/fr.fr/word/4646/twitter/0/?q=Twitter,https://media.spreadthesign.com/video/mp4/10/39371.mp4,Twitter,informatica-y-tecnologia-moderna
/fr.fr/word/4610/sistema-de-procesador-de-textos/0/?q=sistema+de+procesador+de+textos,https://media.spreadthesign.com/video/mp4/10/39183.mp4,sistema de procesador de textos,informatica-y-tecnologia-moderna
/fr.fr/word/4617/cinta-de-video/0/?q=cinta+de+v%C3%ADdeo,https://media.spreadthesign.com/video/mp4/10/39217.mp4,cinta de vídeo,informatica-y-tecnologia-moderna
/fr.fr/word/4614/tamano-de-papel/0/?q=tama%C3%B1o+de+papel,https://media.spreadthesign.com/video/mp4/10/39205.mp4,tamaño de papel,informatica-y-tecnologia-moderna
/fr.fr/word/4611/emoticonos/0/?q=emoticonos,https://media.spreadthesign.com/video/mp4/10/39185.mp4,emoticonos,informatica-y-tecnologia-moderna
/fr.fr/word/4615/editor-grafico/0/?q=editor+gr%C3%A1fico,https://media.spreadthesign.com/video/mp4/10/39206.mp4,editor gráfico,informatica-y-tecnologia-moderna
/fr.fr/word/4612/pantalla-interactiva/0/?q=pantalla+interactiva,https://media.spreadthesign.com/video/mp4/10/39192.mp4,pantalla interactiva,informatica-y-tecnologia-moderna
/fr.fr/word/4616/cargar/0/?q=cargar,https://media.spreadthesign.com/video/mp4/10/39216.mp4,cargar,informatica-y-tecnologia-moderna
/fr.fr/word/466/email/0/?q=email,https://media.spreadthesign.com/video/mp4/10/4588.mp4,email,informatica-y-tecnologia-moderna
/fr.fr/word/4639/monograma/0/?q=monograma,https://media.spreadthesign.com/video/mp4/10/39332.mp4,monograma,informatica-y-tecnologia-moderna
/fr.fr/word/4632/cursiva/0/?q=cursiva,https://media.spreadthesign.com/video/mp4/10/39296.mp4,cursiva,informatica-y-tecnologia-moderna
/fr.fr/word/4634/antivirus/0/?q=antivirus,https://media.spreadthesign.com/video/mp4/10/39308.mp4,antivirus,informatica-y-tecnologia-moderna
/fr.fr/word/4631/fotocopiadora/0/?q=fotocopiadora,https://media.spreadthesign.com/video/mp4/10/39288.mp4,fotocopiadora,informatica-y-tecnologia-moderna
/fr.fr/word/4636/logo/0/?q=logo,https://media.spreadthesign.com/video/mp4/10/39320.mp4,logo,informatica-y-tecnologia-moderna
/fr.fr/word/4633/impresora-laser/0/?q=impresora+l%C3%A1ser,https://media.spreadthesign.com/video/mp4/10/39298.mp4,impresora láser,informatica-y-tecnologia-moderna
/fr.fr/word/4310/sistema-de-posicionamiento-global/0/?q=sistema+de+posicionamiento+global,https://media.spreadthesign.com/video/mp4/10/37412.mp4,sistema de posicionamiento global,informatica-y-tecnologia-moderna
/fr.fr/word/10906/parrafo/0/?q=p%C3%A1rrafo,https://media.spreadthesign.com/video/mp4/10/187502.mp4,párrafo,informatica-y-tecnologia-moderna
/fr.fr/word/1780/ordenador-portatil/0/?q=ordenador+port%C3%A1til,https://media.spreadthesign.com/video/mp4/10/17715.mp4,ordenador portátil,informatica-y-tecnologia-moderna
/fr.fr/word/1798/spreadthesign/0/?q=Spreadthesign,https://media.spreadthesign.com/video/mp4/10/17891.mp4,Spreadthesign,informatica-y-tecnologia-moderna
/fr.fr/word/17183/formulario/0/?q=formulario,https://media.spreadthesign.com/video/mp4/10/284103.mp4,formulario,informatica-y-tecnologia-moderna
/fr.fr/word/17654/presentacion-en-powerpoint/0/?q=presentaci%C3%B3n+en+PowerPoint,https://media.spreadthesign.com/video/mp4/10/267231.mp4,presentación en PowerPoint,informatica-y-tecnologia-moderna
/fr.fr/word/17311/ipad/0/?q=iPad,https://media.spreadthesign.com/video/mp4/10/285046.mp4,iPad,informatica-y-tecnologia-moderna
/fr.fr/word/14044/proceso-de-edicion/0/?q=proceso+de+edici%C3%B3n,https://media.spreadthesign.com/video/mp4/10/281877.mp4,proceso de edición,informatica-y-tecnologia-moderna
/fr.fr/word/14088/revista-on-line/0/?q=revista+on-line,https://media.spreadthesign.com/video/mp4/10/282668.mp4,revista on-line,informatica-y-tecnologia-moderna
/fr.fr/word/14540/realidad-virtual/0/?q=realidad+virtual,https://media.spreadthesign.com/video/mp4/10/283817.mp4,realidad virtual,informatica-y-tecnologia-moderna
/fr.fr/word/14544/web/0/?q=Web,https://media.spreadthesign.com/video/mp4/10/267100.mp4,Web,informatica-y-tecnologia-moderna
/fr.fr/word/14545/web-2-0/0/?q=Web+2.0,https://media.spreadthesign.com/video/mp4/10/267099.mp4,Web 2.0,informatica-y-tecnologia-moderna
/fr.fr/word/14528/actualizacion/0/?q=actualizaci%C3%B3n,https://media.spreadthesign.com/video/mp4/10/283745.mp4,actualización,informatica-y-tecnologia-moderna
/fr.fr/word/14520/texto-mecanografiado/0/?q=texto+mecanografiado,https://media.spreadthesign.com/video/mp4/10/266844.mp4,texto mecanografiado,informatica-y-tecnologia-moderna
/fr.fr/word/14527/correo-electronico-no-solicitado/0/?q=correo+electr%C3%B3nico+no+solicitado,https://media.spreadthesign.com/video/mp4/10/283741.mp4,correo electrónico no solicitado,informatica-y-tecnologia-moderna
/fr.fr/word/14241/lista-de-correos-electronicos/0/?q=lista+de+correos+electr%C3%B3nicos,https://media.spreadthesign.com/video/mp4/10/285191.mp4,lista de correos electrónicos,informatica-y-tecnologia-moderna
/fr.fr/word/14405/reimprimir/0/?q=reimprimir,https://media.spreadthesign.com/video/mp4/10/266418.mp4,reimprimir,informatica-y-tecnologia-moderna
/fr.fr/word/14407/reiniciar/0/?q=reiniciar,https://media.spreadthesign.com/video/mp4/10/267062.mp4,reiniciar,informatica-y-tecnologia-moderna
/fr.fr/word/14194/correo-basura/0/?q=correo+basura,https://media.spreadthesign.com/video/mp4/10/285095.mp4,correo basura,informatica-y-tecnologia-moderna
/fr.fr/word/14196/teclear-informacion-o-instrucciones-en-un-dispositivo-informatico/0/?q=teclear+informaci%C3%B3n+o+instrucciones+en+un+dispositivo+inform%C3%A1tico,https://media.spreadthesign.com/video/mp4/10/265799.mp4,teclear información o instrucciones en un dispositivo informático,informatica-y-tecnologia-moderna
/fr.fr/word/14130/fuente-tipografica/0/?q=fuente+tipogr%C3%A1fica,https://media.spreadthesign.com/video/mp4/10/282112.mp4,fuente tipográfica,informatica-y-tecnologia-moderna
/fr.fr/word/14138/galerada/0/?q=galerada,https://media.spreadthesign.com/video/mp4/10/284133.mp4,galerada,informatica-y-tecnologia-moderna
/fr.fr/word/14307/lenguaje-de-descripcion-de-paginas/0/?q=lenguaje+de+descripci%C3%B3n+de+p%C3%A1ginas,https://media.spreadthesign.com/video/mp4/10/266118.mp4,lenguaje de descripción de páginas,informatica-y-tecnologia-moderna
/fr.fr/word/11894/sistemas-de-informacion-geografica/0/?q=sistemas+de+informaci%C3%B3n+geogr%C3%A1fica,https://media.spreadthesign.com/video/mp4/10/155941.mp4,sistemas de información geográfica,informatica-y-tecnologia-moderna
/fr.fr/word/11141/proyector/0/?q=proyector,https://media.spreadthesign.com/video/mp4/10/187899.mp4,proyector,informatica-y-tecnologia-moderna
/fr.fr/word/11677/estereo/0/?q=estereo,https://media.spreadthesign.com/video/mp4/10/188806.mp4,estereo,informatica-y-tecnologia-moderna
/fr.fr/word/11976/replicacion/0/?q=replicaci%C3%B3n,https://media.spreadthesign.com/video/mp4/10/188232.mp4,replicación,informatica-y-tecnologia-moderna
/fr.fr/word/1883/camara-de-fotos/0/?q=c%C3%A1mara+de+fotos,https://media.spreadthesign.com/video/mp4/10/18711.mp4,cámara de fotos,informatica-y-tecnologia-moderna
/fr.fr/word/18600/pizarra-digital/0/?q=pizarra+digital,https://media.spreadthesign.com/video/mp4/10/282064.mp4,pizarra digital,informatica-y-tecnologia-moderna
/fr.fr/word/1815/carta/0/?q=carta,https://media.spreadthesign.com/video/mp4/10/18045.mp4,carta,informatica-y-tecnologia-moderna
/fr.fr/word/1812/tv/0/?q=TV,https://media.spreadthesign.com/video/mp4/10/18014.mp4,TV,informatica-y-tecnologia-moderna
/fr.fr/word/1813/radio/0/?q=radio,https://media.spreadthesign.com/video/mp4/10/18026.mp4,radio,informatica-y-tecnologia-moderna
/fr.fr/word/1898/juego-de-ordenador/0/?q=juego+de+ordenador,https://media.spreadthesign.com/video/mp4/10/18872.mp4,juego de ordenador,informatica-y-tecnologia-moderna
/fr.fr/word/15475/sistema-de-comunicacion/0/?q=sistema+de+comunicaci%C3%B3n,https://media.spreadthesign.com/video/mp4/10/267086.mp4,sistema de comunicación,informatica-y-tecnologia-moderna
/fr.fr/word/15600/dictado/0/?q=dictado,https://media.spreadthesign.com/video/mp4/10/265736.mp4,dictado,informatica-y-tecnologia-moderna
/fr.fr/word/12057/tuit/0/?q=tuit,https://media.spreadthesign.com/video/mp4/10/283684.mp4,tuit,informatica-y-tecnologia-moderna
/fr.fr/word/12051/medios-de-comunicacion-social/0/?q=medios+de+comunicaci%C3%B3n+social+,https://media.spreadthesign.com/video/mp4/10/282082.mp4,medios de comunicación social ,informatica-y-tecnologia-moderna
/fr.fr/word/12058/tweets/0/?q=tweets,https://media.spreadthesign.com/video/mp4/10/283685.mp4,tweets,informatica-y-tecnologia-moderna
/fr.fr/word/12055/etiquetar/0/?q=etiquetar,https://media.spreadthesign.com/video/mp4/10/188912.mp4,etiquetar,informatica-y-tecnologia-moderna
/fr.fr/word/12056/hilo/0/?q=hilo,https://media.spreadthesign.com/video/mp4/10/283018.mp4,hilo,informatica-y-tecnologia-moderna
/fr.fr/word/12053/red-social/0/?q=red+social,https://media.spreadthesign.com/video/mp4/10/188721.mp4,red social,informatica-y-tecnologia-moderna
/fr.fr/word/12028/compartir-documentos/0/?q=compartir+documentos,https://media.spreadthesign.com/video/mp4/10/155968.mp4,compartir documentos,informatica-y-tecnologia-moderna
/fr.fr/word/12025/bloquear/0/?q=bloquear,https://media.spreadthesign.com/video/mp4/10/155908.mp4,bloquear,informatica-y-tecnologia-moderna
/fr.fr/word/12022/anadir/0/?q=a%C3%B1adir,https://media.spreadthesign.com/video/mp4/10/155892.mp4,añadir,informatica-y-tecnologia-moderna
/fr.fr/word/12026/bloguero/0/?q=bloguero,https://media.spreadthesign.com/video/mp4/10/155907.mp4,bloguero,informatica-y-tecnologia-moderna
/fr.fr/word/12044/skype/0/?q=Skype,https://media.spreadthesign.com/video/mp4/10/188692.mp4,Skype,informatica-y-tecnologia-moderna
/fr.fr/word/12041/rss/0/?q=RSS,https://media.spreadthesign.com/video/mp4/10/188436.mp4,RSS,informatica-y-tecnologia-moderna
/fr.fr/word/12060/wii/0/?q=Wii,https://media.spreadthesign.com/video/mp4/10/284411.mp4,Wii,informatica-y-tecnologia-moderna
/fr.fr/word/12037/msn-messenger/0/?q=MSN+messenger,https://media.spreadthesign.com/video/mp4/10/187169.mp4,MSN messenger,informatica-y-tecnologia-moderna
/fr.fr/word/12038/juegos-online/0/?q=juegos+online,https://media.spreadthesign.com/video/mp4/10/285464.mp4,juegos online,informatica-y-tecnologia-moderna
/fr.fr/word/12035/red-de-area-local/0/?q=red+de+%C3%A1rea+local,https://media.spreadthesign.com/video/mp4/10/187032.mp4,red de área local,informatica-y-tecnologia-moderna
/fr.fr/word/12033/intercambio-ilegal-de-archivos/0/?q=intercambio+ilegal+de+archivos,https://media.spreadthesign.com/video/mp4/10/186906.mp4,intercambio ilegal de archivos,informatica-y-tecnologia-moderna
/fr.fr/word/12706/impresion-con-maquina/0/?q=impresi%C3%B3n+con+m%C3%A1quina,https://media.spreadthesign.com/video/mp4/10/265887.mp4,impresión con máquina,informatica-y-tecnologia-moderna
/fr.fr/word/12784/desenfocado/0/?q=desenfocado,https://media.spreadthesign.com/video/mp4/10/266106.mp4,desenfocado,informatica-y-tecnologia-moderna
/fr.fr/word/12790/gramaje-del-papel/0/?q=gramaje+del+papel,https://media.spreadthesign.com/video/mp4/10/266121.mp4,gramaje del papel,informatica-y-tecnologia-moderna
/fr.fr/word/12764/negativo-fotografico/0/?q=negativo+fotogr%C3%A1fico,https://media.spreadthesign.com/video/mp4/10/266028.mp4,negativo fotográfico,informatica-y-tecnologia-moderna
/fr.fr/word/12480/cortar-y-pegar/0/?q=cortar+y+pegar,https://media.spreadthesign.com/video/mp4/10/264860.mp4,cortar y pegar,informatica-y-tecnologia-moderna
/fr.fr/word/12415/mayusculas/0/?q=may%C3%BAsculas,https://media.spreadthesign.com/video/mp4/10/281678.mp4,mayúsculas,informatica-y-tecnologia-moderna
/fr.fr/word/12437/transparencia-en-color/0/?q=transparencia+en+color,https://media.spreadthesign.com/video/mp4/10/281781.mp4,transparencia en color,informatica-y-tecnologia-moderna
/fr.fr/word/12168/disco/0/?q=disco,https://media.spreadthesign.com/video/mp4/10/266372.mp4,disco,informatica-y-tecnologia-moderna
/fr.fr/word/12802/fotografia/0/?q=fotograf%C3%ADa,https://media.spreadthesign.com/video/mp4/10/266182.mp4,fotografía,informatica-y-tecnologia-moderna
/fr.fr/word/12820/tamano-de-la-fuente/0/?q=tama%C3%B1o+de+la+fuente+,https://media.spreadthesign.com/video/mp4/10/266211.mp4,tamaño de la fuente ,informatica-y-tecnologia-moderna
/fr.fr/word/12898/escanear/0/?q=escanear,https://media.spreadthesign.com/video/mp4/10/266508.mp4,escanear,informatica-y-tecnologia-moderna
/fr.fr/word/12892/rollo-de-pelicula/0/?q=rollo+de+pel%C3%ADcula,https://media.spreadthesign.com/video/mp4/10/282803.mp4,rollo de película,informatica-y-tecnologia-moderna
/fr.fr/word/12587/encuadre/0/?q=encuadre,https://media.spreadthesign.com/video/mp4/10/284110.mp4,encuadre,informatica-y-tecnologia-moderna
/fr.fr/word/12551/luz-existente/0/?q=luz+existente,https://media.spreadthesign.com/video/mp4/10/255331.mp4,luz existente,informatica-y-tecnologia-moderna
/fr.fr/word/12557/numero-f/0/?q=n%C3%BAmero+f,https://media.spreadthesign.com/video/mp4/10/282764.mp4,número f,informatica-y-tecnologia-moderna
/fr.fr/word/12571/fotografo-artistico/0/?q=fot%C3%B3grafo+art%C3%ADstico,https://media.spreadthesign.com/video/mp4/10/282808.mp4,fotógrafo artístico,informatica-y-tecnologia-moderna
/fr.fr/word/12576/lente-de-ojo-de-pez/0/?q=lente+de+ojo+de+pez,https://media.spreadthesign.com/video/mp4/10/282822.mp4,lente de ojo de pez,informatica-y-tecnologia-moderna
/fr.fr/word/12513/video-digital/0/?q=video+digital,https://media.spreadthesign.com/video/mp4/10/265745.mp4,video digital,informatica-y-tecnologia-moderna
/fr.fr/word/12538/email/0/?q=email,https://media.spreadthesign.com/video/mp4/10/255282.mp4,email,informatica-y-tecnologia-moderna
/fr.fr/word/12949/objetivo-estandar/0/?q=objetivo+est%C3%A1ndar,https://media.spreadthesign.com/video/mp4/10/282176.mp4,objetivo estándar,informatica-y-tecnologia-moderna
/fr.fr/word/12965/subtitulo/0/?q=subt%C3%ADtulo,https://media.spreadthesign.com/video/mp4/10/282847.mp4,subtítulo,informatica-y-tecnologia-moderna
/fr.fr/word/12936/efectos-sonoros/0/?q=efectos+sonoros,https://media.spreadthesign.com/video/mp4/10/282107.mp4,efectos sonoros,informatica-y-tecnologia-moderna
/fr.fr/word/12932/fotografia-instantanea/0/?q=fotograf%C3%ADa+instant%C3%A1nea,https://media.spreadthesign.com/video/mp4/10/282069.mp4,fotografía instantánea,informatica-y-tecnologia-moderna
/fr.fr/word/12689/espacio-entre-caracteres/0/?q=espacio+entre+caracteres,https://media.spreadthesign.com/video/mp4/10/285143.mp4,espacio entre caracteres,informatica-y-tecnologia-moderna
/fr.fr/word/12609/gradacion-de-color/0/?q=gradaci%C3%B3n+de+color,https://media.spreadthesign.com/video/mp4/10/256876.mp4,gradación de color,informatica-y-tecnologia-moderna
/fr.fr/word/12652/infinito/0/?q=infinito,https://media.spreadthesign.com/video/mp4/10/257036.mp4,infinito,informatica-y-tecnologia-moderna
/fr.fr/word/12611/comunicacion-grafica/0/?q=comunicaci%C3%B3n+gr%C3%A1fica,https://media.spreadthesign.com/video/mp4/10/256879.mp4,comunicación gráfica,informatica-y-tecnologia-moderna
/fr.fr/word/12637/decoracion-de-texto/0/?q=decoraci%C3%B3n+de+texto,https://media.spreadthesign.com/video/mp4/10/284945.mp4,decoración de texto,informatica-y-tecnologia-moderna
/fr.fr/word/12373/viseras/0/?q=viseras,https://media.spreadthesign.com/video/mp4/10/281561.mp4,viseras,informatica-y-tecnologia-moderna
/fr.fr/word/12342/abertura/0/?q=abertura,https://media.spreadthesign.com/video/mp4/10/281469.mp4,abertura,informatica-y-tecnologia-moderna
/fr.fr/word/12318/3d-cad/0/?q=3D+CAD,https://media.spreadthesign.com/video/mp4/10/267117.mp4,3D CAD,informatica-y-tecnologia-moderna
/fr.fr/word/19246/indocumentado/0/?q=indocumentado,https://media.spreadthesign.com/video/mp4/10/283715.mp4,indocumentado,informatica-y-tecnologia-moderna
/fr.fr/word/13051/objetivo-zum/0/?q=objetivo+zum,https://media.spreadthesign.com/video/mp4/10/266944.mp4,objetivo zum,informatica-y-tecnologia-moderna
/fr.fr/word/13029/grabacion-en-video/0/?q=grabaci%C3%B3n+en+v%C3%ADdeo,https://media.spreadthesign.com/video/mp4/10/266879.mp4,grabación en vídeo,informatica-y-tecnologia-moderna
/fr.fr/word/13045/creacion-de-paginas-web/0/?q=creaci%C3%B3n+de+p%C3%A1ginas+web,https://media.spreadthesign.com/video/mp4/10/283892.mp4,creación de páginas web,informatica-y-tecnologia-moderna
/fr.fr/word/13703/superficie-total/0/?q=superficie+total,https://media.spreadthesign.com/video/mp4/10/283595.mp4,superficie total,informatica-y-tecnologia-moderna
/fr.fr/word/13746/balance-de-blancos/0/?q=balance+de+blancos,https://media.spreadthesign.com/video/mp4/10/283989.mp4,balance de blancos,informatica-y-tecnologia-moderna
/fr.fr/word/13747/pantalla-panoramica/0/?q=pantalla+panor%C3%A1mica,https://media.spreadthesign.com/video/mp4/10/284002.mp4,pantalla panorámica,informatica-y-tecnologia-moderna
/fr.fr/word/13735/grabadora-de-video/0/?q=grabadora+de+video,https://media.spreadthesign.com/video/mp4/10/283804.mp4,grabadora de video,informatica-y-tecnologia-moderna
/fr.fr/word/13732/vhs/0/?q=VHS,https://media.spreadthesign.com/video/mp4/10/283794.mp4,VHS,informatica-y-tecnologia-moderna
/fr.fr/word/13403/efectos-especiales/0/?q=efectos+especiales,https://media.spreadthesign.com/video/mp4/10/284825.mp4,efectos especiales,informatica-y-tecnologia-moderna
/fr.fr/word/13420/copia-impresa/0/?q=copia+impresa,https://media.spreadthesign.com/video/mp4/10/256913.mp4,copia impresa,informatica-y-tecnologia-moderna
/fr.fr/word/13490/software-matematico/0/?q=software+matem%C3%A1tico,https://media.spreadthesign.com/video/mp4/10/265925.mp4,software matemático,informatica-y-tecnologia-moderna
/fr.fr/word/13496/dispositivo-de-memoria/0/?q=dispositivo+de+memoria,https://media.spreadthesign.com/video/mp4/10/265947.mp4,dispositivo de memoria,informatica-y-tecnologia-moderna
/fr.fr/word/13439/procesamiento-de-imagenes/0/?q=procesamiento+de+im%C3%A1genes,https://media.spreadthesign.com/video/mp4/10/284946.mp4,procesamiento de imágenes,informatica-y-tecnologia-moderna
/fr.fr/word/13179//0/?q=%40,https://media.spreadthesign.com/video/mp4/10/267114.mp4,@,informatica-y-tecnologia-moderna
/fr.fr/word/13807/agrandamiento/0/?q=agrandamiento,https://media.spreadthesign.com/video/mp4/10/285186.mp4,agrandamiento,informatica-y-tecnologia-moderna
/fr.fr/word/13516/ir-de-una-pagina-a-otra/0/?q=ir+de+una+p%C3%A1gina+a+otra,https://media.spreadthesign.com/video/mp4/10/285390.mp4,ir de una página a otra,informatica-y-tecnologia-moderna
/fr.fr/word/13534/panoramica/0/?q=panor%C3%A1mica,https://media.spreadthesign.com/video/mp4/10/285535.mp4,panorámica,informatica-y-tecnologia-moderna
/fr.fr/word/16593/los-pirineos/0/?q=Los+Pirineos,https://media.spreadthesign.com/video/mp4/10/267008.mp4,Los Pirineos,geografia-y-viajes
/fr.fr/word/16567/tanzania/0/?q=Tanzania,https://media.spreadthesign.com/video/mp4/10/471127.mp4,Tanzania,geografia-y-viajes
/fr.fr/word/1656/museo/0/?q=museo,https://media.spreadthesign.com/video/mp4/10/16464.mp4,museo,geografia-y-viajes
/fr.fr/word/1625/irlanda/0/?q=Irlanda,https://media.spreadthesign.com/video/mp4/10/471069.mp4,Irlanda,geografia-y-viajes
/fr.fr/word/16226/peru/0/?q=Per%C3%BA,https://media.spreadthesign.com/video/mp4/10/471106.mp4,Perú,geografia-y-viajes
/fr.fr/word/1627/italia/0/?q=Italia,https://media.spreadthesign.com/video/mp4/10/471071.mp4,Italia,geografia-y-viajes
/fr.fr/word/1626/islandia/0/?q=Islandia,https://media.spreadthesign.com/video/mp4/10/16155.mp4,Islandia,geografia-y-viajes
/fr.fr/word/1698/portugal/0/?q=Portugal,https://media.spreadthesign.com/video/mp4/10/471109.mp4,Portugal,geografia-y-viajes
/fr.fr/word/1696/polonia/0/?q=Polonia,https://media.spreadthesign.com/video/mp4/10/471108.mp4,Polonia,geografia-y-viajes
/fr.fr/word/16688/vietnam/0/?q=Vietnam,https://media.spreadthesign.com/video/mp4/10/471134.mp4,Vietnam,geografia-y-viajes
/fr.fr/word/16335/piramide-del-sol/0/?q=Pir%C3%A1mide+del+Sol,https://media.spreadthesign.com/video/mp4/10/267233.mp4,Pirámide del Sol,geografia-y-viajes
/fr.fr/word/13021/urbano/0/?q=urbano,https://media.spreadthesign.com/video/mp4/10/266857.mp4,urbano,geografia-y-viajes
/fr.fr/word/13218/ejes/0/?q=ejes,https://media.spreadthesign.com/video/mp4/10/281540.mp4,ejes,geografia-y-viajes
/fr.fr/word/13738/villa/0/?q=villa,https://media.spreadthesign.com/video/mp4/10/283811.mp4,villa,geografia-y-viajes
/fr.fr/word/13671/realizar-un-estudio/0/?q=realizar+un+estudio,https://media.spreadthesign.com/video/mp4/10/266742.mp4,realizar un estudio,geografia-y-viajes
/fr.fr/word/13307/casa-de-campo/0/?q=casa+de+campo,https://media.spreadthesign.com/video/mp4/10/264828.mp4,casa de campo,geografia-y-viajes
/fr.fr/word/8893/vacaciones-familiares/0/?q=vacaciones+familiares,https://media.spreadthesign.com/video/mp4/10/255363.mp4,vacaciones familiares,geografia-y-viajes
/fr.fr/word/8209/guia/0/?q=gu%C3%ADa,https://media.spreadthesign.com/video/mp4/10/256900.mp4,guía,geografia-y-viajes
/fr.fr/word/8226/haiti/0/?q=Hait%C3%AD,https://media.spreadthesign.com/video/mp4/10/471062.mp4,Haití,geografia-y-viajes
/fr.fr/word/8463/municipio-propio/0/?q=municipio+propio,https://media.spreadthesign.com/video/mp4/10/186584.mp4,municipio propio,geografia-y-viajes
/fr.fr/word/8473/alojamiento-y-manutencion/0/?q=alojamiento+y+manutenci%C3%B3n,https://media.spreadthesign.com/video/mp4/10/281599.mp4,alojamiento y manutención,geografia-y-viajes
/fr.fr/word/8966/asistente-de-vuelo/0/?q=asistente+de+vuelo,https://media.spreadthesign.com/video/mp4/10/186155.mp4,asistente de vuelo,geografia-y-viajes
/fr.fr/word/8923/topografo/0/?q=top%C3%B3grafo,https://media.spreadthesign.com/video/mp4/10/186060.mp4,topógrafo,geografia-y-viajes
/fr.fr/word/8186/ghana/0/?q=Ghana,https://media.spreadthesign.com/video/mp4/10/471058.mp4,Ghana,geografia-y-viajes
/fr.fr/word/8139/bulto/0/?q=bulto,https://media.spreadthesign.com/video/mp4/10/285522.mp4,bulto,geografia-y-viajes
/fr.fr/word/8385/barrio/0/?q=barrio,https://media.spreadthesign.com/video/mp4/10/266032.mp4,barrio,geografia-y-viajes
/fr.fr/word/8376/aterrizar/0/?q=aterrizar,https://media.spreadthesign.com/video/mp4/10/156369.mp4,aterrizar,geografia-y-viajes
/fr.fr/word/5807/vacante/0/?q=vacante,https://media.spreadthesign.com/video/mp4/10/283768.mp4,vacante,geografia-y-viajes
/fr.fr/word/5845/aparcamiento-para-visitantes/0/?q=aparcamiento+para+visitantes,https://media.spreadthesign.com/video/mp4/10/189230.mp4,aparcamiento para visitantes,geografia-y-viajes
/fr.fr/word/5846/visitante/0/?q=visitante,https://media.spreadthesign.com/video/mp4/10/283819.mp4,visitante,geografia-y-viajes
/fr.fr/word/5882/area-urbana/0/?q=%C3%A1rea+urbana,https://media.spreadthesign.com/video/mp4/10/156010.mp4,área urbana,geografia-y-viajes
/fr.fr/word/5854/viaje/0/?q=viaje,https://media.spreadthesign.com/video/mp4/10/266895.mp4,viaje,geografia-y-viajes
/fr.fr/word/5823/aventura/0/?q=aventura,https://media.spreadthesign.com/video/mp4/10/156486.mp4,aventura,geografia-y-viajes
/fr.fr/word/586/cancelar/0/?q=cancelar,https://media.spreadthesign.com/video/mp4/10/5804.mp4,cancelar,geografia-y-viajes
/fr.fr/word/5834/vista/0/?q=vista,https://media.spreadthesign.com/video/mp4/10/283807.mp4,vista,geografia-y-viajes
/fr.fr/word/552/taxi/0/?q=taxi,https://media.spreadthesign.com/video/mp4/10/5451.mp4,taxi,geografia-y-viajes
/fr.fr/word/557/alojamiento/0/?q=alojamiento,https://media.spreadthesign.com/video/mp4/10/5502.mp4,alojamiento,geografia-y-viajes
/fr.fr/word/500/visitar/0/?q=visitar,https://media.spreadthesign.com/video/mp4/10/4937.mp4,visitar,geografia-y-viajes
/fr.fr/word/506/irse/0/?q=irse,https://media.spreadthesign.com/video/mp4/10/4997.mp4,irse,geografia-y-viajes
/fr.fr/word/5746/oeste/0/?q=oeste,https://media.spreadthesign.com/video/mp4/10/189197.mp4,oeste,geografia-y-viajes
/fr.fr/word/5783/viajar-alrededor-del-mundo/0/?q=viajar+alrededor+del+mundo,https://media.spreadthesign.com/video/mp4/10/266928.mp4,viajar alrededor del mundo,geografia-y-viajes
/fr.fr/word/5982/toalla-de-playa/0/?q=toalla+de+playa,https://media.spreadthesign.com/video/mp4/10/169397.mp4,toalla de playa,geografia-y-viajes
/fr.fr/word/5983/vacaciones-en-la-playa/0/?q=vacaciones+en+la+playa,https://media.spreadthesign.com/video/mp4/10/259832.mp4,vacaciones en la playa,geografia-y-viajes
/fr.fr/word/5934/recogida-de-equipaje/0/?q=recogida+de+equipaje,https://media.spreadthesign.com/video/mp4/10/169369.mp4,recogida de equipaje,geografia-y-viajes
/fr.fr/word/2050/albergue-juvenil/0/?q=albergue+juvenil,https://media.spreadthesign.com/video/mp4/10/20375.mp4,albergue juvenil,geografia-y-viajes
/fr.fr/word/20/avion/0/?q=avi%C3%B3n,https://media.spreadthesign.com/video/mp4/10/198.mp4,avión,geografia-y-viajes
/fr.fr/word/2041/senda/0/?q=senda,https://media.spreadthesign.com/video/mp4/10/20280.mp4,senda,geografia-y-viajes
/fr.fr/word/2788/recorrido/0/?q=recorrido,https://media.spreadthesign.com/video/mp4/10/26538.mp4,recorrido,geografia-y-viajes
/fr.fr/word/2789/vuelo/0/?q=vuelo,https://media.spreadthesign.com/video/mp4/10/26545.mp4,vuelo,geografia-y-viajes
/fr.fr/word/2786/maleta/0/?q=maleta,https://media.spreadthesign.com/video/mp4/10/26523.mp4,maleta,geografia-y-viajes
/fr.fr/word/2754/pista-de-automovil/0/?q=pista+de+autom%C3%B3vil,https://media.spreadthesign.com/video/mp4/10/189028.mp4,pista de automóvil,geografia-y-viajes
/fr.fr/word/2790/turista/0/?q=turista,https://media.spreadthesign.com/video/mp4/10/26554.mp4,turista,geografia-y-viajes
/fr.fr/word/2792/viaje-por-carretera/0/?q=viaje+por+carretera,https://media.spreadthesign.com/video/mp4/10/26572.mp4,viaje por carretera,geografia-y-viajes
/fr.fr/word/2796/pasaporte/0/?q=pasaporte,https://media.spreadthesign.com/video/mp4/10/26600.mp4,pasaporte,geografia-y-viajes
/fr.fr/word/2760/estacion-de-tren/0/?q=estaci%C3%B3n+de+tren,https://media.spreadthesign.com/video/mp4/10/26309.mp4,estación de tren,geografia-y-viajes
/fr.fr/word/21087/ucrania/0/?q=Ucrania,https://media.spreadthesign.com/video/mp4/10/471131.mp4,Ucrania,geografia-y-viajes
/fr.fr/word/2800/internacional/0/?q=internacional,https://media.spreadthesign.com/video/mp4/10/26629.mp4,internacional,geografia-y-viajes
/fr.fr/word/2866/agencia-de-viajes/0/?q=agencia+de+viajes,https://media.spreadthesign.com/video/mp4/10/27171.mp4,agencia de viajes,geografia-y-viajes
/fr.fr/word/2548/estacion-de-autobuses/0/?q=estaci%C3%B3n+de+autobuses,https://media.spreadthesign.com/video/mp4/10/24666.mp4,estación de autobuses,geografia-y-viajes
/fr.fr/word/2518/avion/0/?q=avi%C3%B3n,https://media.spreadthesign.com/video/mp4/10/24436.mp4,avión,geografia-y-viajes
/fr.fr/word/2519/aeropuerto/0/?q=aeropuerto,https://media.spreadthesign.com/video/mp4/10/24441.mp4,aeropuerto,geografia-y-viajes
/fr.fr/word/2525/llegada/0/?q=llegada,https://media.spreadthesign.com/video/mp4/10/24485.mp4,llegada,geografia-y-viajes
/fr.fr/word/2591/direccion/0/?q=direcci%C3%B3n,https://media.spreadthesign.com/video/mp4/10/41613.mp4,dirección,geografia-y-viajes
/fr.fr/word/2979/salir-de-vacaciones/0/?q=salir+de+vacaciones,https://media.spreadthesign.com/video/mp4/10/28064.mp4,salir de vacaciones,geografia-y-viajes
/fr.fr/word/2977/cabina-de-lujo/0/?q=cabina+de+lujo,https://media.spreadthesign.com/video/mp4/10/28048.mp4,cabina de lujo,geografia-y-viajes
/fr.fr/word/2971/ferry/0/?q=ferry,https://media.spreadthesign.com/video/mp4/10/28005.mp4,ferry,geografia-y-viajes
/fr.fr/word/2976/cabina/0/?q=cabina,https://media.spreadthesign.com/video/mp4/10/28042.mp4,cabina,geografia-y-viajes
/fr.fr/word/2973/crucero/0/?q=crucero,https://media.spreadthesign.com/video/mp4/10/28020.mp4,crucero,geografia-y-viajes
/fr.fr/word/2988/alojamiento-con-cocina/0/?q=alojamiento+con+cocina,https://media.spreadthesign.com/video/mp4/10/28130.mp4,alojamiento con cocina,geografia-y-viajes
/fr.fr/word/2989/pension/0/?q=pensi%C3%B3n,https://media.spreadthesign.com/video/mp4/10/28139.mp4,pensión,geografia-y-viajes
/fr.fr/word/2987/alojamiento-y-desayuno/0/?q=alojamiento+y+desayuno,https://media.spreadthesign.com/video/mp4/10/28124.mp4,alojamiento y desayuno,geografia-y-viajes
/fr.fr/word/2958/clase-economica/0/?q=clase+econ%C3%B3mica,https://media.spreadthesign.com/video/mp4/10/27905.mp4,clase económica,geografia-y-viajes
/fr.fr/word/2957/vuelo-charter/0/?q=vuelo+ch%C3%A1rter,https://media.spreadthesign.com/video/mp4/10/27901.mp4,vuelo chárter,geografia-y-viajes
/fr.fr/word/2954/vuelo-regular/0/?q=vuelo+regular,https://media.spreadthesign.com/video/mp4/10/27879.mp4,vuelo regular,geografia-y-viajes
/fr.fr/word/2959/clase-preferente/0/?q=clase+preferente,https://media.spreadthesign.com/video/mp4/10/27914.mp4,clase preferente,geografia-y-viajes
/fr.fr/word/2956/reserva/0/?q=reserva,https://media.spreadthesign.com/video/mp4/10/27890.mp4,reserva,geografia-y-viajes
/fr.fr/word/2953/azafata/0/?q=azafata,https://media.spreadthesign.com/video/mp4/10/27867.mp4,azafata,geografia-y-viajes
/fr.fr/word/2990/posada/0/?q=posada,https://media.spreadthesign.com/video/mp4/10/28147.mp4,posada,geografia-y-viajes
/fr.fr/word/2997/estacion/0/?q=estaci%C3%B3n,https://media.spreadthesign.com/video/mp4/10/28194.mp4,estación,geografia-y-viajes
/fr.fr/word/2994/viaje/0/?q=viaje,https://media.spreadthesign.com/video/mp4/10/28173.mp4,viaje,geografia-y-viajes
/fr.fr/word/2995/barco/0/?q=barco,https://media.spreadthesign.com/video/mp4/10/28184.mp4,barco,geografia-y-viajes
/fr.fr/word/2992/puerta-de-salida/0/?q=puerta+de+salida,https://media.spreadthesign.com/video/mp4/10/28162.mp4,puerta de salida,geografia-y-viajes
/fr.fr/word/2999/complejo-turistico/0/?q=complejo+tur%C3%ADstico,https://media.spreadthesign.com/video/mp4/10/28214.mp4,complejo turístico,geografia-y-viajes
/fr.fr/word/2993/pasajero/0/?q=pasajero,https://media.spreadthesign.com/video/mp4/10/28166.mp4,pasajero,geografia-y-viajes
/fr.fr/word/2960/ruta/0/?q=ruta,https://media.spreadthesign.com/video/mp4/10/27924.mp4,ruta,geografia-y-viajes
/fr.fr/word/2962/viaje-todo-incluido/0/?q=viaje+todo+incluido,https://media.spreadthesign.com/video/mp4/10/27935.mp4,viaje todo incluido,geografia-y-viajes
/fr.fr/word/2969/comision-de-cancelacion/0/?q=comisi%C3%B3n+de+cancelaci%C3%B3n,https://media.spreadthesign.com/video/mp4/10/27992.mp4,comisión de cancelación,geografia-y-viajes
/fr.fr/word/2961/tipo-de-tarifa/0/?q=tipo+de+tarifa,https://media.spreadthesign.com/video/mp4/10/27930.mp4,tipo de tarifa,geografia-y-viajes
/fr.fr/word/2656/avion-reactor/0/?q=avi%C3%B3n+reactor,https://media.spreadthesign.com/video/mp4/10/25455.mp4,avión reactor,geografia-y-viajes
/fr.fr/word/2673/cuentakilometros/0/?q=cuentakil%C3%B3metros,https://media.spreadthesign.com/video/mp4/10/25589.mp4,cuentakilómetros,geografia-y-viajes
/fr.fr/word/23091/alemania/0/?q=Alemania,https://media.spreadthesign.com/video/mp4/10/471017.mp4,Alemania,geografia-y-viajes
/fr.fr/word/23777/turquia/0/?q=Turqu%C3%ADa,https://media.spreadthesign.com/video/mp4/10/471130.mp4,Turquía,geografia-y-viajes
/fr.fr/word/9035/torre-eiffel/0/?q=Torre+Eiffel,https://media.spreadthesign.com/video/mp4/10/470381.mp4,Torre Eiffel,geografia-y-viajes
/fr.fr/word/9504/motel/0/?q=motel,https://media.spreadthesign.com/video/mp4/10/187149.mp4,motel,geografia-y-viajes
/fr.fr/word/9543/nacion/0/?q=naci%C3%B3n,https://media.spreadthesign.com/video/mp4/10/266013.mp4,nación,geografia-y-viajes
/fr.fr/word/9514/pasarela-mecanica/0/?q=pasarela+mec%C3%A1nica,https://media.spreadthesign.com/video/mp4/10/187164.mp4,pasarela mecánica,geografia-y-viajes
/fr.fr/word/9210/partir/0/?q=partir,https://media.spreadthesign.com/video/mp4/10/189343.mp4,partir,geografia-y-viajes
/fr.fr/word/9230/dar-un-rodeo/0/?q=dar+un+rodeo,https://media.spreadthesign.com/video/mp4/10/189353.mp4,dar un rodeo,geografia-y-viajes
/fr.fr/word/9448/detector-de-metales/0/?q=detector+de+metales,https://media.spreadthesign.com/video/mp4/10/187082.mp4,detector de metales,geografia-y-viajes
/fr.fr/word/9452/mexico/0/?q=M%C3%A9xico,https://media.spreadthesign.com/video/mp4/10/471091.mp4,México,geografia-y-viajes
/fr.fr/word/9474/vuelo-perdido/0/?q=vuelo+perdido,https://media.spreadthesign.com/video/mp4/10/285295.mp4,vuelo perdido,geografia-y-viajes
/fr.fr/word/9312/dormitorio/0/?q=dormitorio,https://media.spreadthesign.com/video/mp4/10/282419.mp4,dormitorio,geografia-y-viajes
/fr.fr/word/6073/bloque/0/?q=bloque,https://media.spreadthesign.com/video/mp4/10/156662.mp4,bloque,geografia-y-viajes
/fr.fr/word/6783/luna-de-miel/0/?q=luna+de+miel,https://media.spreadthesign.com/video/mp4/10/284259.mp4,luna de miel,geografia-y-viajes
/fr.fr/word/6767/hacer-autostop/0/?q=hacer+autostop,https://media.spreadthesign.com/video/mp4/10/284255.mp4,hacer autostop,geografia-y-viajes
/fr.fr/word/6779/echo-de-menos/0/?q=echo+de+menos,https://media.spreadthesign.com/video/mp4/10/284257.mp4,echo de menos,geografia-y-viajes
/fr.fr/word/6404/america/0/?q=Am%C3%A9rica,https://media.spreadthesign.com/video/mp4/10/155897.mp4,América,geografia-y-viajes
/fr.fr/word/6484/oceano-atlantico/0/?q=Oc%C3%A9ano+Atl%C3%A1ntico,https://media.spreadthesign.com/video/mp4/10/169317.mp4,Océano Atlántico,geografia-y-viajes
/fr.fr/word/6485/atlas/0/?q=atlas,https://media.spreadthesign.com/video/mp4/10/156306.mp4,atlas,geografia-y-viajes
/fr.fr/word/6458/llegar/0/?q=llegar,https://media.spreadthesign.com/video/mp4/10/156190.mp4,llegar,geografia-y-viajes
/fr.fr/word/6448/area/0/?q=%C3%A1rea,https://media.spreadthesign.com/video/mp4/10/189308.mp4,área,geografia-y-viajes
/fr.fr/word/6116/bulevar/0/?q=bulevar,https://media.spreadthesign.com/video/mp4/10/158354.mp4,bulevar,geografia-y-viajes
/fr.fr/word/6191/conductor-de-autobus/0/?q=conductor+de+autob%C3%BAs,https://media.spreadthesign.com/video/mp4/10/158579.mp4,conductor de autobús,geografia-y-viajes
/fr.fr/word/6192/servicio-de-autobuses/0/?q=servicio+de+autobuses,https://media.spreadthesign.com/video/mp4/10/173730.mp4,servicio de autobuses,geografia-y-viajes
/fr.fr/word/6193/terminal-de-autobuses/0/?q=terminal+de+autobuses,https://media.spreadthesign.com/video/mp4/10/180305.mp4,terminal de autobuses,geografia-y-viajes
/fr.fr/word/6510/avenida/0/?q=avenida,https://media.spreadthesign.com/video/mp4/10/156487.mp4,avenida,geografia-y-viajes
/fr.fr/word/6517/lejano/0/?q=lejano,https://media.spreadthesign.com/video/mp4/10/259806.mp4,lejano,geografia-y-viajes
/fr.fr/word/6553/india/0/?q=India,https://media.spreadthesign.com/video/mp4/10/471065.mp4,India,geografia-y-viajes
/fr.fr/word/622/parada-de-autobus/0/?q=parada+de+autob%C3%BAs,https://media.spreadthesign.com/video/mp4/10/6157.mp4,parada de autobús,geografia-y-viajes
/fr.fr/word/6243/capital/0/?q=capital,https://media.spreadthesign.com/video/mp4/10/264685.mp4,capital,geografia-y-viajes
/fr.fr/word/626/pais/0/?q=pa%C3%ADs,https://media.spreadthesign.com/video/mp4/10/6206.mp4,país,geografia-y-viajes
/fr.fr/word/6231/canada/0/?q=Canad%C3%A1,https://media.spreadthesign.com/video/mp4/10/471038.mp4,Canadá,geografia-y-viajes
/fr.fr/word/6935/viajar-todos-los-dias/0/?q=viajar+todos+los+d%C3%ADas,https://media.spreadthesign.com/video/mp4/10/281808.mp4,viajar todos los días,geografia-y-viajes
/fr.fr/word/6622/isla/0/?q=isla,https://media.spreadthesign.com/video/mp4/10/186975.mp4,isla,geografia-y-viajes
/fr.fr/word/6623/israel/0/?q=Israel,https://media.spreadthesign.com/video/mp4/10/471070.mp4,Israel,geografia-y-viajes
/fr.fr/word/6678/corea/0/?q=Corea,https://media.spreadthesign.com/video/mp4/10/187003.mp4,Corea,geografia-y-viajes
/fr.fr/word/638/trasnochar/0/?q=trasnochar,https://media.spreadthesign.com/video/mp4/10/188798.mp4,trasnochar,geografia-y-viajes
/fr.fr/word/6350/china/0/?q=China,https://media.spreadthesign.com/video/mp4/10/471039.mp4,China,geografia-y-viajes
/fr.fr/word/634/viajar/0/?q=viajar,https://media.spreadthesign.com/video/mp4/10/6285.mp4,viajar,geografia-y-viajes
/fr.fr/word/3001/visita-turistica/0/?q=visita+tur%C3%ADstica,https://media.spreadthesign.com/video/mp4/10/28230.mp4,visita turística,geografia-y-viajes
/fr.fr/word/3083/turismo/0/?q=turismo,https://media.spreadthesign.com/video/mp4/10/28887.mp4,turismo,geografia-y-viajes
/fr.fr/word/3030/aventura/0/?q=aventura,https://media.spreadthesign.com/video/mp4/10/28466.mp4,aventura,geografia-y-viajes
/fr.fr/word/3031/pension-completa/0/?q=pensi%C3%B3n+completa,https://media.spreadthesign.com/video/mp4/10/28475.mp4,pensión completa,geografia-y-viajes
/fr.fr/word/3032/media-pension/0/?q=media+pensi%C3%B3n,https://media.spreadthesign.com/video/mp4/10/28484.mp4,media pensión,geografia-y-viajes
/fr.fr/word/374/carretera/0/?q=carretera,https://media.spreadthesign.com/video/mp4/10/3659.mp4,carretera,geografia-y-viajes
/fr.fr/word/3485/glaciar/0/?q=glaciar,https://media.spreadthesign.com/video/mp4/10/31969.mp4,glaciar,geografia-y-viajes
/fr.fr/word/3482/cocina-pequena/0/?q=cocina+peque%C3%B1a,https://media.spreadthesign.com/video/mp4/10/31945.mp4,cocina pequeña,geografia-y-viajes
/fr.fr/word/3489/arroyo/0/?q=arroyo,https://media.spreadthesign.com/video/mp4/10/31999.mp4,arroyo,geografia-y-viajes
/fr.fr/word/3450/continente/0/?q=continente,https://media.spreadthesign.com/video/mp4/10/31696.mp4,continente,geografia-y-viajes
/fr.fr/word/3452/catedral/0/?q=catedral,https://media.spreadthesign.com/video/mp4/10/31711.mp4,catedral,geografia-y-viajes
/fr.fr/word/3474/atajo/0/?q=atajo,https://media.spreadthesign.com/video/mp4/10/31884.mp4,atajo,geografia-y-viajes
/fr.fr/word/3441/control-de-seguridad/0/?q=control+de+seguridad,https://media.spreadthesign.com/video/mp4/10/31629.mp4,control de seguridad,geografia-y-viajes
/fr.fr/word/3442/control-aduanero/0/?q=control+aduanero,https://media.spreadthesign.com/video/mp4/10/31633.mp4,control aduanero,geografia-y-viajes
/fr.fr/word/3491/piramide/0/?q=pir%C3%A1mide,https://media.spreadthesign.com/video/mp4/10/32012.mp4,pirámide,geografia-y-viajes
/fr.fr/word/3493/reserva/0/?q=reserva,https://media.spreadthesign.com/video/mp4/10/32027.mp4,reserva,geografia-y-viajes
/fr.fr/word/3437/mochila/0/?q=mochila,https://media.spreadthesign.com/video/mp4/10/31600.mp4,mochila,geografia-y-viajes
/fr.fr/word/3120/playa/0/?q=playa,https://media.spreadthesign.com/video/mp4/10/29184.mp4,playa,geografia-y-viajes
/fr.fr/word/3895/ciudad/0/?q=ciudad,https://media.spreadthesign.com/video/mp4/10/34997.mp4,ciudad,geografia-y-viajes
/fr.fr/word/3812/desnudarse/0/?q=desnudarse,https://media.spreadthesign.com/video/mp4/10/188915.mp4,desnudarse,geografia-y-viajes
/fr.fr/word/3508/billete-de-reserva-de-asiento/0/?q=billete+de+reserva+de+asiento,https://media.spreadthesign.com/video/mp4/10/32134.mp4,billete de reserva de asiento,geografia-y-viajes
/fr.fr/word/3505/billete-de-avion/0/?q=billete+de+avi%C3%B3n,https://media.spreadthesign.com/video/mp4/10/32109.mp4,billete de avión,geografia-y-viajes
/fr.fr/word/3575/guia-turistico/0/?q=gu%C3%ADa+tur%C3%ADstico,https://media.spreadthesign.com/video/mp4/10/32609.mp4,guía turístico,geografia-y-viajes
/fr.fr/word/3576/llegada-del-tren/0/?q=llegada+del+tren,https://media.spreadthesign.com/video/mp4/10/32617.mp4,llegada del tren,geografia-y-viajes
/fr.fr/word/3577/equipaje-de-mano/0/?q=equipaje+de+mano,https://media.spreadthesign.com/video/mp4/10/32625.mp4,equipaje de mano,geografia-y-viajes
/fr.fr/word/3544/centro-de-turismo/0/?q=centro+de+turismo,https://media.spreadthesign.com/video/mp4/10/471482.mp4,centro de turismo,geografia-y-viajes
/fr.fr/word/3546/vuelta-al-mundo/0/?q=vuelta+al+mundo,https://media.spreadthesign.com/video/mp4/10/32409.mp4,vuelta al mundo,geografia-y-viajes
/fr.fr/word/3543/atracciones-turisticas/0/?q=atracciones+tur%C3%ADsticas,https://media.spreadthesign.com/video/mp4/10/32388.mp4,atracciones turísticas,geografia-y-viajes
/fr.fr/word/3516/castillo/0/?q=castillo,https://media.spreadthesign.com/video/mp4/10/32197.mp4,castillo,geografia-y-viajes
/fr.fr/word/3517/frontera/0/?q=frontera,https://media.spreadthesign.com/video/mp4/10/32204.mp4,frontera,geografia-y-viajes
/fr.fr/word/3584/safari/0/?q=safari,https://media.spreadthesign.com/video/mp4/10/32673.mp4,safari,geografia-y-viajes
/fr.fr/word/3554/museo-al-aire-libre/0/?q=museo+al+aire+libre,https://media.spreadthesign.com/video/mp4/10/32463.mp4,museo al aire libre,geografia-y-viajes
/fr.fr/word/3556/poblado/0/?q=poblado,https://media.spreadthesign.com/video/mp4/10/32479.mp4,poblado,geografia-y-viajes
/fr.fr/word/3520/sombrilla/0/?q=sombrilla,https://media.spreadthesign.com/video/mp4/10/32225.mp4,sombrilla,geografia-y-viajes
/fr.fr/word/3529/mercado/0/?q=mercado,https://media.spreadthesign.com/video/mp4/10/32291.mp4,mercado,geografia-y-viajes
/fr.fr/word/3525/recuerdo/0/?q=recuerdo,https://media.spreadthesign.com/video/mp4/10/32264.mp4,recuerdo,geografia-y-viajes
/fr.fr/word/3591/suite/0/?q=suite,https://media.spreadthesign.com/video/mp4/10/32721.mp4,suite,geografia-y-viajes
/fr.fr/word/3568/zona-de-paisaje-protegido/0/?q=zona+de+paisaje+protegido,https://media.spreadthesign.com/video/mp4/10/32561.mp4,zona de paisaje protegido,geografia-y-viajes
/fr.fr/word/3562/terminal/0/?q=terminal,https://media.spreadthesign.com/video/mp4/10/32520.mp4,terminal,geografia-y-viajes
/fr.fr/word/3567/tour-turistico-por-la-montana/0/?q=tour+tur%C3%ADstico+por+la+monta%C3%B1a,https://media.spreadthesign.com/video/mp4/10/32552.mp4,tour turístico por la montaña,geografia-y-viajes
/fr.fr/word/3564/monumento-historico/0/?q=monumento+hist%C3%B3rico,https://media.spreadthesign.com/video/mp4/10/32530.mp4,monumento histórico,geografia-y-viajes
/fr.fr/word/3531/dormitorio/0/?q=dormitorio,https://media.spreadthesign.com/video/mp4/10/32302.mp4,dormitorio,geografia-y-viajes
/fr.fr/word/3539/excursion/0/?q=excursi%C3%B3n,https://media.spreadthesign.com/video/mp4/10/32358.mp4,excursión,geografia-y-viajes
/fr.fr/word/3537/vinedo/0/?q=vi%C3%B1edo,https://media.spreadthesign.com/video/mp4/10/32341.mp4,viñedo,geografia-y-viajes
/fr.fr/word/3284/clasificacion-de-hoteles/0/?q=clasificaci%C3%B3n+de+hoteles,https://media.spreadthesign.com/video/mp4/10/30424.mp4,clasificación de hoteles,geografia-y-viajes
/fr.fr/word/3281/control-de-pasaportes/0/?q=control+de+pasaportes,https://media.spreadthesign.com/video/mp4/10/30403.mp4,control de pasaportes,geografia-y-viajes
/fr.fr/word/3288/representante-de-agencia-de-viajes/0/?q=representante+de+agencia+de+viajes,https://media.spreadthesign.com/video/mp4/10/30456.mp4,representante de agencia de viajes,geografia-y-viajes
/fr.fr/word/3285/vacaciones-todo-incluido/0/?q=vacaciones+todo+incluido,https://media.spreadthesign.com/video/mp4/10/30434.mp4,vacaciones todo incluido,geografia-y-viajes
/fr.fr/word/3282/suplemento-unico/0/?q=suplemento+%C3%BAnico,https://media.spreadthesign.com/video/mp4/10/30412.mp4,suplemento único,geografia-y-viajes
/fr.fr/word/3289/zona-horaria/0/?q=zona+horaria,https://media.spreadthesign.com/video/mp4/10/30465.mp4,zona horaria,geografia-y-viajes
/fr.fr/word/3286/cancelacion/0/?q=cancelaci%C3%B3n,https://media.spreadthesign.com/video/mp4/10/30445.mp4,cancelación,geografia-y-viajes
/fr.fr/word/3283/servicio-de-habitaciones/0/?q=servicio+de+habitaciones,https://media.spreadthesign.com/video/mp4/10/30423.mp4,servicio de habitaciones,geografia-y-viajes
/fr.fr/word/3254/mapa-turistico/0/?q=mapa+tur%C3%ADstico,https://media.spreadthesign.com/video/mp4/10/30201.mp4,mapa turístico,geografia-y-viajes
/fr.fr/word/3251/equipaje/0/?q=equipaje,https://media.spreadthesign.com/video/mp4/10/30180.mp4,equipaje,geografia-y-viajes
/fr.fr/word/3256/hostal/0/?q=hostal,https://media.spreadthesign.com/video/mp4/10/30214.mp4,hostal,geografia-y-viajes
/fr.fr/word/3277/oficina-de-turismo/0/?q=oficina+de+turismo,https://media.spreadthesign.com/video/mp4/10/471483.mp4,oficina de turismo,geografia-y-viajes
/fr.fr/word/3274/vuelo-de-largo-recorrido/0/?q=vuelo+de+largo+recorrido,https://media.spreadthesign.com/video/mp4/10/30351.mp4,vuelo de largo recorrido,geografia-y-viajes
/fr.fr/word/3271/equipaje/0/?q=equipaje,https://media.spreadthesign.com/video/mp4/10/30327.mp4,equipaje,geografia-y-viajes
/fr.fr/word/3278/reserva-de-viaje/0/?q=reserva+de+viaje,https://media.spreadthesign.com/video/mp4/10/30381.mp4,reserva de viaje,geografia-y-viajes
/fr.fr/word/3272/viaje-organizado/0/?q=viaje+organizado,https://media.spreadthesign.com/video/mp4/10/30333.mp4,viaje organizado,geografia-y-viajes
/fr.fr/word/3279/cheque-de-viaje/0/?q=cheque+de+viaje,https://media.spreadthesign.com/video/mp4/10/30386.mp4,cheque de viaje,geografia-y-viajes
/fr.fr/word/3276/operador-turistico/0/?q=operador+tur%C3%ADstico,https://media.spreadthesign.com/video/mp4/10/30369.mp4,operador turístico,geografia-y-viajes
/fr.fr/word/3273/viaje-en-tren/0/?q=viaje+en+tren,https://media.spreadthesign.com/video/mp4/10/30345.mp4,viaje en tren,geografia-y-viajes
/fr.fr/word/3290/procedimientos-de-seguridad/0/?q=procedimientos+de+seguridad,https://media.spreadthesign.com/video/mp4/10/30472.mp4,procedimientos de seguridad,geografia-y-viajes
/fr.fr/word/3297/temporada-baja/0/?q=temporada+baja,https://media.spreadthesign.com/video/mp4/10/30524.mp4,temporada baja,geografia-y-viajes
/fr.fr/word/3294/patrimonio/0/?q=patrimonio,https://media.spreadthesign.com/video/mp4/10/30505.mp4,patrimonio,geografia-y-viajes
/fr.fr/word/3291/reserva-de-asiento/0/?q=reserva+de+asiento,https://media.spreadthesign.com/video/mp4/10/30481.mp4,reserva de asiento,geografia-y-viajes
/fr.fr/word/3298/temporada-alta/0/?q=temporada+alta,https://media.spreadthesign.com/video/mp4/10/30533.mp4,temporada alta,geografia-y-viajes
/fr.fr/word/3295/parque-nacional/0/?q=parque+nacional,https://media.spreadthesign.com/video/mp4/10/30510.mp4,parque nacional,geografia-y-viajes
/fr.fr/word/3299/mochilero/0/?q=mochilero,https://media.spreadthesign.com/video/mp4/10/30540.mp4,mochilero,geografia-y-viajes
/fr.fr/word/3296/precio-de-la-habitacion/0/?q=precio+de+la+habitaci%C3%B3n,https://media.spreadthesign.com/video/mp4/10/30516.mp4,precio de la habitación,geografia-y-viajes
/fr.fr/word/3293/libro-guia/0/?q=libro+gu%C3%ADa,https://media.spreadthesign.com/video/mp4/10/30493.mp4,libro guía,geografia-y-viajes
/fr.fr/word/3265/transporte-aereo/0/?q=transporte+a%C3%A9reo,https://media.spreadthesign.com/video/mp4/10/30283.mp4,transporte aéreo,geografia-y-viajes
/fr.fr/word/3267/destino/0/?q=destino,https://media.spreadthesign.com/video/mp4/10/30297.mp4,destino,geografia-y-viajes
/fr.fr/word/3264/tripulacion-de-cabina/0/?q=tripulaci%C3%B3n+de+cabina,https://media.spreadthesign.com/video/mp4/10/30271.mp4,tripulación de cabina,geografia-y-viajes
/fr.fr/word/3269/viaje-en-ferry/0/?q=viaje+en+ferry,https://media.spreadthesign.com/video/mp4/10/30310.mp4,viaje en ferry,geografia-y-viajes
/fr.fr/word/3903/isla/0/?q=isla,https://media.spreadthesign.com/video/mp4/10/35037.mp4,isla,geografia-y-viajes
/fr.fr/word/3308/club-infantil/0/?q=club+infantil,https://media.spreadthesign.com/video/mp4/10/30611.mp4,club infantil,geografia-y-viajes
/fr.fr/word/3307/postal/0/?q=postal,https://media.spreadthesign.com/video/mp4/10/30605.mp4,postal,geografia-y-viajes
/fr.fr/word/3301/alquiler-de-coche/0/?q=alquiler+de+coche,https://media.spreadthesign.com/video/mp4/10/30561.mp4,alquiler de coche,geografia-y-viajes
/fr.fr/word/3303/solo-alojamiento/0/?q=solo+alojamiento,https://media.spreadthesign.com/video/mp4/10/30570.mp4,solo alojamiento,geografia-y-viajes
/fr.fr/word/3310/pantalla-de-informacion-de-companias-aereas/0/?q=pantalla+de+informaci%C3%B3n+de+compa%C3%B1%C3%ADas+a%C3%A9reas,https://media.spreadthesign.com/video/mp4/10/30628.mp4,pantalla de información de compañías aéreas,geografia-y-viajes
/fr.fr/word/3312/tarjeta-de-embarque/0/?q=tarjeta+de+embarque,https://media.spreadthesign.com/video/mp4/10/30640.mp4,tarjeta de embarque,geografia-y-viajes
/fr.fr/word/3313/libre-de-impuestos/0/?q=libre+de+impuestos,https://media.spreadthesign.com/video/mp4/10/30651.mp4,libre de impuestos,geografia-y-viajes
/fr.fr/word/7055/crucigrama/0/?q=crucigrama,https://media.spreadthesign.com/video/mp4/10/180418.mp4,crucigrama,deportes-y-ocio
/fr.fr/word/7754/vencer/0/?q=vencer,https://media.spreadthesign.com/video/mp4/10/189293.mp4,vencer,deportes-y-ocio
/fr.fr/word/7796/deportes-de-pelota/0/?q=deportes+de+pelota,https://media.spreadthesign.com/video/mp4/10/281554.mp4,deportes de pelota,deportes-y-ocio
/fr.fr/word/7405/arriesgarse/0/?q=arriesgarse,https://media.spreadthesign.com/video/mp4/10/256836.mp4,arriesgarse,deportes-y-ocio
/fr.fr/word/7406/juego/0/?q=juego,https://media.spreadthesign.com/video/mp4/10/256837.mp4,juego,deportes-y-ocio
/fr.fr/word/7458/bolsa-de-golf/0/?q=bolsa+de+golf,https://media.spreadthesign.com/video/mp4/10/186389.mp4,bolsa de golf,deportes-y-ocio
/fr.fr/word/7459/golfista/0/?q=golfista,https://media.spreadthesign.com/video/mp4/10/186390.mp4,golfista,deportes-y-ocio
/fr.fr/word/7456/gafas/0/?q=gafas,https://media.spreadthesign.com/video/mp4/10/256865.mp4,gafas,deportes-y-ocio
/fr.fr/word/7420/equipamiento/0/?q=equipamiento,https://media.spreadthesign.com/video/mp4/10/284140.mp4,equipamiento,deportes-y-ocio
/fr.fr/word/7442/renunciar/0/?q=renunciar,https://media.spreadthesign.com/video/mp4/10/158530.mp4,renunciar,deportes-y-ocio
/fr.fr/word/7183/diana/0/?q=diana,https://media.spreadthesign.com/video/mp4/10/158625.mp4,diana,deportes-y-ocio
/fr.fr/word/7165/tenis-de-mesa/0/?q=tenis+de+mesa,https://media.spreadthesign.com/video/mp4/10/188909.mp4,tenis de mesa,deportes-y-ocio
/fr.fr/word/7170/puerta-trasera/0/?q=puerta+trasera,https://media.spreadthesign.com/video/mp4/10/188913.mp4,puerta trasera,deportes-y-ocio
/fr.fr/word/7884/olimpiadas-de-personas-sordas/0/?q=Olimpiadas+de+personas+sordas,https://media.spreadthesign.com/video/mp4/10/180461.mp4,Olimpiadas de personas sordas,deportes-y-ocio
/fr.fr/word/7551/aerobic/0/?q=aer%C3%B3bic,https://media.spreadthesign.com/video/mp4/10/155981.mp4,aeróbic,deportes-y-ocio
/fr.fr/word/7565/acrobata/0/?q=acr%C3%B3bata,https://media.spreadthesign.com/video/mp4/10/280999.mp4,acróbata,deportes-y-ocio
/fr.fr/word/7566/acrobacias/0/?q=acrobacias,https://media.spreadthesign.com/video/mp4/10/169065.mp4,acrobacias,deportes-y-ocio
/fr.fr/word/7521/gimnasio/0/?q=gimnasio,https://media.spreadthesign.com/video/mp4/10/186436.mp4,gimnasio,deportes-y-ocio
/fr.fr/word/7253/arrojar/0/?q=arrojar,https://media.spreadthesign.com/video/mp4/10/283567.mp4,arrojar,deportes-y-ocio
/fr.fr/word/7268/tiempo-muerto/0/?q=tiempo+muerto,https://media.spreadthesign.com/video/mp4/10/188997.mp4,tiempo muerto,deportes-y-ocio
/fr.fr/word/7267/cronometrador/0/?q=cronometrador,https://media.spreadthesign.com/video/mp4/10/188996.mp4,cronometrador,deportes-y-ocio
/fr.fr/word/7212/pelota-de-tenis/0/?q=pelota+de+tenis,https://media.spreadthesign.com/video/mp4/10/156514.mp4,pelota de tenis,deportes-y-ocio
/fr.fr/word/7213/tenista/0/?q=tenista,https://media.spreadthesign.com/video/mp4/10/282930.mp4,tenista,deportes-y-ocio
/fr.fr/word/7948/buzo/0/?q=buzo,https://media.spreadthesign.com/video/mp4/10/265773.mp4,buzo,deportes-y-ocio
/fr.fr/word/7947/bucear/0/?q=bucear,https://media.spreadthesign.com/video/mp4/10/265772.mp4,bucear,deportes-y-ocio
/fr.fr/word/7915/descalificar/0/?q=descalificar,https://media.spreadthesign.com/video/mp4/10/185657.mp4,descalificar,deportes-y-ocio
/fr.fr/word/7913/disco/0/?q=disco,https://media.spreadthesign.com/video/mp4/10/265761.mp4,disco,deportes-y-ocio
/fr.fr/word/7687/babor/0/?q=babor,https://media.spreadthesign.com/video/mp4/10/158318.mp4,babor,deportes-y-ocio
/fr.fr/word/7650/echar-un-pulso/0/?q=echar+un+pulso,https://media.spreadthesign.com/video/mp4/10/281498.mp4,echar un pulso,deportes-y-ocio
/fr.fr/word/7651/flexion/0/?q=flexi%C3%B3n,https://media.spreadthesign.com/video/mp4/10/266335.mp4,flexión,deportes-y-ocio
/fr.fr/word/7691/pelota-de-playa/0/?q=pelota+de+playa,https://media.spreadthesign.com/video/mp4/10/169395.mp4,pelota de playa,deportes-y-ocio
/fr.fr/word/7353/truco/0/?q=truco,https://media.spreadthesign.com/video/mp4/10/283657.mp4,truco,deportes-y-ocio
/fr.fr/word/7366/trotar/0/?q=trotar,https://media.spreadthesign.com/video/mp4/10/283664.mp4,trotar,deportes-y-ocio
/fr.fr/word/7372/juego-de-tira-y-afloja-con-una-cuerda/0/?q=juego+de+tira+y+afloja+con+una+cuerda,https://media.spreadthesign.com/video/mp4/10/283672.mp4,juego de tira y afloja con una cuerda,deportes-y-ocio
/fr.fr/word/4088/apostar/0/?q=apostar,https://media.spreadthesign.com/video/mp4/10/35954.mp4,apostar,deportes-y-ocio
/fr.fr/word/4080/loteria/0/?q=loter%C3%ADa,https://media.spreadthesign.com/video/mp4/10/35914.mp4,lotería,deportes-y-ocio
/fr.fr/word/4007/premio/0/?q=premio,https://media.spreadthesign.com/video/mp4/10/35555.mp4,premio,deportes-y-ocio
/fr.fr/word/4075/sedentario/0/?q=sedentario,https://media.spreadthesign.com/video/mp4/10/35893.mp4,sedentario,deportes-y-ocio
/fr.fr/word/4067/luchar/0/?q=luchar,https://media.spreadthesign.com/video/mp4/10/35853.mp4,luchar,deportes-y-ocio
/fr.fr/word/474/jugar/0/?q=jugar,https://media.spreadthesign.com/video/mp4/10/4673.mp4,jugar,deportes-y-ocio
/fr.fr/word/4407/cobertura-defensiva/0/?q=cobertura+defensiva,https://media.spreadthesign.com/video/mp4/10/41517.mp4,cobertura defensiva,deportes-y-ocio
/fr.fr/word/4404/partido-fuera-de-casa/0/?q=partido+fuera+de+casa,https://media.spreadthesign.com/video/mp4/10/38036.mp4,partido fuera de casa,deportes-y-ocio
/fr.fr/word/4401/descanso/0/?q=descanso,https://media.spreadthesign.com/video/mp4/10/38014.mp4,descanso,deportes-y-ocio
/fr.fr/word/4408/uniforme/0/?q=uniforme,https://media.spreadthesign.com/video/mp4/10/41199.mp4,uniforme,deportes-y-ocio
/fr.fr/word/4405/partido-en-casa/0/?q=partido+en+casa,https://media.spreadthesign.com/video/mp4/10/38044.mp4,partido en casa,deportes-y-ocio
/fr.fr/word/4402/gimnasio/0/?q=gimnasio,https://media.spreadthesign.com/video/mp4/10/38019.mp4,gimnasio,deportes-y-ocio
/fr.fr/word/4409/zapatillas-de-correr/0/?q=zapatillas+de+correr,https://media.spreadthesign.com/video/mp4/10/38071.mp4,zapatillas de correr,deportes-y-ocio
/fr.fr/word/4406/defensa-combinada/0/?q=defensa+combinada,https://media.spreadthesign.com/video/mp4/10/38050.mp4,defensa combinada,deportes-y-ocio
/fr.fr/word/4403/derbi-local/0/?q=derbi+local,https://media.spreadthesign.com/video/mp4/10/38028.mp4,derbi local,deportes-y-ocio
/fr.fr/word/4470/agarre-de-escalada/0/?q=agarre+de+escalada,https://media.spreadthesign.com/video/mp4/10/41202.mp4,agarre de escalada,deportes-y-ocio
/fr.fr/word/4472/bulder/0/?q=b%C3%BAlder,https://media.spreadthesign.com/video/mp4/10/41196.mp4,búlder,deportes-y-ocio
/fr.fr/word/4471/toque-de-voleibol/0/?q=toque+de+voleibol,https://media.spreadthesign.com/video/mp4/10/38411.mp4,toque de voleibol,deportes-y-ocio
/fr.fr/word/4440/salto-de-tijera/0/?q=salto+de+tijera,https://media.spreadthesign.com/video/mp4/10/38249.mp4,salto de tijera,deportes-y-ocio
/fr.fr/word/4447/step-saltito/0/?q=step+saltito,https://media.spreadthesign.com/video/mp4/10/282046.mp4,step saltito,deportes-y-ocio
/fr.fr/word/4444/volante/0/?q=volante,https://media.spreadthesign.com/video/mp4/10/38268.mp4,volante,deportes-y-ocio
/fr.fr/word/4441/cuerda-semiestatica/0/?q=cuerda+semiest%C3%A1tica,https://media.spreadthesign.com/video/mp4/10/38254.mp4,cuerda semiestática,deportes-y-ocio
/fr.fr/word/4448/submarinismo/0/?q=submarinismo,https://media.spreadthesign.com/video/mp4/10/38290.mp4,submarinismo,deportes-y-ocio
/fr.fr/word/4445/bloqueo-individual/0/?q=bloqueo+individual,https://media.spreadthesign.com/video/mp4/10/41210.mp4,bloqueo individual,deportes-y-ocio
/fr.fr/word/4442/area-de-saque/0/?q=%C3%A1rea+de+saque,https://media.spreadthesign.com/video/mp4/10/38260.mp4,área de saque,deportes-y-ocio
/fr.fr/word/4449/taekwondo/0/?q=taekwondo,https://media.spreadthesign.com/video/mp4/10/38297.mp4,taekwondo,deportes-y-ocio
/fr.fr/word/4446/trek-individual/0/?q=trek+individual,https://media.spreadthesign.com/video/mp4/10/41314.mp4,trek individual,deportes-y-ocio
/fr.fr/word/4443/pase-por-encima-del-hombro/0/?q=pase+por+encima+del+hombro,https://media.spreadthesign.com/video/mp4/10/41200.mp4,pase por encima del hombro,deportes-y-ocio
/fr.fr/word/4410/botas-de-montana/0/?q=botas+de+monta%C3%B1a,https://media.spreadthesign.com/video/mp4/10/38073.mp4,botas de montaña,deportes-y-ocio
/fr.fr/word/4417/tiro/0/?q=tiro,https://media.spreadthesign.com/video/mp4/10/41204.mp4,tiro,deportes-y-ocio
/fr.fr/word/4414/linea-de-servicio/0/?q=l%C3%ADnea+de+servicio,https://media.spreadthesign.com/video/mp4/10/38099.mp4,línea de servicio,deportes-y-ocio
/fr.fr/word/4411/equipamiento-deportivo/0/?q=equipamiento+deportivo,https://media.spreadthesign.com/video/mp4/10/38082.mp4,equipamiento deportivo,deportes-y-ocio
/fr.fr/word/4418/servicio-en-suspension/0/?q=servicio+en+suspensi%C3%B3n,https://media.spreadthesign.com/video/mp4/10/38124.mp4,servicio en suspensión,deportes-y-ocio
/fr.fr/word/4415/pase-picado/0/?q=pase+picado,https://media.spreadthesign.com/video/mp4/10/38109.mp4,pase picado,deportes-y-ocio
/fr.fr/word/4412/deportes-de-interior/0/?q=deportes+de+interior,https://media.spreadthesign.com/video/mp4/10/41309.mp4,deportes de interior,deportes-y-ocio
/fr.fr/word/4419/pase-en-suspension/0/?q=pase+en+suspensi%C3%B3n,https://media.spreadthesign.com/video/mp4/10/38128.mp4,pase en suspensión,deportes-y-ocio
/fr.fr/word/4416/linea-de-fondo/0/?q=l%C3%ADnea+de+fondo,https://media.spreadthesign.com/video/mp4/10/41395.mp4,línea de fondo,deportes-y-ocio
/fr.fr/word/4413/deportes-al-aire-libre/0/?q=deportes+al+aire+libre,https://media.spreadthesign.com/video/mp4/10/38096.mp4,deportes al aire libre,deportes-y-ocio
/fr.fr/word/448/baloncesto/0/?q=baloncesto,https://media.spreadthesign.com/video/mp4/10/4410.mp4,baloncesto,deportes-y-ocio
/fr.fr/word/4450/voltereta-hacia-atras/0/?q=voltereta+hacia+atr%C3%A1s,https://media.spreadthesign.com/video/mp4/10/38303.mp4,voltereta hacia atrás,deportes-y-ocio
/fr.fr/word/4454/tabla-de-batida/0/?q=tabla+de+batida,https://media.spreadthesign.com/video/mp4/10/41207.mp4,tabla de batida,deportes-y-ocio
/fr.fr/word/4458/transicion-defensa-ataque/0/?q=transici%C3%B3n+defensa+ataque,https://media.spreadthesign.com/video/mp4/10/38345.mp4,transición defensa ataque,deportes-y-ocio
/fr.fr/word/4455/tirolina/0/?q=tirolina,https://media.spreadthesign.com/video/mp4/10/38330.mp4,tirolina,deportes-y-ocio
/fr.fr/word/4452/banquillo/0/?q=banquillo,https://media.spreadthesign.com/video/mp4/10/38313.mp4,banquillo,deportes-y-ocio
/fr.fr/word/4459/bloqueo-triple/0/?q=bloqueo+triple,https://media.spreadthesign.com/video/mp4/10/38351.mp4,bloqueo triple,deportes-y-ocio
/fr.fr/word/4456/bolsa-de-herramientas/0/?q=bolsa+de+herramientas,https://media.spreadthesign.com/video/mp4/10/38332.mp4,bolsa de herramientas,deportes-y-ocio
/fr.fr/word/4424/bloqueo-ofensivo/0/?q=bloqueo+ofensivo,https://media.spreadthesign.com/video/mp4/10/38154.mp4,bloqueo ofensivo,deportes-y-ocio
/fr.fr/word/4421/cuadro-de-servicio-izquierdo/0/?q=cuadro+de+servicio+izquierdo,https://media.spreadthesign.com/video/mp4/10/38136.mp4,cuadro de servicio izquierdo,deportes-y-ocio
/fr.fr/word/4428/raqueta-de-ping-pong/0/?q=raqueta+de+ping+pong,https://media.spreadthesign.com/video/mp4/10/38178.mp4,raqueta de ping pong,deportes-y-ocio
/fr.fr/word/4425/cobertura-ofensiva/0/?q=cobertura+ofensiva,https://media.spreadthesign.com/video/mp4/10/38162.mp4,cobertura ofensiva,deportes-y-ocio
/fr.fr/word/4426/saque-tipo-tenis/0/?q=saque+tipo+tenis,https://media.spreadthesign.com/video/mp4/10/41201.mp4,saque tipo tenis,deportes-y-ocio
/fr.fr/word/4423/silbato/0/?q=silbato,https://media.spreadthesign.com/video/mp4/10/38148.mp4,silbato,deportes-y-ocio
/fr.fr/word/4460/saque-de-abajo/0/?q=saque+de+abajo,https://media.spreadthesign.com/video/mp4/10/41330.mp4,saque de abajo,deportes-y-ocio
/fr.fr/word/4467/posicion-de-avion/0/?q=posici%C3%B3n+de+avi%C3%B3n,https://media.spreadthesign.com/video/mp4/10/41208.mp4,posición de avión,deportes-y-ocio
/fr.fr/word/4464/rebote/0/?q=rebote,https://media.spreadthesign.com/video/mp4/10/38375.mp4,rebote,deportes-y-ocio
/fr.fr/word/4461/empunadura-universal/0/?q=empu%C3%B1adura+universal,https://media.spreadthesign.com/video/mp4/10/41313.mp4,empuñadura universal,deportes-y-ocio
/fr.fr/word/4468/estilo-trudgen/0/?q=estilo+trudgen,https://media.spreadthesign.com/video/mp4/10/41520.mp4,estilo trudgen,deportes-y-ocio
/fr.fr/word/4465/pase-wrist/0/?q=pase+wrist,https://media.spreadthesign.com/video/mp4/10/41197.mp4,pase wrist,deportes-y-ocio
/fr.fr/word/4469/fitness/0/?q=fitness,https://media.spreadthesign.com/video/mp4/10/38399.mp4,fitness,deportes-y-ocio
/fr.fr/word/4466/defensa-en-zona/0/?q=defensa+en+zona,https://media.spreadthesign.com/video/mp4/10/38384.mp4,defensa en zona,deportes-y-ocio
/fr.fr/word/4463/centrocampista/0/?q=centrocampista,https://media.spreadthesign.com/video/mp4/10/158537.mp4,centrocampista,deportes-y-ocio
/fr.fr/word/4430/punto/0/?q=punto,https://media.spreadthesign.com/video/mp4/10/38190.mp4,punto,deportes-y-ocio
/fr.fr/word/4437/anillas/0/?q=anillas,https://media.spreadthesign.com/video/mp4/10/38232.mp4,anillas,deportes-y-ocio
/fr.fr/word/4434/regateo-de-proteccion/0/?q=regateo+de+protecci%C3%B3n,https://media.spreadthesign.com/video/mp4/10/38212.mp4,regateo de protección,deportes-y-ocio
/fr.fr/word/4431/reglas-del-juego/0/?q=reglas+del+juego,https://media.spreadthesign.com/video/mp4/10/38195.mp4,reglas del juego,deportes-y-ocio
/fr.fr/word/4435/waterpolo/0/?q=waterpolo,https://media.spreadthesign.com/video/mp4/10/38219.mp4,waterpolo,deportes-y-ocio
/fr.fr/word/443/activo/0/?q=activo,https://media.spreadthesign.com/video/mp4/10/4347.mp4,activo,deportes-y-ocio
/fr.fr/word/4436/cuadro-de-servicio-derecho/0/?q=cuadro+de+servicio+derecho,https://media.spreadthesign.com/video/mp4/10/38223.mp4,cuadro de servicio derecho,deportes-y-ocio
/fr.fr/word/4170/orientacion/0/?q=orientaci%C3%B3n,https://media.spreadthesign.com/video/mp4/10/36466.mp4,orientación,deportes-y-ocio
/fr.fr/word/4177/oponente/0/?q=oponente,https://media.spreadthesign.com/video/mp4/10/36519.mp4,oponente,deportes-y-ocio
/fr.fr/word/4174/ciclocross/0/?q=ciclocross,https://media.spreadthesign.com/video/mp4/10/36494.mp4,ciclocross,deportes-y-ocio
/fr.fr/word/4171/montanismo/0/?q=monta%C3%B1ismo,https://media.spreadthesign.com/video/mp4/10/36476.mp4,montañismo,deportes-y-ocio
/fr.fr/word/4178/entrenador/0/?q=entrenador,https://media.spreadthesign.com/video/mp4/10/36523.mp4,entrenador,deportes-y-ocio
/fr.fr/word/4175/equipo/0/?q=equipo,https://media.spreadthesign.com/video/mp4/10/36504.mp4,equipo,deportes-y-ocio
/fr.fr/word/4172/escalada/0/?q=escalada,https://media.spreadthesign.com/video/mp4/10/36480.mp4,escalada,deportes-y-ocio
/fr.fr/word/4179/segundo-entrenador/0/?q=segundo+entrenador,https://media.spreadthesign.com/video/mp4/10/36533.mp4,segundo entrenador,deportes-y-ocio
/fr.fr/word/4173/piraguismo/0/?q=pirag%C3%BCismo,https://media.spreadthesign.com/video/mp4/10/36490.mp4,piragüismo,deportes-y-ocio
/fr.fr/word/4140/tiro-de-falta-indirecto/0/?q=tiro+de+falta+indirecto,https://media.spreadthesign.com/video/mp4/10/36246.mp4,tiro de falta indirecto,deportes-y-ocio
/fr.fr/word/4147/medalla-de-plata/0/?q=medalla+de+plata,https://media.spreadthesign.com/video/mp4/10/36301.mp4,medalla de plata,deportes-y-ocio
/fr.fr/word/4144/tarjeta-roja/0/?q=tarjeta+roja,https://media.spreadthesign.com/video/mp4/10/36279.mp4,tarjeta roja,deportes-y-ocio
/fr.fr/word/4141/tiro-de-falta-directo/0/?q=tiro+de+falta+directo,https://media.spreadthesign.com/video/mp4/10/36257.mp4,tiro de falta directo,deportes-y-ocio
/fr.fr/word/4148/salto-de-altura/0/?q=salto+de+altura,https://media.spreadthesign.com/video/mp4/10/36306.mp4,salto de altura,deportes-y-ocio
/fr.fr/word/4145/tarjeta-amarilla/0/?q=tarjeta+amarilla,https://media.spreadthesign.com/video/mp4/10/36285.mp4,tarjeta amarilla,deportes-y-ocio
/fr.fr/word/4142/lanzamiento-de-penalti/0/?q=lanzamiento+de+penalti,https://media.spreadthesign.com/video/mp4/10/36259.mp4,lanzamiento de penalti,deportes-y-ocio
/fr.fr/word/4149/carrera-de-vallas/0/?q=carrera+de+vallas,https://media.spreadthesign.com/video/mp4/10/36315.mp4,carrera de vallas,deportes-y-ocio
/fr.fr/word/4146/medalla-de-oro/0/?q=medalla+de+oro,https://media.spreadthesign.com/video/mp4/10/36292.mp4,medalla de oro,deportes-y-ocio
/fr.fr/word/4143/botas-de-futbol/0/?q=botas+de+f%C3%BAtbol,https://media.spreadthesign.com/video/mp4/10/36271.mp4,botas de fútbol,deportes-y-ocio
/fr.fr/word/4187/estilo-de-natacion/0/?q=estilo+de+nataci%C3%B3n,https://media.spreadthesign.com/video/mp4/10/41310.mp4,estilo de natación,deportes-y-ocio
/fr.fr/word/4184/banador/0/?q=ba%C3%B1ador,https://media.spreadthesign.com/video/mp4/10/36564.mp4,bañador,deportes-y-ocio
/fr.fr/word/4181/jugador-titular/0/?q=jugador+titular,https://media.spreadthesign.com/video/mp4/10/36549.mp4,jugador titular,deportes-y-ocio
/fr.fr/word/4188/estilo-mariposa/0/?q=estilo+mariposa,https://media.spreadthesign.com/video/mp4/10/36589.mp4,estilo mariposa,deportes-y-ocio
/fr.fr/word/4185/gafas-de-natacion/0/?q=gafas+de+nataci%C3%B3n,https://media.spreadthesign.com/video/mp4/10/36569.mp4,gafas de natación,deportes-y-ocio
/fr.fr/word/4182/jugador-suplente/0/?q=jugador+suplente,https://media.spreadthesign.com/video/mp4/10/36550.mp4,jugador suplente,deportes-y-ocio
/fr.fr/word/4186/gorro-de-natacion/0/?q=gorro+de+nataci%C3%B3n,https://media.spreadthesign.com/video/mp4/10/36576.mp4,gorro de natación,deportes-y-ocio
/fr.fr/word/4183/carril-de-piscina/0/?q=carril+de+piscina,https://media.spreadthesign.com/video/mp4/10/41397.mp4,carril de piscina,deportes-y-ocio
/fr.fr/word/4150/hipica/0/?q=h%C3%ADpica,https://media.spreadthesign.com/video/mp4/10/36323.mp4,hípica,deportes-y-ocio
/fr.fr/word/4157/deporte-de-competicion/0/?q=deporte+de+competici%C3%B3n,https://media.spreadthesign.com/video/mp4/10/36378.mp4,deporte de competición,deportes-y-ocio
/fr.fr/word/4154/estilo-crol/0/?q=estilo+crol,https://media.spreadthesign.com/video/mp4/10/36355.mp4,estilo crol,deportes-y-ocio
/fr.fr/word/4151/judo/0/?q=judo,https://media.spreadthesign.com/video/mp4/10/36331.mp4,judo,deportes-y-ocio
/fr.fr/word/4158/maraton/0/?q=marat%C3%B3n,https://media.spreadthesign.com/video/mp4/10/36382.mp4,maratón,deportes-y-ocio
/fr.fr/word/4155/hierba-artificial/0/?q=hierba+artificial,https://media.spreadthesign.com/video/mp4/10/36359.mp4,hierba artificial,deportes-y-ocio
/fr.fr/word/4152/artes-marciales/0/?q=artes+marciales,https://media.spreadthesign.com/video/mp4/10/36338.mp4,artes marciales,deportes-y-ocio
/fr.fr/word/4159/bicicleta-de-montana/0/?q=bicicleta+de+monta%C3%B1a,https://media.spreadthesign.com/video/mp4/10/36390.mp4,bicicleta de montaña,deportes-y-ocio
/fr.fr/word/4153/karate/0/?q=karate,https://media.spreadthesign.com/video/mp4/10/36346.mp4,karate,deportes-y-ocio
/fr.fr/word/4128/beisbol/0/?q=b%C3%A9isbol,https://media.spreadthesign.com/video/mp4/10/36162.mp4,béisbol,deportes-y-ocio
/fr.fr/word/4125/pimpon/0/?q=pimp%C3%B3n,https://media.spreadthesign.com/video/mp4/10/36142.mp4,pimpón,deportes-y-ocio
/fr.fr/word/4127/rugby/0/?q=rugby,https://media.spreadthesign.com/video/mp4/10/36156.mp4,rugby,deportes-y-ocio
/fr.fr/word/4124/tenis/0/?q=tenis,https://media.spreadthesign.com/video/mp4/10/36133.mp4,tenis,deportes-y-ocio
/fr.fr/word/4129/dardos/0/?q=dardos,https://media.spreadthesign.com/video/mp4/10/36172.mp4,dardos,deportes-y-ocio
/fr.fr/word/4126/futbol-sala/0/?q=f%C3%BAtbol+sala,https://media.spreadthesign.com/video/mp4/10/36146.mp4,fútbol sala,deportes-y-ocio
/fr.fr/word/4190/estilo-braza/0/?q=estilo+braza,https://media.spreadthesign.com/video/mp4/10/36601.mp4,estilo braza,deportes-y-ocio
/fr.fr/word/4197/campo-de-juego/0/?q=campo+de+juego,https://media.spreadthesign.com/video/mp4/10/36657.mp4,campo de juego,deportes-y-ocio
/fr.fr/word/4194/trofeo/0/?q=trofeo,https://media.spreadthesign.com/video/mp4/10/36632.mp4,trofeo,deportes-y-ocio
/fr.fr/word/4191/estilo-libre/0/?q=estilo+libre,https://media.spreadthesign.com/video/mp4/10/36611.mp4,estilo libre,deportes-y-ocio
/fr.fr/word/4198/linea-lateral/0/?q=l%C3%ADnea+lateral,https://media.spreadthesign.com/video/mp4/10/36662.mp4,línea lateral,deportes-y-ocio
/fr.fr/word/4195/atacante/0/?q=atacante,https://media.spreadthesign.com/video/mp4/10/36642.mp4,atacante,deportes-y-ocio
/fr.fr/word/4199/estiramiento/0/?q=estiramiento,https://media.spreadthesign.com/video/mp4/10/36668.mp4,estiramiento,deportes-y-ocio
/fr.fr/word/4196/jugador-de-defensa/0/?q=jugador+de+defensa,https://media.spreadthesign.com/video/mp4/10/36646.mp4,jugador de defensa,deportes-y-ocio
/fr.fr/word/4193/salida-nula/0/?q=salida+nula,https://media.spreadthesign.com/video/mp4/10/36629.mp4,salida nula,deportes-y-ocio
/fr.fr/word/4160/atleta/0/?q=atleta,https://media.spreadthesign.com/video/mp4/10/36400.mp4,atleta,deportes-y-ocio
/fr.fr/word/4167/trampolin/0/?q=trampol%C3%ADn,https://media.spreadthesign.com/video/mp4/10/36447.mp4,trampolín,deportes-y-ocio
/fr.fr/word/4164/surf/0/?q=surf,https://media.spreadthesign.com/video/mp4/10/36424.mp4,surf,deportes-y-ocio
/fr.fr/word/4161/atletismo/0/?q=atletismo,https://media.spreadthesign.com/video/mp4/10/36404.mp4,atletismo,deportes-y-ocio
/fr.fr/word/4168/ganador/0/?q=ganador,https://media.spreadthesign.com/video/mp4/10/36454.mp4,ganador,deportes-y-ocio
/fr.fr/word/4165/tabla-de-surf/0/?q=tabla+de+surf,https://media.spreadthesign.com/video/mp4/10/36433.mp4,tabla de surf,deportes-y-ocio
/fr.fr/word/4162/atletico/0/?q=atl%C3%A9tico,https://media.spreadthesign.com/video/mp4/10/36412.mp4,atlético,deportes-y-ocio
/fr.fr/word/4169/entrenamiento/0/?q=entrenamiento,https://media.spreadthesign.com/video/mp4/10/36463.mp4,entrenamiento,deportes-y-ocio
/fr.fr/word/4166/trampolin/0/?q=trampol%C3%ADn,https://media.spreadthesign.com/video/mp4/10/36441.mp4,trampolín,deportes-y-ocio
/fr.fr/word/4163/esgrima/0/?q=esgrima,https://media.spreadthesign.com/video/mp4/10/36419.mp4,esgrima,deportes-y-ocio
/fr.fr/word/4130/fuera-de-juego/0/?q=fuera+de+juego,https://media.spreadthesign.com/video/mp4/10/36175.mp4,fuera de juego,deportes-y-ocio
/fr.fr/word/4137/campeonato-europeo-de-futbol/0/?q=campeonato+europeo+de+f%C3%BAtbol,https://media.spreadthesign.com/video/mp4/10/36228.mp4,campeonato europeo de fútbol,deportes-y-ocio
/fr.fr/word/4134/cuerda-de-escalada/0/?q=cuerda+de+escalada,https://media.spreadthesign.com/video/mp4/10/36202.mp4,cuerda de escalada,deportes-y-ocio
/fr.fr/word/4131/descenso/0/?q=descenso,https://media.spreadthesign.com/video/mp4/10/41518.mp4,descenso,deportes-y-ocio
/fr.fr/word/4135/medalla-de-bronce/0/?q=medalla+de+bronce,https://media.spreadthesign.com/video/mp4/10/36213.mp4,medalla de bronce,deportes-y-ocio
/fr.fr/word/4132/badminton/0/?q=b%C3%A1dminton,https://media.spreadthesign.com/video/mp4/10/36191.mp4,bádminton,deportes-y-ocio
/fr.fr/word/4139/falta/0/?q=falta,https://media.spreadthesign.com/video/mp4/10/36240.mp4,falta,deportes-y-ocio
/fr.fr/word/4136/dopaje/0/?q=dopaje,https://media.spreadthesign.com/video/mp4/10/36219.mp4,dopaje,deportes-y-ocio
/fr.fr/word/4133/raqueta-de-badminton/0/?q=raqueta+de+b%C3%A1dminton,https://media.spreadthesign.com/video/mp4/10/36199.mp4,raqueta de bádminton,deportes-y-ocio
/fr.fr/word/481/club/0/?q=club,https://media.spreadthesign.com/video/mp4/10/4738.mp4,club,deportes-y-ocio
/fr.fr/word/4583/ps3/0/?q=PS3,https://media.spreadthesign.com/video/mp4/10/39030.mp4,PS3,deportes-y-ocio
/fr.fr/word/45/crampon/0/?q=cramp%C3%B3n,https://media.spreadthesign.com/video/mp4/10/446.mp4,crampón,deportes-y-ocio
/fr.fr/word/4200/carrera-de-velocidad/0/?q=carrera+de+velocidad,https://media.spreadthesign.com/video/mp4/10/36675.mp4,carrera de velocidad,deportes-y-ocio
/fr.fr/word/4207/lanzamiento-de-martillo/0/?q=lanzamiento+de+martillo,https://media.spreadthesign.com/video/mp4/10/36729.mp4,lanzamiento de martillo,deportes-y-ocio
/fr.fr/word/4204/jabalina/0/?q=jabalina,https://media.spreadthesign.com/video/mp4/10/36703.mp4,jabalina,deportes-y-ocio
/fr.fr/word/4201/carrera-de-balanceo/0/?q=carrera+de+balanceo,https://media.spreadthesign.com/video/mp4/10/36684.mp4,carrera de balanceo,deportes-y-ocio
/fr.fr/word/4208/lanzamiento-de-disco/0/?q=lanzamiento+de+disco,https://media.spreadthesign.com/video/mp4/10/36735.mp4,lanzamiento de disco,deportes-y-ocio
/fr.fr/word/4205/decatlon/0/?q=decatl%C3%B3n,https://media.spreadthesign.com/video/mp4/10/36713.mp4,decatlón,deportes-y-ocio
/fr.fr/word/4202/carrera-de-relevos/0/?q=carrera+de+relevos,https://media.spreadthesign.com/video/mp4/10/36688.mp4,carrera de relevos,deportes-y-ocio
/fr.fr/word/4209/pentatlon/0/?q=pentatl%C3%B3n,https://media.spreadthesign.com/video/mp4/10/36745.mp4,pentatlón,deportes-y-ocio
/fr.fr/word/4206/heptatlon/0/?q=heptatl%C3%B3n,https://media.spreadthesign.com/video/mp4/10/36719.mp4,heptatlón,deportes-y-ocio
/fr.fr/word/4203/cross/0/?q=cross,https://media.spreadthesign.com/video/mp4/10/36697.mp4,cross,deportes-y-ocio
/fr.fr/word/4270/cornamusa/0/?q=cornamusa,https://media.spreadthesign.com/video/mp4/10/37151.mp4,cornamusa,deportes-y-ocio
/fr.fr/word/4274/cambio-de-direccion/0/?q=cambio+de+direcci%C3%B3n,https://media.spreadthesign.com/video/mp4/10/37175.mp4,cambio de dirección,deportes-y-ocio
/fr.fr/word/4271/linea-central/0/?q=l%C3%ADnea+central,https://media.spreadthesign.com/video/mp4/10/37156.mp4,línea central,deportes-y-ocio
/fr.fr/word/4278/coordinadas/0/?q=coordinadas,https://media.spreadthesign.com/video/mp4/10/37201.mp4,coordinadas,deportes-y-ocio
/fr.fr/word/4272/campeon/0/?q=campe%C3%B3n,https://media.spreadthesign.com/video/mp4/10/37164.mp4,campeón,deportes-y-ocio
/fr.fr/word/4276/via-de-escalada/0/?q=v%C3%ADa+de+escalada,https://media.spreadthesign.com/video/mp4/10/41193.mp4,vía de escalada,deportes-y-ocio
/fr.fr/word/4273/campeonato/0/?q=campeonato,https://media.spreadthesign.com/video/mp4/10/37174.mp4,campeonato,deportes-y-ocio
/fr.fr/word/4240/gol/0/?q=gol,https://media.spreadthesign.com/video/mp4/10/36946.mp4,gol,deportes-y-ocio
/fr.fr/word/4247/defensa/0/?q=defensa,https://media.spreadthesign.com/video/mp4/10/37000.mp4,defensa,deportes-y-ocio
/fr.fr/word/4244/delantero/0/?q=delantero,https://media.spreadthesign.com/video/mp4/10/41516.mp4,delantero,deportes-y-ocio
/fr.fr/word/4241/portero/0/?q=portero,https://media.spreadthesign.com/video/mp4/10/36959.mp4,portero,deportes-y-ocio
/fr.fr/word/4248/arbitro/0/?q=%C3%A1rbitro,https://media.spreadthesign.com/video/mp4/10/37007.mp4,árbitro,deportes-y-ocio
/fr.fr/word/4242/punto-de-penalti/0/?q=punto+de+penalti,https://media.spreadthesign.com/video/mp4/10/36965.mp4,punto de penalti,deportes-y-ocio
/fr.fr/word/4249/linier/0/?q=linier,https://media.spreadthesign.com/video/mp4/10/37017.mp4,linier,deportes-y-ocio
/fr.fr/word/4246/resultado/0/?q=resultado,https://media.spreadthesign.com/video/mp4/10/36992.mp4,resultado,deportes-y-ocio
/fr.fr/word/4243/capitan/0/?q=capit%C3%A1n,https://media.spreadthesign.com/video/mp4/10/36971.mp4,capitán,deportes-y-ocio
/fr.fr/word/4210/salto-de-longitud/0/?q=salto+de+longitud,https://media.spreadthesign.com/video/mp4/10/36750.mp4,salto de longitud,deportes-y-ocio
/fr.fr/word/4214/testigo/0/?q=testigo,https://media.spreadthesign.com/video/mp4/10/36778.mp4,testigo,deportes-y-ocio
/fr.fr/word/4211/salto-con-pertiga/0/?q=salto+con+p%C3%A9rtiga,https://media.spreadthesign.com/video/mp4/10/36760.mp4,salto con pértiga,deportes-y-ocio
/fr.fr/word/4218/valla/0/?q=valla,https://media.spreadthesign.com/video/mp4/10/36808.mp4,valla,deportes-y-ocio
/fr.fr/word/4215/triatlon/0/?q=triatl%C3%B3n,https://media.spreadthesign.com/video/mp4/10/36789.mp4,triatlón,deportes-y-ocio
/fr.fr/word/4212/carrera-corta/0/?q=carrera+corta,https://media.spreadthesign.com/video/mp4/10/36767.mp4,carrera corta,deportes-y-ocio
/fr.fr/word/4219/colchoneta/0/?q=colchoneta,https://media.spreadthesign.com/video/mp4/10/36818.mp4,colchoneta,deportes-y-ocio
/fr.fr/word/4216/triple-salto/0/?q=triple+salto,https://media.spreadthesign.com/video/mp4/10/36795.mp4,triple salto,deportes-y-ocio
/fr.fr/word/4213/step/0/?q=step,https://media.spreadthesign.com/video/mp4/10/36774.mp4,step,deportes-y-ocio
/fr.fr/word/4280/contraataque/0/?q=contraataque,https://media.spreadthesign.com/video/mp4/10/37213.mp4,contraataque,deportes-y-ocio
/fr.fr/word/4285/curvimetro/0/?q=curv%C3%ADmetro,https://media.spreadthesign.com/video/mp4/10/37249.mp4,curvímetro,deportes-y-ocio
/fr.fr/word/4282/criquet/0/?q=cr%C3%ADquet,https://media.spreadthesign.com/video/mp4/10/37226.mp4,críquet,deportes-y-ocio
/fr.fr/word/4288/derrota/0/?q=derrota,https://media.spreadthesign.com/video/mp4/10/37270.mp4,derrota,deportes-y-ocio
/fr.fr/word/4281/crampon/0/?q=cramp%C3%B3n,https://media.spreadthesign.com/video/mp4/10/37222.mp4,crampón,deportes-y-ocio
/fr.fr/word/4286/ciclismo/0/?q=ciclismo,https://media.spreadthesign.com/video/mp4/10/37253.mp4,ciclismo,deportes-y-ocio
/fr.fr/word/4289/freno-de-escalada/0/?q=freno+de+escalada,https://media.spreadthesign.com/video/mp4/10/37279.mp4,freno de escalada,deportes-y-ocio
/fr.fr/word/4250/corner/0/?q=c%C3%B3rner,https://media.spreadthesign.com/video/mp4/10/37020.mp4,córner,deportes-y-ocio
/fr.fr/word/4257/altimetro/0/?q=alt%C3%ADmetro,https://media.spreadthesign.com/video/mp4/10/37068.mp4,altímetro,deportes-y-ocio
/fr.fr/word/4254/lanzamiento-a-balon-parado/0/?q=lanzamiento+a+bal%C3%B3n+parado,https://media.spreadthesign.com/video/mp4/10/37049.mp4,lanzamiento a balón parado,deportes-y-ocio
/fr.fr/word/4251/disparo/0/?q=disparo,https://media.spreadthesign.com/video/mp4/10/41203.mp4,disparo,deportes-y-ocio
/fr.fr/word/4255/pase/0/?q=pase,https://media.spreadthesign.com/video/mp4/10/37058.mp4,pase,deportes-y-ocio
/fr.fr/word/4252/pase-cruzado/0/?q=pase+cruzado,https://media.spreadthesign.com/video/mp4/10/37033.mp4,pase cruzado,deportes-y-ocio
/fr.fr/word/4259/gimnasia-artistica-masculina/0/?q=gimnasia+art%C3%ADstica+masculina,https://media.spreadthesign.com/video/mp4/10/37079.mp4,gimnasia artística masculina,deportes-y-ocio
/fr.fr/word/4256/contador-de-largos/0/?q=contador+de+largos,https://media.spreadthesign.com/video/mp4/10/37060.mp4,contador de largos,deportes-y-ocio
/fr.fr/word/4253/driblar/0/?q=driblar,https://media.spreadthesign.com/video/mp4/10/37042.mp4,driblar,deportes-y-ocio
/fr.fr/word/4227/linea-de-medio-campo/0/?q=l%C3%ADnea+de+medio+campo,https://media.spreadthesign.com/video/mp4/10/36869.mp4,línea de medio campo,deportes-y-ocio
/fr.fr/word/4221/juez-de-salida/0/?q=juez+de+salida,https://media.spreadthesign.com/video/mp4/10/36830.mp4,juez de salida,deportes-y-ocio
/fr.fr/word/4228/circulo-central/0/?q=c%C3%ADrculo+central,https://media.spreadthesign.com/video/mp4/10/36875.mp4,círculo central,deportes-y-ocio
/fr.fr/word/4225/area-de-gol/0/?q=%C3%A1rea+de+gol,https://media.spreadthesign.com/video/mp4/10/36854.mp4,área de gol,deportes-y-ocio
/fr.fr/word/4222/pase-ciego/0/?q=pase+ciego,https://media.spreadthesign.com/video/mp4/10/36834.mp4,pase ciego,deportes-y-ocio
/fr.fr/word/4229/tacos-de-salida/0/?q=tacos+de+salida,https://media.spreadthesign.com/video/mp4/10/36881.mp4,tacos de salida,deportes-y-ocio
/fr.fr/word/4226/area-de-penalti/0/?q=%C3%A1rea+de+penalti,https://media.spreadthesign.com/video/mp4/10/36859.mp4,área de penalti,deportes-y-ocio
/fr.fr/word/4290/bloqueo-doble/0/?q=bloqueo+doble,https://media.spreadthesign.com/video/mp4/10/37281.mp4,bloqueo doble,deportes-y-ocio
/fr.fr/word/4294/tiempo-extra/0/?q=tiempo+extra,https://media.spreadthesign.com/video/mp4/10/37309.mp4,tiempo extra,deportes-y-ocio
/fr.fr/word/4291/empate/0/?q=empate,https://media.spreadthesign.com/video/mp4/10/37292.mp4,empate,deportes-y-ocio
/fr.fr/word/4298/viraje/0/?q=viraje,https://media.spreadthesign.com/video/mp4/10/37337.mp4,viraje,deportes-y-ocio
/fr.fr/word/4295/finta-con-pelota/0/?q=finta+con+pelota,https://media.spreadthesign.com/video/mp4/10/37319.mp4,finta con pelota,deportes-y-ocio
/fr.fr/word/4292/cuerda-dinamica/0/?q=cuerda+din%C3%A1mica,https://media.spreadthesign.com/video/mp4/10/37298.mp4,cuerda dinámica,deportes-y-ocio
/fr.fr/word/4299/ejercicio-de-suelo/0/?q=ejercicio+de+suelo,https://media.spreadthesign.com/video/mp4/10/37344.mp4,ejercicio de suelo,deportes-y-ocio
/fr.fr/word/4296/finta-sin-pelota/0/?q=finta+sin+pelota,https://media.spreadthesign.com/video/mp4/10/37322.mp4,finta sin pelota,deportes-y-ocio
/fr.fr/word/4293/escalimetro/0/?q=escal%C3%ADmetro,https://media.spreadthesign.com/video/mp4/10/37303.mp4,escalímetro,deportes-y-ocio
/fr.fr/word/4260/gimnasia-artistica-femenina/0/?q=gimn%C3%A1sia+art%C3%ADstica+femenina,https://media.spreadthesign.com/video/mp4/10/37082.mp4,gimnásia artística femenina,deportes-y-ocio
/fr.fr/word/4267/bloquear/0/?q=bloquear,https://media.spreadthesign.com/video/mp4/10/41209.mp4,bloquear,deportes-y-ocio
/fr.fr/word/4264/conduccion-con-balon/0/?q=conducci%C3%B3n+con+bal%C3%B3n,https://media.spreadthesign.com/video/mp4/10/37109.mp4,conducción con balón,deportes-y-ocio
/fr.fr/word/4261/curva-de-nivel/0/?q=curva+de+nivel,https://media.spreadthesign.com/video/mp4/10/41198.mp4,curva de nivel,deportes-y-ocio
/fr.fr/word/4268/bloqueador/0/?q=bloqueador,https://media.spreadthesign.com/video/mp4/10/37134.mp4,bloqueador,deportes-y-ocio
/fr.fr/word/4265/recepcion-del-balon/0/?q=recepci%C3%B3n+del+bal%C3%B3n,https://media.spreadthesign.com/video/mp4/10/37115.mp4,recepción del balón,deportes-y-ocio
/fr.fr/word/4269/boxeo/0/?q=boxeo,https://media.spreadthesign.com/video/mp4/10/37146.mp4,boxeo,deportes-y-ocio
/fr.fr/word/4266/posicion-base/0/?q=posici%C3%B3n+base,https://media.spreadthesign.com/video/mp4/10/37123.mp4,posición base,deportes-y-ocio
/fr.fr/word/4263/barra-de-equilibrio/0/?q=barra+de+equilibrio,https://media.spreadthesign.com/video/mp4/10/37101.mp4,barra de equilibrio,deportes-y-ocio
/fr.fr/word/4230/lineas-de-carril-de-natacion/0/?q=l%C3%ADneas+de+carril+de+nataci%C3%B3n,https://media.spreadthesign.com/video/mp4/10/36888.mp4,líneas de carril de natación,deportes-y-ocio
/fr.fr/word/4237/servicio-corto/0/?q=servicio+corto,https://media.spreadthesign.com/video/mp4/10/36930.mp4,servicio corto,deportes-y-ocio
/fr.fr/word/4234/partido-individual/0/?q=partido+individual,https://media.spreadthesign.com/video/mp4/10/36911.mp4,partido individual,deportes-y-ocio
/fr.fr/word/4231/corcheras-de-natacion/0/?q=corcheras+de+nataci%C3%B3n,https://media.spreadthesign.com/video/mp4/10/36894.mp4,corcheras de natación,deportes-y-ocio
/fr.fr/word/4238/servicio-largo/0/?q=servicio+largo,https://media.spreadthesign.com/video/mp4/10/36934.mp4,servicio largo,deportes-y-ocio
/fr.fr/word/4232/juez-de-natacion/0/?q=juez+de+nataci%C3%B3n,https://media.spreadthesign.com/video/mp4/10/36896.mp4,juez de natación,deportes-y-ocio
/fr.fr/word/4239/cancha-de-tenis/0/?q=cancha+de+tenis,https://media.spreadthesign.com/video/mp4/10/36944.mp4,cancha de tenis,deportes-y-ocio
/fr.fr/word/4236/saque/0/?q=saque,https://media.spreadthesign.com/video/mp4/10/36924.mp4,saque,deportes-y-ocio
/fr.fr/word/4233/partido-de-dobles/0/?q=partido+de+dobles,https://media.spreadthesign.com/video/mp4/10/36907.mp4,partido de dobles,deportes-y-ocio
/fr.fr/word/4946/perro-de-caza/0/?q=perro+de+caza,https://media.spreadthesign.com/video/mp4/10/41124.mp4,perro de caza,deportes-y-ocio
/fr.fr/word/467/hockey/0/?q=hockey,https://media.spreadthesign.com/video/mp4/10/4604.mp4,hockey,deportes-y-ocio
/fr.fr/word/2337/contraste/0/?q=contraste,https://media.spreadthesign.com/video/mp4/10/22779.mp4,contraste,arte-y-entretenimiento
/fr.fr/word/2336/contorno/0/?q=contorno,https://media.spreadthesign.com/video/mp4/10/22764.mp4,contorno,arte-y-entretenimiento
/fr.fr/word/2333/composicion/0/?q=composici%C3%B3n,https://media.spreadthesign.com/video/mp4/10/22732.mp4,composición,arte-y-entretenimiento
/fr.fr/word/9083/sobre/0/?q=sobre,https://media.spreadthesign.com/video/mp4/10/185851.mp4,sobre,arte-y-entretenimiento
/fr.fr/word/9057/emblema/0/?q=emblema,https://media.spreadthesign.com/video/mp4/10/185825.mp4,emblema,arte-y-entretenimiento
/fr.fr/word/9004/trompa/0/?q=trompa,https://media.spreadthesign.com/video/mp4/10/186211.mp4,trompa,arte-y-entretenimiento
/fr.fr/word/9078/entretener/0/?q=entretener,https://media.spreadthesign.com/video/mp4/10/185845.mp4,entretener,arte-y-entretenimiento
/fr.fr/word/9072/literatura-inglesa/0/?q=literatura+inglesa,https://media.spreadthesign.com/video/mp4/10/255305.mp4,literatura inglesa,arte-y-entretenimiento
/fr.fr/word/9585/bloc-de-notas/0/?q=bloc+de+notas,https://media.spreadthesign.com/video/mp4/10/156664.mp4,bloc de notas,arte-y-entretenimiento
/fr.fr/word/9554/aguja/0/?q=aguja,https://media.spreadthesign.com/video/mp4/10/156002.mp4,aguja,arte-y-entretenimiento
/fr.fr/word/9528/atril/0/?q=atril,https://media.spreadthesign.com/video/mp4/10/187188.mp4,atril,arte-y-entretenimiento
/fr.fr/word/9529/musico/0/?q=m%C3%BAsico,https://media.spreadthesign.com/video/mp4/10/187190.mp4,músico,arte-y-entretenimiento
/fr.fr/word/9527/caja-de-musica/0/?q=caja+de+m%C3%BAsica,https://media.spreadthesign.com/video/mp4/10/158328.mp4,caja de música,arte-y-entretenimiento
/fr.fr/word/9512/cartel-de-una-pelicula/0/?q=cartel+de+una+pel%C3%ADcula,https://media.spreadthesign.com/video/mp4/10/155984.mp4,cartel de una película,arte-y-entretenimiento
/fr.fr/word/9513/estrella-de-cine/0/?q=estrella+de+cine,https://media.spreadthesign.com/video/mp4/10/187162.mp4,estrella de cine,arte-y-entretenimiento
/fr.fr/word/9234/idear/0/?q=idear,https://media.spreadthesign.com/video/mp4/10/180530.mp4,idear,arte-y-entretenimiento
/fr.fr/word/9264/disc-jockey/0/?q=disc+jockey,https://media.spreadthesign.com/video/mp4/10/185639.mp4,disc jockey,arte-y-entretenimiento
/fr.fr/word/9277/exhibicion/0/?q=exhibici%C3%B3n,https://media.spreadthesign.com/video/mp4/10/185655.mp4,exhibición,arte-y-entretenimiento
/fr.fr/word/9409/matine/0/?q=matin%C3%A9,https://media.spreadthesign.com/video/mp4/10/285228.mp4,matiné,arte-y-entretenimiento
/fr.fr/word/9451/metronomo/0/?q=metr%C3%B3nomo,https://media.spreadthesign.com/video/mp4/10/285281.mp4,metrónomo,arte-y-entretenimiento
/fr.fr/word/9464/mimica/0/?q=m%C3%ADmica,https://media.spreadthesign.com/video/mp4/10/187093.mp4,mímica,arte-y-entretenimiento
/fr.fr/word/9182/cubierta/0/?q=cubierta,https://media.spreadthesign.com/video/mp4/10/180471.mp4,cubierta,arte-y-entretenimiento
/fr.fr/word/9133/exhibir/0/?q=exhibir,https://media.spreadthesign.com/video/mp4/10/185929.mp4,exhibir,arte-y-entretenimiento
/fr.fr/word/99/marca/0/?q=marca,https://media.spreadthesign.com/video/mp4/10/985.mp4,marca,arte-y-entretenimiento
/fr.fr/word/9327/estilista-de-moda/0/?q=estilista+de+moda,https://media.spreadthesign.com/video/mp4/10/185731.mp4,estilista de moda,arte-y-entretenimiento
/fr.fr/word/9322/delineante/0/?q=delineante,https://media.spreadthesign.com/video/mp4/10/282428.mp4,delineante,arte-y-entretenimiento
/fr.fr/word/9326/drama/0/?q=drama,https://media.spreadthesign.com/video/mp4/10/185730.mp4,drama,arte-y-entretenimiento
/fr.fr/word/9343/tambor/0/?q=tambor,https://media.spreadthesign.com/video/mp4/10/185744.mp4,tambor,arte-y-entretenimiento
/fr.fr/word/9395/manuscrito/0/?q=manuscrito,https://media.spreadthesign.com/video/mp4/10/265916.mp4,manuscrito,arte-y-entretenimiento
/fr.fr/word/9393/manual/0/?q=manual,https://media.spreadthesign.com/video/mp4/10/285202.mp4,manual,arte-y-entretenimiento
/fr.fr/word/6059/en-blanco/0/?q=en+blanco,https://media.spreadthesign.com/video/mp4/10/156654.mp4,en blanco,arte-y-entretenimiento
/fr.fr/word/607/puerta-exterior/0/?q=puerta+exterior,https://media.spreadthesign.com/video/mp4/10/6008.mp4,puerta exterior,arte-y-entretenimiento
/fr.fr/word/6043/biografia/0/?q=biograf%C3%ADa,https://media.spreadthesign.com/video/mp4/10/156644.mp4,biografía,arte-y-entretenimiento
/fr.fr/word/6031/biblia/0/?q=biblia,https://media.spreadthesign.com/video/mp4/10/171923.mp4,biblia,arte-y-entretenimiento
/fr.fr/word/6714/armonia/0/?q=armon%C3%ADa,https://media.spreadthesign.com/video/mp4/10/186462.mp4,armonía,arte-y-entretenimiento
/fr.fr/word/6715/arpa/0/?q=arpa,https://media.spreadthesign.com/video/mp4/10/186464.mp4,arpa,arte-y-entretenimiento
/fr.fr/word/6713/armonica/0/?q=arm%C3%B3nica,https://media.spreadthesign.com/video/mp4/10/186463.mp4,armónica,arte-y-entretenimiento
/fr.fr/word/6447/arquitecto/0/?q=arquitecto,https://media.spreadthesign.com/video/mp4/10/156175.mp4,arquitecto,arte-y-entretenimiento
/fr.fr/word/6490/atico/0/?q=%C3%A1tico,https://media.spreadthesign.com/video/mp4/10/169323.mp4,ático,arte-y-entretenimiento
/fr.fr/word/6499/auditorio/0/?q=auditorio,https://media.spreadthesign.com/video/mp4/10/156429.mp4,auditorio,arte-y-entretenimiento
/fr.fr/word/6497/espectadores/0/?q=espectadores,https://media.spreadthesign.com/video/mp4/10/156422.mp4,espectadores,arte-y-entretenimiento
/fr.fr/word/6461/arte/0/?q=arte,https://media.spreadthesign.com/video/mp4/10/156200.mp4,arte,arte-y-entretenimiento
/fr.fr/word/6462/critico-de-arte/0/?q=cr%C3%ADtico+de+arte,https://media.spreadthesign.com/video/mp4/10/169277.mp4,crítico de arte,arte-y-entretenimiento
/fr.fr/word/6436/aplaudir/0/?q=aplaudir,https://media.spreadthesign.com/video/mp4/10/169236.mp4,aplaudir,arte-y-entretenimiento
/fr.fr/word/6437/aplauso/0/?q=aplauso,https://media.spreadthesign.com/video/mp4/10/169235.mp4,aplauso,arte-y-entretenimiento
/fr.fr/word/6106/radiocasete/0/?q=radiocasete,https://media.spreadthesign.com/video/mp4/10/284788.mp4,radiocasete,arte-y-entretenimiento
/fr.fr/word/610/pegamento/0/?q=pegamento,https://media.spreadthesign.com/video/mp4/10/6038.mp4,pegamento,arte-y-entretenimiento
/fr.fr/word/6880/leer/0/?q=leer,https://media.spreadthesign.com/video/mp4/10/266356.mp4,leer,arte-y-entretenimiento
/fr.fr/word/6885/goma-de-borrar/0/?q=goma+de+borrar,https://media.spreadthesign.com/video/mp4/10/266470.mp4,goma de borrar,arte-y-entretenimiento
/fr.fr/word/6826/actor/0/?q=actor,https://media.spreadthesign.com/video/mp4/10/158307.mp4,actor,arte-y-entretenimiento
/fr.fr/word/6827/actriz/0/?q=actriz,https://media.spreadthesign.com/video/mp4/10/158308.mp4,actriz,arte-y-entretenimiento
/fr.fr/word/6875/protagonista/0/?q=protagonista,https://media.spreadthesign.com/video/mp4/10/187927.mp4,protagonista,arte-y-entretenimiento
/fr.fr/word/6500/autor/0/?q=autor,https://media.spreadthesign.com/video/mp4/10/156460.mp4,autor,arte-y-entretenimiento
/fr.fr/word/6504/autografo/0/?q=aut%C3%B3grafo,https://media.spreadthesign.com/video/mp4/10/156463.mp4,autógrafo,arte-y-entretenimiento
/fr.fr/word/6529/idolo/0/?q=%C3%ADdolo,https://media.spreadthesign.com/video/mp4/10/186893.mp4,ídolo,arte-y-entretenimiento
/fr.fr/word/6290/techo/0/?q=techo,https://media.spreadthesign.com/video/mp4/10/180307.mp4,techo,arte-y-entretenimiento
/fr.fr/word/6260/villancico/0/?q=villancico,https://media.spreadthesign.com/video/mp4/10/173829.mp4,villancico,arte-y-entretenimiento
/fr.fr/word/6269/dibujo-animado/0/?q=dibujo+animado,https://media.spreadthesign.com/video/mp4/10/156521.mp4,dibujo animado,arte-y-entretenimiento
/fr.fr/word/6958/bloque-de-pisos/0/?q=bloque+de+pisos,https://media.spreadthesign.com/video/mp4/10/281836.mp4,bloque de pisos,arte-y-entretenimiento
/fr.fr/word/6959/director-de-orquesta/0/?q=director+de+orquesta,https://media.spreadthesign.com/video/mp4/10/158589.mp4,director de orquesta,arte-y-entretenimiento
/fr.fr/word/6953/concepto/0/?q=concepto,https://media.spreadthesign.com/video/mp4/10/180325.mp4,concepto,arte-y-entretenimiento
/fr.fr/word/6687/pasillo-de-entrada/0/?q=pasillo+de+entrada,https://media.spreadthesign.com/video/mp4/10/186445.mp4,pasillo de entrada,arte-y-entretenimiento
/fr.fr/word/6674/hacer-punto/0/?q=hacer+punto,https://media.spreadthesign.com/video/mp4/10/267091.mp4,hacer punto,arte-y-entretenimiento
/fr.fr/word/6646/diario/0/?q=diario,https://media.spreadthesign.com/video/mp4/10/257067.mp4,diario,arte-y-entretenimiento
/fr.fr/word/6356/coro/0/?q=coro,https://media.spreadthesign.com/video/mp4/10/173871.mp4,coro,arte-y-entretenimiento
/fr.fr/word/6378/claro/0/?q=claro,https://media.spreadthesign.com/video/mp4/10/158712.mp4,claro,arte-y-entretenimiento
/fr.fr/word/6372/clarinete/0/?q=clarinete,https://media.spreadthesign.com/video/mp4/10/158714.mp4,clarinete,arte-y-entretenimiento
/fr.fr/word/6346/campanas-chinas/0/?q=campanas+chinas,https://media.spreadthesign.com/video/mp4/10/173869.mp4,campanas chinas,arte-y-entretenimiento
/fr.fr/word/6347/chimenea/0/?q=chimenea,https://media.spreadthesign.com/video/mp4/10/158593.mp4,chimenea,arte-y-entretenimiento
/fr.fr/word/6310/salmodiar/0/?q=salmodiar,https://media.spreadthesign.com/video/mp4/10/264709.mp4,salmodiar,arte-y-entretenimiento
/fr.fr/word/6313/capitulo/0/?q=cap%C3%ADtulo,https://media.spreadthesign.com/video/mp4/10/158565.mp4,capítulo,arte-y-entretenimiento
/fr.fr/word/6361/estribillo/0/?q=estribillo,https://media.spreadthesign.com/video/mp4/10/173875.mp4,estribillo,arte-y-entretenimiento
/fr.fr/word/3006/seda/0/?q=seda,https://media.spreadthesign.com/video/mp4/10/28266.mp4,seda,arte-y-entretenimiento
/fr.fr/word/3028/coser/0/?q=coser,https://media.spreadthesign.com/video/mp4/10/28454.mp4,coser,arte-y-entretenimiento
/fr.fr/word/3092/arruga/0/?q=arruga,https://media.spreadthesign.com/video/mp4/10/28962.mp4,arruga,arte-y-entretenimiento
/fr.fr/word/3010/confeccion/0/?q=confecci%C3%B3n,https://media.spreadthesign.com/video/mp4/10/28301.mp4,confección,arte-y-entretenimiento
/fr.fr/word/3062/estilo/0/?q=estilo,https://media.spreadthesign.com/video/mp4/10/28726.mp4,estilo,arte-y-entretenimiento
/fr.fr/word/3481/cuarto-de-bano/0/?q=cuarto+de+ba%C3%B1o,https://media.spreadthesign.com/video/mp4/10/31938.mp4,cuarto de baño,arte-y-entretenimiento
/fr.fr/word/3482/cocina-pequena/0/?q=cocina+peque%C3%B1a,https://media.spreadthesign.com/video/mp4/10/31945.mp4,cocina pequeña,arte-y-entretenimiento
/fr.fr/word/3479/concierto/0/?q=concierto,https://media.spreadthesign.com/video/mp4/10/31921.mp4,concierto,arte-y-entretenimiento
/fr.fr/word/3496/chimenea/0/?q=chimenea,https://media.spreadthesign.com/video/mp4/10/32045.mp4,chimenea,arte-y-entretenimiento
/fr.fr/word/3497/opera/0/?q=%C3%B3pera,https://media.spreadthesign.com/video/mp4/10/32052.mp4,ópera,arte-y-entretenimiento
/fr.fr/word/3434/apartamento/0/?q=apartamento,https://media.spreadthesign.com/video/mp4/10/31577.mp4,apartamento,arte-y-entretenimiento
/fr.fr/word/3129/zurcir/0/?q=zurcir,https://media.spreadthesign.com/video/mp4/10/41554.mp4,zurcir,arte-y-entretenimiento
/fr.fr/word/3122/modisto/0/?q=modisto,https://media.spreadthesign.com/video/mp4/10/29195.mp4,modisto,arte-y-entretenimiento
/fr.fr/word/312/viga/0/?q=viga,https://media.spreadthesign.com/video/mp4/10/3056.mp4,viga,arte-y-entretenimiento
/fr.fr/word/319/ventana-del-tejado/0/?q=ventana+del+tejado,https://media.spreadthesign.com/video/mp4/10/3123.mp4,ventana del tejado,arte-y-entretenimiento
/fr.fr/word/316/ventana-abuhardillada/0/?q=ventana+abuhardillada,https://media.spreadthesign.com/video/mp4/10/3096.mp4,ventana abuhardillada,arte-y-entretenimiento
/fr.fr/word/3130/moda/0/?q=moda,https://media.spreadthesign.com/video/mp4/10/29258.mp4,moda,arte-y-entretenimiento
/fr.fr/word/3581/bolo-musical/0/?q=bolo+musical,https://media.spreadthesign.com/video/mp4/10/32652.mp4,bolo musical,arte-y-entretenimiento
/fr.fr/word/3585/sauna/0/?q=sauna,https://media.spreadthesign.com/video/mp4/10/32679.mp4,sauna,arte-y-entretenimiento
/fr.fr/word/357/correa/0/?q=correa,https://media.spreadthesign.com/video/mp4/10/3494.mp4,correa,arte-y-entretenimiento
/fr.fr/word/3596/tela-para-trajes/0/?q=tela+para+trajes,https://media.spreadthesign.com/video/mp4/10/41570.mp4,tela para trajes,arte-y-entretenimiento
/fr.fr/word/3538/entrada/0/?q=entrada,https://media.spreadthesign.com/video/mp4/10/32350.mp4,entrada,arte-y-entretenimiento
/fr.fr/word/3533/ropero/0/?q=ropero,https://media.spreadthesign.com/video/mp4/10/32319.mp4,ropero,arte-y-entretenimiento
/fr.fr/word/3208/fibra-textil/0/?q=fibra+textil,https://media.spreadthesign.com/video/mp4/10/41583.mp4,fibra textil,arte-y-entretenimiento
/fr.fr/word/3209/lino/0/?q=lino,https://media.spreadthesign.com/video/mp4/10/29853.mp4,lino,arte-y-entretenimiento
/fr.fr/word/320/ventana/0/?q=ventana,https://media.spreadthesign.com/video/mp4/10/3140.mp4,ventana,arte-y-entretenimiento
/fr.fr/word/3210/hilo/0/?q=hilo,https://media.spreadthesign.com/video/mp4/10/29863.mp4,hilo,arte-y-entretenimiento
/fr.fr/word/3215/sastre/0/?q=sastre,https://media.spreadthesign.com/video/mp4/10/29896.mp4,sastre,arte-y-entretenimiento
/fr.fr/word/3212/punto/0/?q=punto,https://media.spreadthesign.com/video/mp4/10/29874.mp4,punto,arte-y-entretenimiento
/fr.fr/word/3213/ganchillo/0/?q=ganchillo,https://media.spreadthesign.com/video/mp4/10/29881.mp4,ganchillo,arte-y-entretenimiento
/fr.fr/word/323/sombrero-de-chimenea/0/?q=sombrero+de+chimenea,https://media.spreadthesign.com/video/mp4/10/3172.mp4,sombrero de chimenea,arte-y-entretenimiento
/fr.fr/word/3952/firma/0/?q=firma,https://media.spreadthesign.com/video/mp4/10/35278.mp4,firma,arte-y-entretenimiento
/fr.fr/word/395/tiza/0/?q=tiza,https://media.spreadthesign.com/video/mp4/10/3872.mp4,tiza,arte-y-entretenimiento
/fr.fr/word/3964/musica/0/?q=m%C3%BAsica,https://media.spreadthesign.com/video/mp4/10/35338.mp4,música,arte-y-entretenimiento
/fr.fr/word/3608/maniqui/0/?q=maniqu%C3%AD,https://media.spreadthesign.com/video/mp4/10/32852.mp4,maniquí,arte-y-entretenimiento
/fr.fr/word/3609/terciopelo/0/?q=terciopelo,https://media.spreadthesign.com/video/mp4/10/32864.mp4,terciopelo,arte-y-entretenimiento
/fr.fr/word/3625/costura/0/?q=costura,https://media.spreadthesign.com/video/mp4/10/32983.mp4,costura,arte-y-entretenimiento
/fr.fr/word/3626/cierre-de-velcro/0/?q=cierre+de+velcro,https://media.spreadthesign.com/video/mp4/10/41527.mp4,cierre de velcro,arte-y-entretenimiento
/fr.fr/word/3623/fibra-sintetica/0/?q=fibra+sint%C3%A9tica,https://media.spreadthesign.com/video/mp4/10/41528.mp4,fibra sintética,arte-y-entretenimiento
/fr.fr/word/364/color/0/?q=color,https://media.spreadthesign.com/video/mp4/10/3566.mp4,color,arte-y-entretenimiento
/fr.fr/word/3630/alfiler/0/?q=alfiler,https://media.spreadthesign.com/video/mp4/10/33022.mp4,alfiler,arte-y-entretenimiento
/fr.fr/word/3637/estambre/0/?q=estambre,https://media.spreadthesign.com/video/mp4/10/41534.mp4,estambre,arte-y-entretenimiento
/fr.fr/word/3639/maquina-de-coser/0/?q=m%C3%A1quina+de+coser,https://media.spreadthesign.com/video/mp4/10/33093.mp4,máquina de coser,arte-y-entretenimiento
/fr.fr/word/3336/algodon/0/?q=algod%C3%B3n,https://media.spreadthesign.com/video/mp4/10/30828.mp4,algodón,arte-y-entretenimiento
/fr.fr/word/7083/ciclon/0/?q=cicl%C3%B3n,https://media.spreadthesign.com/video/mp4/10/180441.mp4,ciclón,ciencia
/fr.fr/word/7028/caleta/0/?q=caleta,https://media.spreadthesign.com/video/mp4/10/180397.mp4,caleta,ciencia
/fr.fr/word/7020/contador/0/?q=contador,https://media.spreadthesign.com/video/mp4/10/180386.mp4,contador,ciencia
/fr.fr/word/7056/cuervo/0/?q=cuervo,https://media.spreadthesign.com/video/mp4/10/180422.mp4,cuervo,ciencia
/fr.fr/word/7046/grillo/0/?q=grillo,https://media.spreadthesign.com/video/mp4/10/180411.mp4,grillo,ciencia
/fr.fr/word/7042/cala/0/?q=cala,https://media.spreadthesign.com/video/mp4/10/180410.mp4,cala,ciencia
/fr.fr/word/7043/arrastrarse/0/?q=arrastrarse,https://media.spreadthesign.com/video/mp4/10/180409.mp4,arrastrarse,ciencia
/fr.fr/word/7068/cachorro/0/?q=cachorro,https://media.spreadthesign.com/video/mp4/10/264849.mp4,cachorro,ciencia
/fr.fr/word/7064/costra/0/?q=costra,https://media.spreadthesign.com/video/mp4/10/180425.mp4,costra,ciencia
/fr.fr/word/7066/cristal/0/?q=cristal,https://media.spreadthesign.com/video/mp4/10/180427.mp4,cristal,ciencia
/fr.fr/word/7404/galaxia/0/?q=galaxia,https://media.spreadthesign.com/video/mp4/10/186285.mp4,galaxia,ciencia
/fr.fr/word/7441/branquia/0/?q=branquia,https://media.spreadthesign.com/video/mp4/10/158369.mp4,branquia,ciencia
/fr.fr/word/7410/horca/0/?q=horca,https://media.spreadthesign.com/video/mp4/10/186295.mp4,horca,ciencia
/fr.fr/word/7415/llama-de-gas/0/?q=llama+de+gas,https://media.spreadthesign.com/video/mp4/10/284135.mp4,llama de gas,ciencia
/fr.fr/word/7484/grafico/0/?q=gr%C3%A1fico,https://media.spreadthesign.com/video/mp4/10/256878.mp4,gráfico,ciencia
/fr.fr/word/7422/geco/0/?q=geco,https://media.spreadthesign.com/video/mp4/10/186297.mp4,geco,ciencia
/fr.fr/word/7461/taltuza/0/?q=taltuza,https://media.spreadthesign.com/video/mp4/10/284828.mp4,taltuza,ciencia
/fr.fr/word/7430/geologo/0/?q=ge%C3%B3logo,https://media.spreadthesign.com/video/mp4/10/186343.mp4,geólogo,ciencia
/fr.fr/word/7431/geologia/0/?q=geolog%C3%ADa,https://media.spreadthesign.com/video/mp4/10/186344.mp4,geología,ciencia
/fr.fr/word/7432/geometria/0/?q=geometr%C3%ADa,https://media.spreadthesign.com/video/mp4/10/186345.mp4,geometría,ciencia
/fr.fr/word/7181/tarantula/0/?q=tar%C3%A1ntula,https://media.spreadthesign.com/video/mp4/10/188922.mp4,tarántula,ciencia
/fr.fr/word/7150/buey/0/?q=buey,https://media.spreadthesign.com/video/mp4/10/156668.mp4,buey,ciencia
/fr.fr/word/7159/cociente/0/?q=cociente,https://media.spreadthesign.com/video/mp4/10/188094.mp4,cociente,ciencia
/fr.fr/word/7128/origen/0/?q=origen,https://media.spreadthesign.com/video/mp4/10/187436.mp4,origen,ciencia
/fr.fr/word/7125/organo/0/?q=%C3%B3rgano,https://media.spreadthesign.com/video/mp4/10/284865.mp4,órgano,ciencia
/fr.fr/word/7121/orbita/0/?q=%C3%B3rbita,https://media.spreadthesign.com/video/mp4/10/187429.mp4,órbita,ciencia
/fr.fr/word/7172/manso/0/?q=manso,https://media.spreadthesign.com/video/mp4/10/188919.mp4,manso,ciencia
/fr.fr/word/7808/boxer/0/?q=boxer,https://media.spreadthesign.com/video/mp4/10/171982.mp4,boxer,ciencia
/fr.fr/word/7868/vaquero/0/?q=vaquero,https://media.spreadthesign.com/video/mp4/10/180394.mp4,vaquero,ciencia
/fr.fr/word/7837/pezon/0/?q=pez%C3%B3n,https://media.spreadthesign.com/video/mp4/10/285406.mp4,pezón,ciencia
/fr.fr/word/7508/grunir/0/?q=gru%C3%B1ir,https://media.spreadthesign.com/video/mp4/10/284184.mp4,gruñir,ciencia
/fr.fr/word/7506/arboleda/0/?q=arboleda,https://media.spreadthesign.com/video/mp4/10/284183.mp4,arboleda,ciencia
/fr.fr/word/7590/los-alpes/0/?q=Los+Alpes,https://media.spreadthesign.com/video/mp4/10/155896.mp4,Los Alpes,ciencia
/fr.fr/word/7203/telescopio/0/?q=telescopio,https://media.spreadthesign.com/video/mp4/10/188946.mp4,telescopio,ciencia
/fr.fr/word/7279/sapo/0/?q=sapo,https://media.spreadthesign.com/video/mp4/10/189005.mp4,sapo,ciencia
/fr.fr/word/7248/garganta/0/?q=garganta,https://media.spreadthesign.com/video/mp4/10/188988.mp4,garganta,ciencia
/fr.fr/word/7217/territorio/0/?q=territorio,https://media.spreadthesign.com/video/mp4/10/188962.mp4,territorio,ciencia
/fr.fr/word/7254/pulgar/0/?q=pulgar,https://media.spreadthesign.com/video/mp4/10/188990.mp4,pulgar,ciencia
/fr.fr/word/7256/trueno/0/?q=trueno,https://media.spreadthesign.com/video/mp4/10/283570.mp4,trueno,ciencia
/fr.fr/word/7257/tormenta-electrica/0/?q=tormenta+el%C3%A9ctrica,https://media.spreadthesign.com/video/mp4/10/188991.mp4,tormenta eléctrica,ciencia
/fr.fr/word/7222/descongelar/0/?q=descongelar,https://media.spreadthesign.com/video/mp4/10/188969.mp4,descongelar,ciencia
/fr.fr/word/72/volumen/0/?q=volumen,https://media.spreadthesign.com/video/mp4/10/708.mp4,volumen,ciencia
/fr.fr/word/7298/amigdalas/0/?q=am%C3%ADgdalas,https://media.spreadthesign.com/video/mp4/10/189015.mp4,amígdalas,ciencia
/fr.fr/word/7294/lengua/0/?q=lengua,https://media.spreadthesign.com/video/mp4/10/266816.mp4,lengua,ciencia
/fr.fr/word/7262/marea/0/?q=marea,https://media.spreadthesign.com/video/mp4/10/188994.mp4,marea,ciencia
/fr.fr/word/7261/maremoto/0/?q=maremoto,https://media.spreadthesign.com/video/mp4/10/188993.mp4,maremoto,ciencia
/fr.fr/word/7238/espina/0/?q=espina,https://media.spreadthesign.com/video/mp4/10/188983.mp4,espina,ciencia
/fr.fr/word/7/abedul/0/?q=abedul,https://media.spreadthesign.com/video/mp4/10/60.mp4,abedul,ciencia
/fr.fr/word/7905/dinosaurio/0/?q=dinosaurio,https://media.spreadthesign.com/video/mp4/10/185628.mp4,dinosaurio,ciencia
/fr.fr/word/7954/craneo/0/?q=cr%C3%A1neo,https://media.spreadthesign.com/video/mp4/10/282048.mp4,cráneo,ciencia
/fr.fr/word/7924/fragancia/0/?q=fragancia,https://media.spreadthesign.com/video/mp4/10/188526.mp4,fragancia,ciencia
/fr.fr/word/7922/division/0/?q=divisi%C3%B3n,https://media.spreadthesign.com/video/mp4/10/185671.mp4,división,ciencia
/fr.fr/word/7923/parque-zoologico/0/?q=parque+zool%C3%B3gico,https://media.spreadthesign.com/video/mp4/10/266942.mp4,parque zoológico,ciencia
/fr.fr/word/7977/ecuador/0/?q=ecuador,https://media.spreadthesign.com/video/mp4/10/471050.mp4,ecuador,ciencia
/fr.fr/word/7943/paloma/0/?q=paloma,https://media.spreadthesign.com/video/mp4/10/187718.mp4,paloma,ciencia
/fr.fr/word/7994/expandir/0/?q=expandir,https://media.spreadthesign.com/video/mp4/10/155998.mp4,expandir,ciencia
/fr.fr/word/7997/explosion/0/?q=explosi%C3%B3n,https://media.spreadthesign.com/video/mp4/10/185946.mp4,explosión,ciencia
/fr.fr/word/7626/cara/0/?q=cara,https://media.spreadthesign.com/video/mp4/10/255348.mp4,cara,ciencia
/fr.fr/word/7670/heces/0/?q=heces,https://media.spreadthesign.com/video/mp4/10/282784.mp4,heces,ciencia
/fr.fr/word/7676/redondear/0/?q=redondear,https://media.spreadthesign.com/video/mp4/10/188428.mp4,redondear,ciencia
/fr.fr/word/7615/aptitud/0/?q=aptitud,https://media.spreadthesign.com/video/mp4/10/281487.mp4,aptitud,ciencia
/fr.fr/word/769/quemar/0/?q=quemar,https://media.spreadthesign.com/video/mp4/10/7694.mp4,quemar,ciencia
/fr.fr/word/7370/tubo/0/?q=tubo,https://media.spreadthesign.com/video/mp4/10/266841.mp4,tubo,ciencia
/fr.fr/word/7390/ramita/0/?q=ramita,https://media.spreadthesign.com/video/mp4/10/283686.mp4,ramita,ciencia
/fr.fr/word/7394/torcedura/0/?q=torcedura,https://media.spreadthesign.com/video/mp4/10/283689.mp4,torcedura,ciencia
/fr.fr/word/7395/tornado/0/?q=tornado,https://media.spreadthesign.com/video/mp4/10/189093.mp4,tornado,ciencia
/fr.fr/word/736/biodinamico/0/?q=biodin%C3%A1mico,https://media.spreadthesign.com/video/mp4/10/171932.mp4,biodinámico,ciencia
/fr.fr/word/7312/tortuga/0/?q=tortuga,https://media.spreadthesign.com/video/mp4/10/189024.mp4,tortuga,ciencia
/fr.fr/word/408/templado/0/?q=templado,https://media.spreadthesign.com/video/mp4/10/3997.mp4,templado,ciencia
/fr.fr/word/4077/lobo/0/?q=lobo,https://media.spreadthesign.com/video/mp4/10/35903.mp4,lobo,ciencia
/fr.fr/word/4074/calculadora/0/?q=calculadora,https://media.spreadthesign.com/video/mp4/10/35884.mp4,calculadora,ciencia
/fr.fr/word/4076/cebra/0/?q=cebra,https://media.spreadthesign.com/video/mp4/10/35895.mp4,cebra,ciencia
/fr.fr/word/4073/hipopotamo/0/?q=hipop%C3%B3tamo,https://media.spreadthesign.com/video/mp4/10/35883.mp4,hipopótamo,ciencia
/fr.fr/word/4060/ballena/0/?q=ballena,https://media.spreadthesign.com/video/mp4/10/35815.mp4,ballena,ciencia
/fr.fr/word/4700/segar/0/?q=segar,https://media.spreadthesign.com/video/mp4/10/39685.mp4,segar,ciencia
/fr.fr/word/4704/mutacion/0/?q=mutaci%C3%B3n,https://media.spreadthesign.com/video/mp4/10/39708.mp4,mutación,ciencia
/fr.fr/word/4705/conifera/0/?q=con%C3%ADfera,https://media.spreadthesign.com/video/mp4/10/39715.mp4,conífera,ciencia
/fr.fr/word/4703/muerdago/0/?q=mu%C3%A9rdago,https://media.spreadthesign.com/video/mp4/10/39699.mp4,muérdago,ciencia
/fr.fr/word/4777/metabolismo/0/?q=metabolismo,https://media.spreadthesign.com/video/mp4/10/40159.mp4,metabolismo,ciencia
/fr.fr/word/4774/ciencias-ambientales/0/?q=ciencias+ambientales,https://media.spreadthesign.com/video/mp4/10/41513.mp4,ciencias ambientales,ciencia
/fr.fr/word/4771/podar/0/?q=podar,https://media.spreadthesign.com/video/mp4/10/40124.mp4,podar,ciencia
/fr.fr/word/4778/ecosistema/0/?q=ecosistema,https://media.spreadthesign.com/video/mp4/10/40166.mp4,ecosistema,ciencia
/fr.fr/word/4775/biosfera/0/?q=biosfera,https://media.spreadthesign.com/video/mp4/10/40149.mp4,biosfera,ciencia
/fr.fr/word/4773/ecologia/0/?q=ecolog%C3%ADa,https://media.spreadthesign.com/video/mp4/10/40136.mp4,ecología,ciencia
/fr.fr/word/4740/cebada/0/?q=cebada,https://media.spreadthesign.com/video/mp4/10/39935.mp4,cebada,ciencia
/fr.fr/word/4748/manzano/0/?q=manzano,https://media.spreadthesign.com/video/mp4/10/39988.mp4,manzano,ciencia
/fr.fr/word/4749/avena/0/?q=avena,https://media.spreadthesign.com/video/mp4/10/39991.mp4,avena,ciencia
/fr.fr/word/4710/plantacion/0/?q=plantaci%C3%B3n,https://media.spreadthesign.com/video/mp4/10/39745.mp4,plantación,ciencia
/fr.fr/word/4714/corteza-del-arbol/0/?q=corteza+del+%C3%A1rbol,https://media.spreadthesign.com/video/mp4/10/39772.mp4,corteza del árbol,ciencia
/fr.fr/word/4718/arenoso/0/?q=arenoso,https://media.spreadthesign.com/video/mp4/10/39795.mp4,arenoso,ciencia
/fr.fr/word/4715/ganado/0/?q=ganado,https://media.spreadthesign.com/video/mp4/10/39773.mp4,ganado,ciencia
/fr.fr/word/4719/arcilloso/0/?q=arcilloso,https://media.spreadthesign.com/video/mp4/10/39803.mp4,arcilloso,ciencia
/fr.fr/word/4716/empacadora/0/?q=empacadora,https://media.spreadthesign.com/video/mp4/10/39785.mp4,empacadora,ciencia
/fr.fr/word/4713/aspersor/0/?q=aspersor,https://media.spreadthesign.com/video/mp4/10/39762.mp4,aspersor,ciencia
/fr.fr/word/4780/poblacion/0/?q=poblaci%C3%B3n,https://media.spreadthesign.com/video/mp4/10/40179.mp4,población,ciencia
/fr.fr/word/4787/hoz/0/?q=hoz,https://media.spreadthesign.com/video/mp4/10/40217.mp4,hoz,ciencia
/fr.fr/word/4784/naranjo/0/?q=naranjo,https://media.spreadthesign.com/video/mp4/10/40204.mp4,naranjo,ciencia
/fr.fr/word/4781/ozono/0/?q=ozono,https://media.spreadthesign.com/video/mp4/10/41508.mp4,ozono,ciencia
/fr.fr/word/4788/depresion/0/?q=depresi%C3%B3n,https://media.spreadthesign.com/video/mp4/10/41579.mp4,depresión,ciencia
/fr.fr/word/4785/campo/0/?q=campo,https://media.spreadthesign.com/video/mp4/10/40205.mp4,campo,ciencia
/fr.fr/word/4782/ph-del-suelo/0/?q=pH+del+suelo,https://media.spreadthesign.com/video/mp4/10/40192.mp4,pH del suelo,ciencia
/fr.fr/word/4789/extincion/0/?q=extinci%C3%B3n,https://media.spreadthesign.com/video/mp4/10/40228.mp4,extinción,ciencia
/fr.fr/word/4786/sequia/0/?q=sequ%C3%ADa,https://media.spreadthesign.com/video/mp4/10/40216.mp4,sequía,ciencia
/fr.fr/word/4783/talar/0/?q=talar,https://media.spreadthesign.com/video/mp4/10/40193.mp4,talar,ciencia
/fr.fr/word/4750/colza/0/?q=colza,https://media.spreadthesign.com/video/mp4/10/39998.mp4,colza,ciencia
/fr.fr/word/4757/escarificador/0/?q=escarificador,https://media.spreadthesign.com/video/mp4/10/40039.mp4,escarificador,ciencia
/fr.fr/word/4754/injertar/0/?q=injertar,https://media.spreadthesign.com/video/mp4/10/40025.mp4,injertar,ciencia
/fr.fr/word/4755/sauce/0/?q=sauce,https://media.spreadthesign.com/video/mp4/10/40026.mp4,sauce,ciencia
/fr.fr/word/4752/bellota/0/?q=bellota,https://media.spreadthesign.com/video/mp4/10/40012.mp4,bellota,ciencia
/fr.fr/word/4759/apicultura/0/?q=apicultura,https://media.spreadthesign.com/video/mp4/10/40055.mp4,apicultura,ciencia
/fr.fr/word/4753/pina/0/?q=pi%C3%B1a,https://media.spreadthesign.com/video/mp4/10/40015.mp4,piña,ciencia
/fr.fr/word/4725/tronco/0/?q=tronco,https://media.spreadthesign.com/video/mp4/10/39837.mp4,tronco,ciencia
/fr.fr/word/4722/carretilla/0/?q=carretilla,https://media.spreadthesign.com/video/mp4/10/39821.mp4,carretilla,ciencia
/fr.fr/word/4727/paja/0/?q=paja,https://media.spreadthesign.com/video/mp4/10/39850.mp4,paja,ciencia
/fr.fr/word/4724/cuadra/0/?q=cuadra,https://media.spreadthesign.com/video/mp4/10/39836.mp4,cuadra,ciencia
/fr.fr/word/4721/establo/0/?q=establo,https://media.spreadthesign.com/video/mp4/10/39812.mp4,establo,ciencia
/fr.fr/word/4726/rocoso/0/?q=rocoso,https://media.spreadthesign.com/video/mp4/10/39846.mp4,rocoso,ciencia
/fr.fr/word/4723/silo/0/?q=silo,https://media.spreadthesign.com/video/mp4/10/39827.mp4,silo,ciencia
/fr.fr/word/4790/plaga/0/?q=plaga,https://media.spreadthesign.com/video/mp4/10/40239.mp4,plaga,ciencia
/fr.fr/word/4797/raiz/0/?q=ra%C3%ADz,https://media.spreadthesign.com/video/mp4/10/40277.mp4,raíz,ciencia
/fr.fr/word/4794/arbol-de-hoja-caduca/0/?q=%C3%A1rbol+de+hoja+caduca,https://media.spreadthesign.com/video/mp4/10/40261.mp4,árbol de hoja caduca,ciencia
/fr.fr/word/4798/roca/0/?q=roca,https://media.spreadthesign.com/video/mp4/10/40287.mp4,roca,ciencia
/fr.fr/word/4795/arbol-de-hoja-perenne/0/?q=%C3%A1rbol+de+hoja+perenne,https://media.spreadthesign.com/video/mp4/10/40266.mp4,árbol de hoja perenne,ciencia
/fr.fr/word/4792/coger/0/?q=coger,https://media.spreadthesign.com/video/mp4/10/40251.mp4,coger,ciencia
/fr.fr/word/4799/cadena-alimentaria/0/?q=cadena+alimentaria,https://media.spreadthesign.com/video/mp4/10/40291.mp4,cadena alimentaria,ciencia
/fr.fr/word/4796/musgo/0/?q=musgo,https://media.spreadthesign.com/video/mp4/10/40276.mp4,musgo,ciencia
/fr.fr/word/4793/pala/0/?q=pala,https://media.spreadthesign.com/video/mp4/10/40256.mp4,pala,ciencia
/fr.fr/word/4767/drenaje/0/?q=drenaje,https://media.spreadthesign.com/video/mp4/10/40102.mp4,drenaje,ciencia
/fr.fr/word/4761/replantar/0/?q=replantar,https://media.spreadthesign.com/video/mp4/10/40065.mp4,replantar,ciencia
/fr.fr/word/4768/bosque-de-coniferas/0/?q=bosque+de+con%C3%ADferas,https://media.spreadthesign.com/video/mp4/10/40107.mp4,bosque de coníferas,ciencia
/fr.fr/word/4765/rotacion-de-cultivo/0/?q=rotaci%C3%B3n+de+cultivo,https://media.spreadthesign.com/video/mp4/10/40089.mp4,rotación de cultivo,ciencia
/fr.fr/word/4762/pasto-seco/0/?q=pasto+seco,https://media.spreadthesign.com/video/mp4/10/40073.mp4,pasto seco,ciencia
/fr.fr/word/4769/caducifolio/0/?q=caducifolio,https://media.spreadthesign.com/video/mp4/10/40114.mp4,caducifolio,ciencia
/fr.fr/word/4766/ensilaje/0/?q=ensilaje,https://media.spreadthesign.com/video/mp4/10/40097.mp4,ensilaje,ciencia
/fr.fr/word/4763/herbicida/0/?q=herbicida,https://media.spreadthesign.com/video/mp4/10/40077.mp4,herbicida,ciencia
/fr.fr/word/4735/estercolero/0/?q=estercolero,https://media.spreadthesign.com/video/mp4/10/39900.mp4,estercolero,ciencia
/fr.fr/word/4732/turba/0/?q=turba,https://media.spreadthesign.com/video/mp4/10/39885.mp4,turba,ciencia
/fr.fr/word/4737/recoleccion/0/?q=recolecci%C3%B3n,https://media.spreadthesign.com/video/mp4/10/39911.mp4,recolección,ciencia
/fr.fr/word/4734/ordenadora/0/?q=orde%C3%B1adora,https://media.spreadthesign.com/video/mp4/10/39895.mp4,ordeñadora,ciencia
/fr.fr/word/4736/agricultor/0/?q=agricultor,https://media.spreadthesign.com/video/mp4/10/39906.mp4,agricultor,ciencia
/fr.fr/word/4733/cambiar-de-maceta/0/?q=cambiar+de+maceta,https://media.spreadthesign.com/video/mp4/10/39886.mp4,cambiar de maceta,ciencia
/fr.fr/word/4114/numero-ordinal/0/?q=n%C3%BAmero+ordinal,https://media.spreadthesign.com/video/mp4/10/36082.mp4,número ordinal,ciencia
/fr.fr/word/4115/numero-cardinal/0/?q=n%C3%BAmero+cardinal,https://media.spreadthesign.com/video/mp4/10/173820.mp4,número cardinal,ciencia
/fr.fr/word/4113/numeral/0/?q=numeral,https://media.spreadthesign.com/video/mp4/10/36081.mp4,numeral,ciencia
/fr.fr/word/4807/taiga/0/?q=taiga,https://media.spreadthesign.com/video/mp4/10/40338.mp4,taiga,ciencia
/fr.fr/word/4804/depredador/0/?q=depredador,https://media.spreadthesign.com/video/mp4/10/40322.mp4,depredador,ciencia
/fr.fr/word/4801/parasito/0/?q=par%C3%A1sito,https://media.spreadthesign.com/video/mp4/10/40304.mp4,parásito,ciencia
/fr.fr/word/4808/desierto/0/?q=desierto,https://media.spreadthesign.com/video/mp4/10/40343.mp4,desierto,ciencia
/fr.fr/word/4805/simbiosis/0/?q=simbiosis,https://media.spreadthesign.com/video/mp4/10/40327.mp4,simbiosis,ciencia
/fr.fr/word/4802/tierra-de-pastoreo/0/?q=tierra+de+pastoreo,https://media.spreadthesign.com/video/mp4/10/40309.mp4,tierra de pastoreo,ciencia
/fr.fr/word/4809/sabana/0/?q=sabana,https://media.spreadthesign.com/video/mp4/10/40350.mp4,sabana,ciencia
/fr.fr/word/4806/tundra/0/?q=tundra,https://media.spreadthesign.com/video/mp4/10/40332.mp4,tundra,ciencia
/fr.fr/word/4803/fotosintesis/0/?q=fotos%C3%ADntesis,https://media.spreadthesign.com/video/mp4/10/40315.mp4,fotosíntesis,ciencia
/fr.fr/word/4877/sembradora/0/?q=sembradora,https://media.spreadthesign.com/video/mp4/10/40746.mp4,sembradora,ciencia
/fr.fr/word/4878/almacenamiento-de-cultivo/0/?q=almacenamiento+de+cultivo,https://media.spreadthesign.com/video/mp4/10/40754.mp4,almacenamiento de cultivo,ciencia
/fr.fr/word/4875/manada/0/?q=manada,https://media.spreadthesign.com/video/mp4/10/40734.mp4,manada,ciencia
/fr.fr/word/4872/poda/0/?q=poda,https://media.spreadthesign.com/video/mp4/10/40721.mp4,poda,ciencia
/fr.fr/word/4879/vegetacion/0/?q=vegetaci%C3%B3n,https://media.spreadthesign.com/video/mp4/10/40757.mp4,vegetación,ciencia
/fr.fr/word/4876/pienso/0/?q=pienso,https://media.spreadthesign.com/video/mp4/10/40745.mp4,pienso,ciencia
/fr.fr/word/4873/corral/0/?q=corral,https://media.spreadthesign.com/video/mp4/10/40722.mp4,corral,ciencia
/fr.fr/word/4847/bosque-de-arboles-caducifolios/0/?q=bosque+de+%C3%A1rboles+caducifolios,https://media.spreadthesign.com/video/mp4/10/40572.mp4,bosque de árboles caducifolios,ciencia
/fr.fr/word/4844/helecho/0/?q=helecho,https://media.spreadthesign.com/video/mp4/10/40557.mp4,helecho,ciencia
/fr.fr/word/4848/zorro/0/?q=zorro,https://media.spreadthesign.com/video/mp4/10/40579.mp4,zorro,ciencia
/fr.fr/word/4845/garrapata/0/?q=garrapata,https://media.spreadthesign.com/video/mp4/10/40558.mp4,garrapata,ciencia
/fr.fr/word/4842/bosque-denso/0/?q=bosque+denso,https://media.spreadthesign.com/video/mp4/10/40542.mp4,bosque denso,ciencia
/fr.fr/word/4846/vivero-forestal/0/?q=vivero+forestal,https://media.spreadthesign.com/video/mp4/10/40567.mp4,vivero forestal,ciencia
/fr.fr/word/4843/arce/0/?q=arce,https://media.spreadthesign.com/video/mp4/10/40547.mp4,arce,ciencia
/fr.fr/word/4810/calentamiento-global/0/?q=calentamiento+global,https://media.spreadthesign.com/video/mp4/10/40355.mp4,calentamiento global,ciencia
/fr.fr/word/4817/permeabilidad-del-suelo/0/?q=permeabilidad+del+suelo,https://media.spreadthesign.com/video/mp4/10/40395.mp4,permeabilidad del suelo,ciencia
/fr.fr/word/4814/biodiversidad/0/?q=biodiversidad,https://media.spreadthesign.com/video/mp4/10/40381.mp4,biodiversidad,ciencia
/fr.fr/word/4811/agujero-en-la-capa-de-ozono/0/?q=agujero+en+la+capa+de+ozono,https://media.spreadthesign.com/video/mp4/10/41514.mp4,agujero en la capa de ozono,ciencia
/fr.fr/word/4818/turba/0/?q=turba,https://media.spreadthesign.com/video/mp4/10/40404.mp4,turba,ciencia
/fr.fr/word/4819/erosion/0/?q=erosi%C3%B3n,https://media.spreadthesign.com/video/mp4/10/40408.mp4,erosión,ciencia
/fr.fr/word/4816/efecto-invernadero/0/?q=efecto+invernadero,https://media.spreadthesign.com/video/mp4/10/40394.mp4,efecto invernadero,ciencia
/fr.fr/word/4813/desastre-medioambiental/0/?q=desastre+medioambiental,https://media.spreadthesign.com/video/mp4/10/40369.mp4,desastre medioambiental,ciencia
/fr.fr/word/4880/mantillo/0/?q=mantillo,https://media.spreadthesign.com/video/mp4/10/40768.mp4,mantillo,ciencia
/fr.fr/word/4887/fertilizante-organico/0/?q=fertilizante+org%C3%A1nico,https://media.spreadthesign.com/video/mp4/10/40804.mp4,fertilizante orgánico,ciencia
/fr.fr/word/4884/bandada/0/?q=bandada,https://media.spreadthesign.com/video/mp4/10/40791.mp4,bandada,ciencia
/fr.fr/word/4881/insecto/0/?q=insecto,https://media.spreadthesign.com/video/mp4/10/40769.mp4,insecto,ciencia
/fr.fr/word/4885/cosechadora/0/?q=cosechadora,https://media.spreadthesign.com/video/mp4/10/40792.mp4,cosechadora,ciencia
/fr.fr/word/4882/pesticida/0/?q=pesticida,https://media.spreadthesign.com/video/mp4/10/40779.mp4,pesticida,ciencia
/fr.fr/word/4889/invernadero/0/?q=invernadero,https://media.spreadthesign.com/video/mp4/10/40816.mp4,invernadero,ciencia
/fr.fr/word/4886/fertilizante-mineral/0/?q=fertilizante+mineral,https://media.spreadthesign.com/video/mp4/10/40803.mp4,fertilizante mineral,ciencia
/fr.fr/word/4883/estiercol/0/?q=esti%C3%A9rcol,https://media.spreadthesign.com/video/mp4/10/40780.mp4,estiércol,ciencia
/fr.fr/word/4850/inundacion/0/?q=inundaci%C3%B3n,https://media.spreadthesign.com/video/mp4/10/40590.mp4,inundación,ciencia
/fr.fr/word/4854/cultivadora/0/?q=cultivadora,https://media.spreadthesign.com/video/mp4/10/40614.mp4,cultivadora,ciencia
/fr.fr/word/4851/diluvio/0/?q=diluvio,https://media.spreadthesign.com/video/mp4/10/40595.mp4,diluvio,ciencia
/fr.fr/word/4858/cria-de-animales/0/?q=cr%C3%ADa+de+animales,https://media.spreadthesign.com/video/mp4/10/41515.mp4,cría de animales,ciencia
/fr.fr/word/4855/agricultura-biologica/0/?q=agricultura+biol%C3%B3gica,https://media.spreadthesign.com/video/mp4/10/40618.mp4,agricultura biológica,ciencia
/fr.fr/word/4852/liebre/0/?q=liebre,https://media.spreadthesign.com/video/mp4/10/40604.mp4,liebre,ciencia
/fr.fr/word/4859/cosecha/0/?q=cosecha,https://media.spreadthesign.com/video/mp4/10/40642.mp4,cosecha,ciencia
/fr.fr/word/4856/ganado/0/?q=ganado,https://media.spreadthesign.com/video/mp4/10/40624.mp4,ganado,ciencia
/fr.fr/word/4853/vibora/0/?q=v%C3%ADbora,https://media.spreadthesign.com/video/mp4/10/40605.mp4,víbora,ciencia
/fr.fr/word/4820/energia-geotermica/0/?q=energ%C3%ADa+geot%C3%A9rmica,https://media.spreadthesign.com/video/mp4/10/40414.mp4,energía geotérmica,ciencia
/fr.fr/word/4827/azadilla/0/?q=azadilla,https://media.spreadthesign.com/video/mp4/10/40455.mp4,azadilla,ciencia
/fr.fr/word/4824/compostaje/0/?q=compostaje,https://media.spreadthesign.com/video/mp4/10/40435.mp4,compostaje,ciencia
/fr.fr/word/4821/biomasa/0/?q=biomasa,https://media.spreadthesign.com/video/mp4/10/40419.mp4,biomasa,ciencia
/fr.fr/word/4828/manguera-de-jardin/0/?q=manguera+de+jard%C3%ADn,https://media.spreadthesign.com/video/mp4/10/41506.mp4,manguera de jardín,ciencia
/fr.fr/word/4825/relieve-de-paisaje/0/?q=relieve+de+paisaje,https://media.spreadthesign.com/video/mp4/10/40443.mp4,relieve de paisaje,ciencia
/fr.fr/word/4822/fuente-de-energia-renovable/0/?q=fuente+de+energ%C3%ADa+renovable,https://media.spreadthesign.com/video/mp4/10/40425.mp4,fuente de energía renovable,ciencia
/fr.fr/word/4829/plantador/0/?q=plantador,https://media.spreadthesign.com/video/mp4/10/40465.mp4,plantador,ciencia
/fr.fr/word/4826/reserva-natural/0/?q=reserva+natural,https://media.spreadthesign.com/video/mp4/10/40448.mp4,reserva natural,ciencia
/fr.fr/word/4823/reciclaje/0/?q=reciclaje,https://media.spreadthesign.com/video/mp4/10/40431.mp4,reciclaje,ciencia
/fr.fr/word/4890/terraza-ajardinada/0/?q=terraza+ajardinada,https://media.spreadthesign.com/video/mp4/10/188397.mp4,terraza ajardinada,ciencia
/fr.fr/word/4897/tornado/0/?q=tornado,https://media.spreadthesign.com/video/mp4/10/40864.mp4,tornado,ciencia
/fr.fr/word/4894/migracion/0/?q=migraci%C3%B3n,https://media.spreadthesign.com/video/mp4/10/40847.mp4,migración,ciencia
/fr.fr/word/4891/riego/0/?q=riego,https://media.spreadthesign.com/video/mp4/10/40830.mp4,riego,ciencia
/fr.fr/word/4895/mosca/0/?q=mosca,https://media.spreadthesign.com/video/mp4/10/40854.mp4,mosca,ciencia
/fr.fr/word/4892/arana/0/?q=ara%C3%B1a,https://media.spreadthesign.com/video/mp4/10/40835.mp4,araña,ciencia
/fr.fr/word/4899/aguacero/0/?q=aguacero,https://media.spreadthesign.com/video/mp4/10/40875.mp4,aguacero,ciencia
/fr.fr/word/4893/humedo/0/?q=h%C3%BAmedo,https://media.spreadthesign.com/video/mp4/10/40842.mp4,húmedo,ciencia
/fr.fr/word/4860/fumigacion-aere/0/?q=fumigaci%C3%B3n+a%C3%A9re,https://media.spreadthesign.com/video/mp4/10/40647.mp4,fumigación aére,ciencia
/fr.fr/word/4867/clima/0/?q=clima,https://media.spreadthesign.com/video/mp4/10/40691.mp4,clima,ciencia
/fr.fr/word/4864/sacrificio/0/?q=sacrificio,https://media.spreadthesign.com/video/mp4/10/41505.mp4,sacrificio,ciencia
/fr.fr/word/4861/pastar/0/?q=pastar,https://media.spreadthesign.com/video/mp4/10/40654.mp4,pastar,ciencia
/fr.fr/word/4865/seto/0/?q=seto,https://media.spreadthesign.com/video/mp4/10/40677.mp4,seto,ciencia
/fr.fr/word/4862/semillero/0/?q=semillero,https://media.spreadthesign.com/video/mp4/10/40659.mp4,semillero,ciencia
/fr.fr/word/4869/conservacion/0/?q=conservaci%C3%B3n,https://media.spreadthesign.com/video/mp4/10/40701.mp4,conservación,ciencia
/fr.fr/word/4863/nutriente/0/?q=nutriente,https://media.spreadthesign.com/video/mp4/10/40665.mp4,nutriente,ciencia
/fr.fr/word/4830/surco/0/?q=surco,https://media.spreadthesign.com/video/mp4/10/40470.mp4,surco,ciencia
/fr.fr/word/4837/pino/0/?q=pino,https://media.spreadthesign.com/video/mp4/10/40512.mp4,pino,ciencia
/fr.fr/word/4834/tierra-de-pasto/0/?q=tierra+de+pasto,https://media.spreadthesign.com/video/mp4/10/40494.mp4,tierra de pasto,ciencia
/fr.fr/word/4831/fertilizar/0/?q=fertilizar,https://media.spreadthesign.com/video/mp4/10/40476.mp4,fertilizar,ciencia
/fr.fr/word/4835/forraje/0/?q=forraje,https://media.spreadthesign.com/video/mp4/10/40501.mp4,forraje,ciencia
/fr.fr/word/4832/tratamiento-quimico-de-cultivos/0/?q=tratamiento+qu%C3%ADmico+de+cultivos,https://media.spreadthesign.com/video/mp4/10/40481.mp4,tratamiento químico de cultivos,ciencia
/fr.fr/word/4839/pajaro-carpintero/0/?q=p%C3%A1jaro+carpintero,https://media.spreadthesign.com/video/mp4/10/40522.mp4,pájaro carpintero,ciencia
/fr.fr/word/4833/prado/0/?q=prado,https://media.spreadthesign.com/video/mp4/10/40489.mp4,prado,ciencia
/fr.fr/word/4582/satelite/0/?q=sat%C3%A9lite,https://media.spreadthesign.com/video/mp4/10/39029.mp4,satélite,ciencia
/fr.fr/word/459/numero/0/?q=n%C3%BAmero,https://media.spreadthesign.com/video/mp4/10/4521.mp4,número,ciencia
/fr.fr/word/4900/copa-de-arbol/0/?q=copa+de+%C3%A1rbol,https://media.spreadthesign.com/video/mp4/10/41507.mp4,copa de árbol,ciencia
/fr.fr/word/4907/cria-de-conejos/0/?q=cr%C3%ADa+de+conejos,https://media.spreadthesign.com/video/mp4/10/40918.mp4,cría de conejos,ciencia
/fr.fr/word/4904/clavel/0/?q=clavel,https://media.spreadthesign.com/video/mp4/10/40902.mp4,clavel,ciencia
/fr.fr/word/4901/tijera-de-podar/0/?q=tijera+de+podar,https://media.spreadthesign.com/video/mp4/10/40885.mp4,tijera de podar,ciencia
/fr.fr/word/4908/criar-ganado/0/?q=criar+ganado,https://media.spreadthesign.com/video/mp4/10/40925.mp4,criar ganado,ciencia
/fr.fr/word/4905/valle/0/?q=valle,https://media.spreadthesign.com/video/mp4/10/40909.mp4,valle,ciencia
/fr.fr/word/4902/reforestacion/0/?q=reforestaci%C3%B3n,https://media.spreadthesign.com/video/mp4/10/40893.mp4,reforestación,ciencia
/fr.fr/word/4906/silvicultura/0/?q=silvicultura,https://media.spreadthesign.com/video/mp4/10/40910.mp4,silvicultura,ciencia
/fr.fr/word/4903/vivero/0/?q=vivero,https://media.spreadthesign.com/video/mp4/10/40894.mp4,vivero,ciencia
/fr.fr/word/4950/cobertizo/0/?q=cobertizo,https://media.spreadthesign.com/video/mp4/10/41145.mp4,cobertizo,ciencia
/fr.fr/word/4955/arado/0/?q=arado,https://media.spreadthesign.com/video/mp4/10/41170.mp4,arado,ciencia
/fr.fr/word/4952/parterre-de-flores/0/?q=parterre+de+flores,https://media.spreadthesign.com/video/mp4/10/41156.mp4,parterre de flores,ciencia
/fr.fr/word/4957/matorral/0/?q=matorral,https://media.spreadthesign.com/video/mp4/10/41186.mp4,matorral,ciencia
/fr.fr/word/4954/azadonar/0/?q=azadonar,https://media.spreadthesign.com/video/mp4/10/41169.mp4,azadonar,ciencia
/fr.fr/word/4951/cria-de-ovejas/0/?q=cria+de+ovejas,https://media.spreadthesign.com/video/mp4/10/41152.mp4,cria de ovejas,ciencia
/fr.fr/word/4956/arar/0/?q=arar,https://media.spreadthesign.com/video/mp4/10/41179.mp4,arar,ciencia
/fr.fr/word/4920/planta-de-exterior/0/?q=planta+de+exterior,https://media.spreadthesign.com/video/mp4/10/41511.mp4,planta de exterior,ciencia
/fr.fr/word/4927/perdiz/0/?q=perdiz,https://media.spreadthesign.com/video/mp4/10/41023.mp4,perdiz,ciencia
/fr.fr/word/4924/microorganismo/0/?q=microorganismo,https://media.spreadthesign.com/video/mp4/10/41008.mp4,microorganismo,ciencia
/fr.fr/word/4928/especies-en-vias-de-extincion/0/?q=especies+en+vias+de+extinci%C3%B3n,https://media.spreadthesign.com/video/mp4/10/41027.mp4,especies en vias de extinción,ciencia
/fr.fr/word/4925/ciclo-del-agua/0/?q=ciclo+del+agua,https://media.spreadthesign.com/video/mp4/10/41509.mp4,ciclo del agua,ciencia
/fr.fr/word/4922/precipitacion/0/?q=precipitaci%C3%B3n,https://media.spreadthesign.com/video/mp4/10/40998.mp4,precipitación,ciencia
/fr.fr/word/4929/fauna-y-flora/0/?q=fauna+y+flora,https://media.spreadthesign.com/video/mp4/10/41032.mp4,fauna y flora,ciencia
/fr.fr/word/4926/orquidea/0/?q=orqu%C3%ADdea,https://media.spreadthesign.com/video/mp4/10/41016.mp4,orquídea,ciencia
/fr.fr/word/4923/descomposicion/0/?q=descomposici%C3%B3n,https://media.spreadthesign.com/video/mp4/10/40999.mp4,descomposición,ciencia
/fr.fr/word/4940/marisma/0/?q=marisma,https://media.spreadthesign.com/video/mp4/10/41093.mp4,marisma,ciencia
/fr.fr/word/4948/peon-agricola/0/?q=pe%C3%B3n+agr%C3%ADcola,https://media.spreadthesign.com/video/mp4/10/41135.mp4,peón agrícola,ciencia
/fr.fr/word/4945/vivero/0/?q=vivero,https://media.spreadthesign.com/video/mp4/10/41122.mp4,vivero,ciencia
/fr.fr/word/4947/gallo/0/?q=gallo,https://media.spreadthesign.com/video/mp4/10/41132.mp4,gallo,ciencia
/fr.fr/word/4941/jabali/0/?q=jabal%C3%AD,https://media.spreadthesign.com/video/mp4/10/41099.mp4,jabalí,ciencia
/fr.fr/word/4949/mercado-agricola/0/?q=mercado+agr%C3%ADcola,https://media.spreadthesign.com/video/mp4/10/41142.mp4,mercado agrícola,ciencia
/fr.fr/word/4943/seta-venenosa/0/?q=seta+venenosa,https://media.spreadthesign.com/video/mp4/10/41107.mp4,seta venenosa,ciencia
/fr.fr/word/4910/organismo/0/?q=organismo,https://media.spreadthesign.com/video/mp4/10/40933.mp4,organismo,ciencia
/fr.fr/word/4915/habitat/0/?q=h%C3%A1bitat,https://media.spreadthesign.com/video/mp4/10/40958.mp4,hábitat,ciencia
/fr.fr/word/4912/horticultura/0/?q=horticultura,https://media.spreadthesign.com/video/mp4/10/40942.mp4,horticultura,ciencia
/fr.fr/word/4917/especie/0/?q=especie,https://media.spreadthesign.com/video/mp4/10/40970.mp4,especie,ciencia
/fr.fr/word/4914/selva-tropical/0/?q=selva+tropical,https://media.spreadthesign.com/video/mp4/10/40955.mp4,selva tropical,ciencia
/fr.fr/word/4919/planta-de-interior/0/?q=planta+de+interior,https://media.spreadthesign.com/video/mp4/10/41512.mp4,planta de interior,ciencia
/fr.fr/word/4913/trilladora/0/?q=trilladora,https://media.spreadthesign.com/video/mp4/10/40948.mp4,trilladora,ciencia
/fr.fr/word/4930/escoba-metalica/0/?q=escoba+met%C3%A1lica,https://media.spreadthesign.com/video/mp4/10/41041.mp4,escoba metálica,ciencia
/fr.fr/word/4937/arco-iris/0/?q=arco+iris,https://media.spreadthesign.com/video/mp4/10/41080.mp4,arco iris,ciencia
/fr.fr/word/4934/tallo-de-planta/0/?q=tallo+de+planta,https://media.spreadthesign.com/video/mp4/10/41063.mp4,tallo de planta,ciencia
/fr.fr/word/4938/granero/0/?q=granero,https://media.spreadthesign.com/video/mp4/10/41081.mp4,granero,ciencia
/fr.fr/word/4935/cria-de-gallinas/0/?q=cr%C3%ADa+de+gallinas,https://media.spreadthesign.com/video/mp4/10/41064.mp4,cría de gallinas,ciencia
/fr.fr/word/4932/hamaca/0/?q=hamaca,https://media.spreadthesign.com/video/mp4/10/41052.mp4,hamaca,ciencia
/fr.fr/word/4939/girasol/0/?q=girasol,https://media.spreadthesign.com/video/mp4/10/41089.mp4,girasol,ciencia
/fr.fr/word/4936/pocilga/0/?q=pocilga,https://media.spreadthesign.com/video/mp4/10/41073.mp4,pocilga,ciencia
/fr.fr/word/4670/granja/0/?q=granja,https://media.spreadthesign.com/video/mp4/10/39504.mp4,granja,ciencia
/fr.fr/word/4674/arbusto/0/?q=arbusto,https://media.spreadthesign.com/video/mp4/10/39529.mp4,arbusto,ciencia
/fr.fr/word/4671/arbol/0/?q=%C3%A1rbol,https://media.spreadthesign.com/video/mp4/10/39507.mp4,árbol,ciencia
/fr.fr/word/4678/resina/0/?q=resina,https://media.spreadthesign.com/video/mp4/10/39552.mp4,resina,ciencia
/fr.fr/word/4675/invernadero/0/?q=invernadero,https://media.spreadthesign.com/video/mp4/10/39533.mp4,invernadero,ciencia
/fr.fr/word/4672/jardinero/0/?q=jardinero,https://media.spreadthesign.com/video/mp4/10/39516.mp4,jardinero,ciencia
/fr.fr/word/4679/seto-vivo/0/?q=seto+vivo,https://media.spreadthesign.com/video/mp4/10/39553.mp4,seto vivo,ciencia
/fr.fr/word/4676/foso/0/?q=foso,https://media.spreadthesign.com/video/mp4/10/39538.mp4,foso,ciencia
/fr.fr/word/4673/arbustos/0/?q=arbustos,https://media.spreadthesign.com/video/mp4/10/41510.mp4,arbustos,ciencia
/fr.fr/word/4649/tabla/0/?q=tabla,https://media.spreadthesign.com/video/mp4/10/39383.mp4,tabla,ciencia
/fr.fr/word/4680/cortasetos/0/?q=cortasetos,https://media.spreadthesign.com/video/mp4/10/39564.mp4,cortasetos,ciencia
/fr.fr/word/444/autobus/0/?q=autob%C3%BAs,https://media.spreadthesign.com/video/mp4/10/4361.mp4,autobús,tecnologia
/fr.fr/word/44/conexiones/0/?q=conexiones,https://media.spreadthesign.com/video/mp4/10/435.mp4,conexiones,tecnologia
/fr.fr/word/4490/tecnologia/0/?q=tecnolog%C3%ADa,https://media.spreadthesign.com/video/mp4/10/38518.mp4,tecnología,tecnologia
/fr.fr/word/41/lija/0/?q=lija,https://media.spreadthesign.com/video/mp4/10/405.mp4,lija,tecnologia
/fr.fr/word/4820/energia-geotermica/0/?q=energ%C3%ADa+geot%C3%A9rmica,https://media.spreadthesign.com/video/mp4/10/40414.mp4,energía geotérmica,tecnologia
/fr.fr/word/48/taladradora/0/?q=taladradora,https://media.spreadthesign.com/video/mp4/10/476.mp4,taladradora,tecnologia
/fr.fr/word/4582/satelite/0/?q=sat%C3%A9lite,https://media.spreadthesign.com/video/mp4/10/39029.mp4,satélite,tecnologia
/fr.fr/word/4563/cargador-de-bateria/0/?q=cargador+de+bater%C3%ADa,https://media.spreadthesign.com/video/mp4/10/38914.mp4,cargador de batería,tecnologia
/fr.fr/word/4284/interseccion/0/?q=intersecci%C3%B3n,https://media.spreadthesign.com/video/mp4/10/37240.mp4,intersección,tecnologia
/fr.fr/word/42/escuadra/0/?q=escuadra,https://media.spreadthesign.com/video/mp4/10/417.mp4,escuadra,tecnologia
/fr.fr/word/4/tuerca/0/?q=tuerca,https://media.spreadthesign.com/video/mp4/10/31.mp4,tuerca,tecnologia
/fr.fr/word/4931/energia-no-renovable/0/?q=energ%C3%ADa+no+renovable,https://media.spreadthesign.com/video/mp4/10/41042.mp4,energía no renovable,tecnologia
/fr.fr/word/4677/cavar/0/?q=cavar,https://media.spreadthesign.com/video/mp4/10/39543.mp4,cavar,tecnologia
/fr.fr/word/46/aceite-para-madera/0/?q=aceite+para+madera,https://media.spreadthesign.com/video/mp4/10/447.mp4,aceite para madera,tecnologia
/fr.fr/word/4355/polea/0/?q=polea,https://media.spreadthesign.com/video/mp4/10/37723.mp4,polea,tecnologia
/fr.fr/word/43/caja-de-herramientas/0/?q=caja+de+herramientas,https://media.spreadthesign.com/video/mp4/10/418.mp4,caja de herramientas,tecnologia
/fr.fr/word/100/tope-del-taladro/0/?q=tope+del+taladro,https://media.spreadthesign.com/video/mp4/10/986.mp4,tope del taladro,tecnologia
/fr.fr/word/1002/aplastar/0/?q=aplastar,https://media.spreadthesign.com/video/mp4/10/10030.mp4,aplastar,tecnologia
/fr.fr/word/1003/cerilla/0/?q=cerilla,https://media.spreadthesign.com/video/mp4/10/10045.mp4,cerilla,tecnologia
/fr.fr/word/105/lijadora/0/?q=lijadora,https://media.spreadthesign.com/video/mp4/10/1043.mp4,lijadora,tecnologia
/fr.fr/word/108/lona/0/?q=lona,https://media.spreadthesign.com/video/mp4/10/1073.mp4,lona,tecnologia
/fr.fr/word/10925/luces-de-estacionamiento/0/?q=luces+de+estacionamiento,https://media.spreadthesign.com/video/mp4/10/187538.mp4,luces de estacionamiento,tecnologia
/fr.fr/word/10927/normativa-de-aparcamiento/0/?q=normativa+de+aparcamiento,https://media.spreadthesign.com/video/mp4/10/187543.mp4,normativa de aparcamiento,tecnologia
/fr.fr/word/10924/horario-del-parquimetro/0/?q=horario+del+parqu%C3%ADmetro,https://media.spreadthesign.com/video/mp4/10/187537.mp4,horario del parquímetro,tecnologia
/fr.fr/word/10921/aparcamiento-en-una-estacion-de-tren/0/?q=aparcamiento+en+una+estaci%C3%B3n+de+tren,https://media.spreadthesign.com/video/mp4/10/187534.mp4,aparcamiento en una estación de tren,tecnologia
/fr.fr/word/10926/parquimetro/0/?q=parqu%C3%ADmetro,https://media.spreadthesign.com/video/mp4/10/187539.mp4,parquímetro,tecnologia
/fr.fr/word/10975/periscopio/0/?q=periscopio,https://media.spreadthesign.com/video/mp4/10/187665.mp4,periscopio,tecnologia
/fr.fr/word/10944/pavimentar/0/?q=pavimentar,https://media.spreadthesign.com/video/mp4/10/187594.mp4,pavimentar,tecnologia
/fr.fr/word/10940/sendero/0/?q=sendero,https://media.spreadthesign.com/video/mp4/10/158591.mp4,sendero,tecnologia
/fr.fr/word/10910/aparcamiento-en-paralelo/0/?q=aparcamiento+en+paralelo,https://media.spreadthesign.com/video/mp4/10/187507.mp4,aparcamiento en paralelo,tecnologia
/fr.fr/word/10964/pendulo/0/?q=p%C3%A9ndulo,https://media.spreadthesign.com/video/mp4/10/187641.mp4,péndulo,tecnologia
/fr.fr/word/103/soporte-de-la-broca/0/?q=soporte+de+la+broca,https://media.spreadthesign.com/video/mp4/10/1016.mp4,soporte de la broca,tecnologia
/fr.fr/word/17060/corriente-electrica/0/?q=corriente+el%C3%A9ctrica,https://media.spreadthesign.com/video/mp4/10/282697.mp4,corriente eléctrica,tecnologia
/fr.fr/word/177/cable-electrico/0/?q=cable+el%C3%A9ctrico,https://media.spreadthesign.com/video/mp4/10/1745.mp4,cable eléctrico,tecnologia
/fr.fr/word/17452/montociclismo/0/?q=montociclismo,https://media.spreadthesign.com/video/mp4/10/285328.mp4,montociclismo,tecnologia
/fr.fr/word/17468/luz-natural/0/?q=luz+natural,https://media.spreadthesign.com/video/mp4/10/266020.mp4,luz natural,tecnologia
/fr.fr/word/17424/mineria/0/?q=miner%C3%ADa,https://media.spreadthesign.com/video/mp4/10/285293.mp4,minería,tecnologia
/fr.fr/word/1710/trafico/0/?q=tr%C3%A1fico,https://media.spreadthesign.com/video/mp4/10/17000.mp4,tráfico,tecnologia
/fr.fr/word/172/hendidura/0/?q=hendidura,https://media.spreadthesign.com/video/mp4/10/1697.mp4,hendidura,tecnologia
/fr.fr/word/179/conducto-para-cables/0/?q=conducto+para+cables,https://media.spreadthesign.com/video/mp4/10/1757.mp4,conducto para cables,tecnologia
/fr.fr/word/1730/viento/0/?q=viento,https://media.spreadthesign.com/video/mp4/10/17212.mp4,viento,tecnologia
/fr.fr/word/14085/funda-antipolvo/0/?q=funda+antipolvo,https://media.spreadthesign.com/video/mp4/10/282662.mp4,funda antipolvo,tecnologia
/fr.fr/word/14078/hagalo-usted-mismo/0/?q=hagalo+usted+mismo,https://media.spreadthesign.com/video/mp4/10/282406.mp4,hagalo usted mismo,tecnologia
/fr.fr/word/140/abeto-picea/0/?q=abeto+picea,https://media.spreadthesign.com/video/mp4/10/1382.mp4,abeto picea,tecnologia
/fr.fr/word/141/fibra-de-vidrio/0/?q=fibra+de+vidrio,https://media.spreadthesign.com/video/mp4/10/1386.mp4,fibra de vidrio,tecnologia
/fr.fr/word/14800/temperatura-del-aire/0/?q=temperatura+del+aire,https://media.spreadthesign.com/video/mp4/10/281027.mp4,temperatura del aire,tecnologia
/fr.fr/word/14878/pinturas-metalicas/0/?q=pinturas+met%C3%A1licas,https://media.spreadthesign.com/video/mp4/10/265954.mp4,pinturas metálicas,tecnologia
/fr.fr/word/14885/portaplumas/0/?q=portaplumas,https://media.spreadthesign.com/video/mp4/10/285403.mp4,portaplumas,tecnologia
/fr.fr/word/14882/cartulina/0/?q=cartulina,https://media.spreadthesign.com/video/mp4/10/281686.mp4,cartulina,tecnologia
/fr.fr/word/14828/control-de-mandos/0/?q=control+de+mandos,https://media.spreadthesign.com/video/mp4/10/264809.mp4,control de mandos,tecnologia
/fr.fr/word/14826/mineria-subterranea/0/?q=miner%C3%ADa+subterr%C3%A1nea,https://media.spreadthesign.com/video/mp4/10/284914.mp4,minería subterránea,tecnologia
/fr.fr/word/148/profundidad-de-corte/0/?q=profundidad+de+corte,https://media.spreadthesign.com/video/mp4/10/1453.mp4,profundidad de corte,tecnologia
/fr.fr/word/14869/trabajar-la-madera/0/?q=trabajar+la+madera,https://media.spreadthesign.com/video/mp4/10/284019.mp4,trabajar la madera,tecnologia
/fr.fr/word/14837/pegar-con-pegamento/0/?q=pegar+con+pegamento,https://media.spreadthesign.com/video/mp4/10/284153.mp4,pegar con pegamento,tecnologia
/fr.fr/word/1425/moto/0/?q=moto,https://media.spreadthesign.com/video/mp4/10/14123.mp4,moto,tecnologia
/fr.fr/word/149/excavadora/0/?q=excavadora,https://media.spreadthesign.com/video/mp4/10/1471.mp4,excavadora,tecnologia
/fr.fr/word/14310/pale/0/?q=pal%C3%A9,https://media.spreadthesign.com/video/mp4/10/284870.mp4,palé,tecnologia
/fr.fr/word/11005/pico/0/?q=pico,https://media.spreadthesign.com/video/mp4/10/187708.mp4,pico,tecnologia
/fr.fr/word/11052/navaja/0/?q=navaja,https://media.spreadthesign.com/video/mp4/10/187772.mp4,navaja,tecnologia
/fr.fr/word/11029/lugar/0/?q=lugar,https://media.spreadthesign.com/video/mp4/10/266194.mp4,lugar,tecnologia
/fr.fr/word/11065/estaca/0/?q=estaca,https://media.spreadthesign.com/video/mp4/10/187786.mp4,estaca,tecnologia
/fr.fr/word/11038/explosivo-plastico/0/?q=explosivo+pl%C3%A1stico,https://media.spreadthesign.com/video/mp4/10/187752.mp4,explosivo plástico,tecnologia
/fr.fr/word/11708/placa-de-calle/0/?q=placa+de+calle,https://media.spreadthesign.com/video/mp4/10/188833.mp4,placa de calle,tecnologia
/fr.fr/word/11705/barrendero/0/?q=barrendero,https://media.spreadthesign.com/video/mp4/10/188830.mp4,barrendero,tecnologia
/fr.fr/word/11707/calle-sin-salida/0/?q=calle+sin+salida,https://media.spreadthesign.com/video/mp4/10/188832.mp4,calle sin salida,tecnologia
/fr.fr/word/11706/calle-cortada/0/?q=calle+cortada,https://media.spreadthesign.com/video/mp4/10/188831.mp4,calle cortada,tecnologia
/fr.fr/word/11720/submarino/0/?q=submarino,https://media.spreadthesign.com/video/mp4/10/188847.mp4,submarino,tecnologia
/fr.fr/word/117/candado/0/?q=candado,https://media.spreadthesign.com/video/mp4/10/1161.mp4,candado,tecnologia
/fr.fr/word/11481/capitan-de-barco/0/?q=capit%C3%A1n+de+barco,https://media.spreadthesign.com/video/mp4/10/158492.mp4,capitán de barco,tecnologia
/fr.fr/word/11426/rasqueta/0/?q=rasqueta,https://media.spreadthesign.com/video/mp4/10/188558.mp4,rasqueta,tecnologia
/fr.fr/word/11479/cambiar-de-marcha/0/?q=cambiar+de+marcha,https://media.spreadthesign.com/video/mp4/10/158558.mp4,cambiar de marcha,tecnologia
/fr.fr/word/1144/balanza/0/?q=balanza,https://media.spreadthesign.com/video/mp4/10/11414.mp4,balanza,tecnologia
/fr.fr/word/114/encofrado/0/?q=encofrado,https://media.spreadthesign.com/video/mp4/10/1131.mp4,encofrado,tecnologia
/fr.fr/word/11430/tornillo-de-cabeza-plana/0/?q=tornillo+de+cabeza+plana,https://media.spreadthesign.com/video/mp4/10/186146.mp4,tornillo de cabeza plana,tecnologia
/fr.fr/word/11436/destornillador-electrico/0/?q=destornillador+el%C3%A9ctrico,https://media.spreadthesign.com/video/mp4/10/282699.mp4,destornillador eléctrico,tecnologia
/fr.fr/word/11102/generador-de-electricidad/0/?q=generador+de+electricidad,https://media.spreadthesign.com/video/mp4/10/187820.mp4,generador de electricidad,tecnologia
/fr.fr/word/11103/enchufe-multiple/0/?q=enchufe+m%C3%BAltiple,https://media.spreadthesign.com/video/mp4/10/187832.mp4,enchufe múltiple,tecnologia
/fr.fr/word/11188/senal-de-paso-a-nivel/0/?q=se%C3%B1al+de+paso+a+nivel,https://media.spreadthesign.com/video/mp4/10/188105.mp4,señal de paso a nivel,tecnologia
/fr.fr/word/11187/paso-a-nivel/0/?q=paso+a+nivel,https://media.spreadthesign.com/video/mp4/10/188104.mp4,paso a nivel,tecnologia
/fr.fr/word/11174/boton-del-semaforo/0/?q=bot%C3%B3n+del+sem%C3%A1foro,https://media.spreadthesign.com/video/mp4/10/188074.mp4,botón del semáforo,tecnologia
/fr.fr/word/11178/torre-de-tendido-electrico/0/?q=torre+de+tendido+el%C3%A9ctrico,https://media.spreadthesign.com/video/mp4/10/188079.mp4,torre de tendido eléctrico,tecnologia
/fr.fr/word/11176/espatula-de-masilla/0/?q=esp%C3%A1tula+de+masilla,https://media.spreadthesign.com/video/mp4/10/188076.mp4,espátula de masilla,tecnologia
/fr.fr/word/111/sierra-de-punta/0/?q=sierra+de+punta,https://media.spreadthesign.com/video/mp4/10/1103.mp4,sierra de punta,tecnologia
/fr.fr/word/11198/distancia/0/?q=distancia,https://media.spreadthesign.com/video/mp4/10/188117.mp4,distancia,tecnologia
/fr.fr/word/11500/arcen/0/?q=arc%C3%A9n,https://media.spreadthesign.com/video/mp4/10/158292.mp4,arcén,tecnologia
/fr.fr/word/11508/colador/0/?q=colador,https://media.spreadthesign.com/video/mp4/10/188650.mp4,colador,tecnologia
/fr.fr/word/11570/cadenas-para-neumaticos/0/?q=cadenas+para+neum%C3%A1ticos,https://media.spreadthesign.com/video/mp4/10/158552.mp4,cadenas para neumáticos,tecnologia
/fr.fr/word/11578/moto-de-nieve/0/?q=moto+de+nieve,https://media.spreadthesign.com/video/mp4/10/188711.mp4,moto de nieve,tecnologia
/fr.fr/word/11573/pala-para-la-nieve/0/?q=pala+para+la+nieve,https://media.spreadthesign.com/video/mp4/10/188709.mp4,pala para la nieve,tecnologia
/fr.fr/word/11544/frenar-de-repente/0/?q=frenar+de+repente,https://media.spreadthesign.com/video/mp4/10/188694.mp4,frenar de repente,tecnologia
/fr.fr/word/11545/trineo/0/?q=trineo,https://media.spreadthesign.com/video/mp4/10/282050.mp4,trineo,tecnologia
/fr.fr/word/11549/trineo-de-tiro/0/?q=trineo+de+tiro,https://media.spreadthesign.com/video/mp4/10/282054.mp4,trineo de tiro,tecnologia
/fr.fr/word/11588/arcen-de-gravilla/0/?q=arc%C3%A9n+de+gravilla,https://media.spreadthesign.com/video/mp4/10/158293.mp4,arcén de gravilla,tecnologia
/fr.fr/word/11522/sitio/0/?q=sitio,https://media.spreadthesign.com/video/mp4/10/188667.mp4,sitio,tecnologia
/fr.fr/word/11591/soldadora/0/?q=soldadora,https://media.spreadthesign.com/video/mp4/10/188725.mp4,soldadora,tecnologia
/fr.fr/word/11569/maquina-quitanieve/0/?q=m%C3%A1quina+quitanieve,https://media.spreadthesign.com/video/mp4/10/158574.mp4,máquina quitanieve,tecnologia
/fr.fr/word/11535/derrapar/0/?q=derrapar,https://media.spreadthesign.com/video/mp4/10/188682.mp4,derrapar,tecnologia
/fr.fr/word/11200/carraca/0/?q=carraca,https://media.spreadthesign.com/video/mp4/10/158722.mp4,carraca,tecnologia
/fr.fr/word/11203/rayo/0/?q=rayo+,https://media.spreadthesign.com/video/mp4/10/188121.mp4,rayo ,tecnologia
/fr.fr/word/11228/reducir-la-velocidad/0/?q=reducir+la+velocidad,https://media.spreadthesign.com/video/mp4/10/188176.mp4,reducir la velocidad,tecnologia
/fr.fr/word/11229/senal-de-reduccion-de-velocidad/0/?q=se%C3%B1al+de+reducci%C3%B3n+de+velocidad,https://media.spreadthesign.com/video/mp4/10/188175.mp4,señal de reducción de velocidad,tecnologia
/fr.fr/word/112/hoja-de-sierra/0/?q=hoja+de+sierra,https://media.spreadthesign.com/video/mp4/10/1104.mp4,hoja de sierra,tecnologia
/fr.fr/word/11242/reforzar/0/?q=reforzar,https://media.spreadthesign.com/video/mp4/10/188203.mp4,reforzar,tecnologia
/fr.fr/word/11295/curva-a-la-derecha/0/?q=curva+a+la+derecha,https://media.spreadthesign.com/video/mp4/10/266454.mp4,curva a la derecha,tecnologia
/fr.fr/word/11265/reservar-el-aparcamiento/0/?q=reservar+el+aparcamiento,https://media.spreadthesign.com/video/mp4/10/188258.mp4,reservar el aparcamiento,tecnologia
/fr.fr/word/11272/area-de-descanso/0/?q=%C3%A1rea+de+descanso,https://media.spreadthesign.com/video/mp4/10/156009.mp4,área de descanso,tecnologia
/fr.fr/word/11/cemento/0/?q=cemento,https://media.spreadthesign.com/video/mp4/10/111.mp4,cemento,tecnologia
/fr.fr/word/11605/baden/0/?q=bad%C3%A9n,https://media.spreadthesign.com/video/mp4/10/188760.mp4,badén,tecnologia
/fr.fr/word/11606/control-de-velocidad/0/?q=control+de+velocidad,https://media.spreadthesign.com/video/mp4/10/188761.mp4,control de velocidad,tecnologia
/fr.fr/word/11607/limite-de-velocidad/0/?q=l%C3%ADmite+de+velocidad,https://media.spreadthesign.com/video/mp4/10/266687.mp4,límite de velocidad,tecnologia
/fr.fr/word/11690/stop-a-pocos-metros/0/?q=stop+a+pocos+metros,https://media.spreadthesign.com/video/mp4/10/188821.mp4,stop a pocos metros,tecnologia
/fr.fr/word/11693/senal-de-stop/0/?q=se%C3%B1al+de+stop+,https://media.spreadthesign.com/video/mp4/10/188822.mp4,señal de stop ,tecnologia
/fr.fr/word/11625/empalmar/0/?q=empalmar,https://media.spreadthesign.com/video/mp4/10/188769.mp4,empalmar,tecnologia
/fr.fr/word/11626/astillar/0/?q=astillar,https://media.spreadthesign.com/video/mp4/10/188770.mp4,astillar,tecnologia
/fr.fr/word/116/cortacristales/0/?q=cortacristales,https://media.spreadthesign.com/video/mp4/10/1151.mp4,cortacristales,tecnologia
/fr.fr/word/11611/velocidad-minima-permitida/0/?q=velocidad+m%C3%ADnima+permitida,https://media.spreadthesign.com/video/mp4/10/265965.mp4,velocidad mínima permitida,tecnologia
/fr.fr/word/11612/fin-de-tramo-sin-restriccion-de-velocidad/0/?q=fin+de+tramo+sin+restricci%C3%B3n+de+velocidad,https://media.spreadthesign.com/video/mp4/10/188762.mp4,fin de tramo sin restricción de velocidad,tecnologia
/fr.fr/word/11667/viga-de-acero/0/?q=viga+de+acero,https://media.spreadthesign.com/video/mp4/10/188802.mp4,viga de acero,tecnologia
/fr.fr/word/11669/obrero-siderurgico/0/?q=obrero+sider%C3%BArgico,https://media.spreadthesign.com/video/mp4/10/188804.mp4,obrero siderúrgico,tecnologia
/fr.fr/word/11666/aplanar/0/?q=aplanar,https://media.spreadthesign.com/video/mp4/10/188801.mp4,aplanar,tecnologia
/fr.fr/word/11632/foco/0/?q=foco,https://media.spreadthesign.com/video/mp4/10/188775.mp4,foco,tecnologia
/fr.fr/word/11309/obstaculo-en-la-carretera/0/?q=obst%C3%A1culo+en+la+carretera,https://media.spreadthesign.com/video/mp4/10/156536.mp4,obstáculo en la carretera,tecnologia
/fr.fr/word/11378/lijado-electrico/0/?q=lijado+el%C3%A9ctrico,https://media.spreadthesign.com/video/mp4/10/187828.mp4,lijado eléctrico,tecnologia
/fr.fr/word/11340/techador/0/?q=techador,https://media.spreadthesign.com/video/mp4/10/188395.mp4,techador,tecnologia
/fr.fr/word/11341/tela-asfaltica/0/?q=tela+asf%C3%A1ltica,https://media.spreadthesign.com/video/mp4/10/158513.mp4,tela asfáltica,tecnologia
/fr.fr/word/11347/rotonda/0/?q=rotonda,https://media.spreadthesign.com/video/mp4/10/188430.mp4,rotonda,tecnologia
/fr.fr/word/11310/carretera-cortada-al-trafico/0/?q=carretera+cortada+al+tr%C3%A1fico,https://media.spreadthesign.com/video/mp4/10/188355.mp4,carretera cortada al tráfico,tecnologia
/fr.fr/word/11314/fin-de-la-carretera/0/?q=fin+de+la+carretera,https://media.spreadthesign.com/video/mp4/10/188357.mp4,fin de la carretera,tecnologia
/fr.fr/word/11315/incorporacion-desde-la-derecha/0/?q=incorporaci%C3%B3n+desde+la+derecha,https://media.spreadthesign.com/video/mp4/10/188358.mp4,incorporación desde la derecha,tecnologia
/fr.fr/word/11319/senal-de-trafico/0/?q=se%C3%B1al+de+tr%C3%A1fico,https://media.spreadthesign.com/video/mp4/10/188362.mp4,señal de tráfico,tecnologia
/fr.fr/word/11316/estrechamiento-de-la-calzada/0/?q=estrechamiento+de+la+calzada,https://media.spreadthesign.com/video/mp4/10/188360.mp4,estrechamiento de la calzada,tecnologia
/fr.fr/word/11382/sierra-de-calar/0/?q=sierra+de+calar,https://media.spreadthesign.com/video/mp4/10/186983.mp4,sierra de calar,tecnologia
/fr.fr/word/11383/caballete-de-serrar/0/?q=caballete+de+serrar,https://media.spreadthesign.com/video/mp4/10/158606.mp4,caballete de serrar,tecnologia
/fr.fr/word/11320/desdoblamiento-de-via/0/?q=desdoblamiento+de+v%C3%ADa,https://media.spreadthesign.com/video/mp4/10/188363.mp4,desdoblamiento de vía,tecnologia
/fr.fr/word/113/hoja-de-sierra-circular/0/?q=hoja+de+sierra+circular,https://media.spreadthesign.com/video/mp4/10/1121.mp4,hoja de sierra circular,tecnologia
/fr.fr/word/18052/intensidad-del-sonido/0/?q=intensidad+del+sonido,https://media.spreadthesign.com/video/mp4/10/282109.mp4,intensidad del sonido,tecnologia
/fr.fr/word/18053/potencia-sonora/0/?q=potencia+sonora,https://media.spreadthesign.com/video/mp4/10/282110.mp4,potencia sonora,tecnologia
/fr.fr/word/18066/velocidad-de-la-luz/0/?q=velocidad+de+la+luz,https://media.spreadthesign.com/video/mp4/10/282132.mp4,velocidad de la luz,tecnologia
/fr.fr/word/18067/velocidad-del-sonido/0/?q=velocidad+del+sonido,https://media.spreadthesign.com/video/mp4/10/266688.mp4,velocidad del sonido,tecnologia
/fr.fr/word/18815/medios-de-transporte-aereos/0/?q=medios+de+transporte+a%C3%A9reos,https://media.spreadthesign.com/video/mp4/10/281028.mp4,medios de transporte aéreos,tecnologia
/fr.fr/word/18868/coche-de-policia/0/?q=coche+de+polic%C3%ADa,https://media.spreadthesign.com/video/mp4/10/266212.mp4,coche de policía,tecnologia
/fr.fr/word/18218/caida-de-voltaje/0/?q=ca%C3%ADda+de+voltaje,https://media.spreadthesign.com/video/mp4/10/283840.mp4,caída de voltaje,tecnologia
/fr.fr/word/1821/ruidoso/0/?q=ruidoso,https://media.spreadthesign.com/video/mp4/10/18104.mp4,ruidoso,tecnologia
/fr.fr/word/187/mazo/0/?q=mazo,https://media.spreadthesign.com/video/mp4/10/1845.mp4,mazo,tecnologia
/fr.fr/word/181/borde/0/?q=borde,https://media.spreadthesign.com/video/mp4/10/1777.mp4,borde,tecnologia
/fr.fr/word/157/ascensor/0/?q=ascensor,https://media.spreadthesign.com/video/mp4/10/1546.mp4,ascensor,tecnologia
/fr.fr/word/1548/calle/0/?q=calle,https://media.spreadthesign.com/video/mp4/10/15362.mp4,calle,tecnologia
/fr.fr/word/151/acera/0/?q=acera,https://media.spreadthesign.com/video/mp4/10/1485.mp4,acera,tecnologia
/fr.fr/word/15538/satelite-artificial/0/?q=sat%C3%A9lite+artificial,https://media.spreadthesign.com/video/mp4/10/259792.mp4,satélite artificial,tecnologia
/fr.fr/word/1553/chocar/0/?q=chocar,https://media.spreadthesign.com/video/mp4/10/15420.mp4,chocar,tecnologia
/fr.fr/word/1529/aparcar/0/?q=aparcar,https://media.spreadthesign.com/video/mp4/10/15174.mp4,aparcar,tecnologia
/fr.fr/word/1526/plataforma/0/?q=plataforma,https://media.spreadthesign.com/video/mp4/10/15135.mp4,plataforma,tecnologia
/fr.fr/word/15/enlucir/0/?q=enlucir,https://media.spreadthesign.com/video/mp4/10/149.mp4,enlucir,tecnologia
/fr.fr/word/159/calle-principal/0/?q=calle+principal,https://media.spreadthesign.com/video/mp4/10/1571.mp4,calle principal,tecnologia
/fr.fr/word/1564/bateria/0/?q=bater%C3%ADa,https://media.spreadthesign.com/video/mp4/10/15526.mp4,batería,tecnologia
/fr.fr/word/15680/masa-de-aire/0/?q=masa+de+aire,https://media.spreadthesign.com/video/mp4/10/281026.mp4,masa de aire,tecnologia
/fr.fr/word/1566/poste/0/?q=poste,https://media.spreadthesign.com/video/mp4/10/15547.mp4,poste,tecnologia
/fr.fr/word/12091/enfriar/0/?q=enfriar,https://media.spreadthesign.com/video/mp4/10/158471.mp4,enfriar,tecnologia
/fr.fr/word/120/calefactor/0/?q=calefactor,https://media.spreadthesign.com/video/mp4/10/1189.mp4,calefactor,tecnologia
/fr.fr/word/12708/herramienta-mecanica/0/?q=herramienta+mec%C3%A1nica,https://media.spreadthesign.com/video/mp4/10/265888.mp4,herramienta mecánica,tecnologia
/fr.fr/word/12709/maquinaria/0/?q=maquinaria,https://media.spreadthesign.com/video/mp4/10/285184.mp4,maquinaria,tecnologia
/fr.fr/word/12740/micrometro/0/?q=micr%C3%B3metro,https://media.spreadthesign.com/video/mp4/10/285283.mp4,micrómetro,tecnologia
/fr.fr/word/12717/sistema-de-produccion/0/?q=sistema+de+producci%C3%B3n,https://media.spreadthesign.com/video/mp4/10/265915.mp4,sistema de producción,tecnologia
/fr.fr/word/12400/constructora/0/?q=constructora,https://media.spreadthesign.com/video/mp4/10/259910.mp4,constructora,tecnologia
/fr.fr/word/12402/normativa-de-edificacion/0/?q=normativa+de+edificaci%C3%B3n,https://media.spreadthesign.com/video/mp4/10/259912.mp4,normativa de edificación,tecnologia
/fr.fr/word/12454/materiales-de-construccion/0/?q=materiales+de+construcci%C3%B3n,https://media.spreadthesign.com/video/mp4/10/281850.mp4,materiales de construcción,tecnologia
/fr.fr/word/12471/agrietarse/0/?q=agrietarse,https://media.spreadthesign.com/video/mp4/10/284808.mp4,agrietarse,tecnologia
/fr.fr/word/12412/caligrafia/0/?q=caligraf%C3%ADa,https://media.spreadthesign.com/video/mp4/10/281668.mp4,caligrafía,tecnologia
/fr.fr/word/12461/control-del-horno/0/?q=control+del+horno,https://media.spreadthesign.com/video/mp4/10/264811.mp4,control del horno,tecnologia
/fr.fr/word/12467/pieza-de-acoplamiento/0/?q=pieza+de+acoplamiento,https://media.spreadthesign.com/video/mp4/10/285365.mp4,pieza de acoplamiento,tecnologia
/fr.fr/word/121/base-de-enchufe/0/?q=base+de+enchufe,https://media.spreadthesign.com/video/mp4/10/1199.mp4,base de enchufe,tecnologia
/fr.fr/word/12810/solicitud-de-licencia-de-obras/0/?q=solicitud+de+licencia+de+obras,https://media.spreadthesign.com/video/mp4/10/266198.mp4,solicitud de licencia de obras,tecnologia
/fr.fr/word/12572/acabado/0/?q=acabado,https://media.spreadthesign.com/video/mp4/10/255384.mp4,acabado,tecnologia
/fr.fr/word/12510/evaluacion-del-desarrollo/0/?q=evaluaci%C3%B3n+del+desarrollo,https://media.spreadthesign.com/video/mp4/10/282347.mp4,evaluación del desarrollo,tecnologia
/fr.fr/word/12514/regulador-de-intensidad-de-luz/0/?q=regulador+de+intensidad+de+luz,https://media.spreadthesign.com/video/mp4/10/282361.mp4,regulador de intensidad de luz,tecnologia
/fr.fr/word/12526/union-en-cola-de-milano/0/?q=uni%C3%B3n+en+cola+de+milano,https://media.spreadthesign.com/video/mp4/10/282423.mp4,unión en cola de milano,tecnologia
/fr.fr/word/125/aserradero/0/?q=aserradero,https://media.spreadthesign.com/video/mp4/10/1240.mp4,aserradero,tecnologia
/fr.fr/word/12244/nivel-de-energia/0/?q=nivel+de+energ%C3%ADa,https://media.spreadthesign.com/video/mp4/10/267027.mp4,nivel de energía,tecnologia
/fr.fr/word/12916/escuadra/0/?q=escuadra,https://media.spreadthesign.com/video/mp4/10/281969.mp4,escuadra,tecnologia
/fr.fr/word/12988/problema-tecnico/0/?q=problema+t%C3%A9cnico,https://media.spreadthesign.com/video/mp4/10/266784.mp4,problema técnico,tecnologia
/fr.fr/word/129/dispositivo-de-parada-de-emergencia/0/?q=dispositivo+de+parada+de+emergencia,https://media.spreadthesign.com/video/mp4/10/1280.mp4,dispositivo de parada de emergencia,tecnologia
/fr.fr/word/12992/maleable/0/?q=maleable,https://media.spreadthesign.com/video/mp4/10/282931.mp4,maleable,tecnologia
/fr.fr/word/12624/endurecimiento/0/?q=endurecimiento,https://media.spreadthesign.com/video/mp4/10/284208.mp4,endurecimiento,tecnologia
/fr.fr/word/12616/amoladora/0/?q=amoladora,https://media.spreadthesign.com/video/mp4/10/284175.mp4,amoladora,tecnologia
/fr.fr/word/12697/vinculo/0/?q=v%C3%ADnculo,https://media.spreadthesign.com/video/mp4/10/265863.mp4,vínculo,tecnologia
/fr.fr/word/12699/carga/0/?q=carga,https://media.spreadthesign.com/video/mp4/10/265877.mp4,carga,tecnologia
/fr.fr/word/12691/iluminacion/0/?q=iluminaci%C3%B3n,https://media.spreadthesign.com/video/mp4/10/285155.mp4,iluminación,tecnologia
/fr.fr/word/12357/artificial/0/?q=artificial,https://media.spreadthesign.com/video/mp4/10/259791.mp4,artificial,tecnologia
/fr.fr/word/12391/fijar/0/?q=fijar,https://media.spreadthesign.com/video/mp4/10/259888.mp4,fijar,tecnologia
/fr.fr/word/12319/realizacion-3d/0/?q=realizaci%C3%B3n+3D,https://media.spreadthesign.com/video/mp4/10/267240.mp4,realización 3D,tecnologia
/fr.fr/word/196/serpentin-de-refrigeracion/0/?q=serpentin+de+refrigeraci%C3%B3n,https://media.spreadthesign.com/video/mp4/10/1924.mp4,serpentin de refrigeración,tecnologia
/fr.fr/word/1922/material/0/?q=material,https://media.spreadthesign.com/video/mp4/10/19114.mp4,material,tecnologia
/fr.fr/word/192/gancho/0/?q=gancho,https://media.spreadthesign.com/video/mp4/10/1891.mp4,gancho,tecnologia
/fr.fr/word/1910/desarrollo/0/?q=desarrollo,https://media.spreadthesign.com/video/mp4/10/18993.mp4,desarrollo,tecnologia
/fr.fr/word/199/reparar/0/?q=reparar,https://media.spreadthesign.com/video/mp4/10/1953.mp4,reparar,tecnologia
/fr.fr/word/19326/rampa-para-sillas-de-ruedas/0/?q=rampa+para+sillas+de+ruedas,https://media.spreadthesign.com/video/mp4/10/283951.mp4,rampa para sillas de ruedas,tecnologia
/fr.fr/word/160/cuadro-de-distribucion-electrico/0/?q=cuadro+de+distribuci%C3%B3n+el%C3%A9ctrico,https://media.spreadthesign.com/video/mp4/10/1575.mp4,cuadro de distribución eléctrico,tecnologia
/fr.fr/word/162/ladrillo-de-ventilacion/0/?q=ladrillo+de+ventilaci%C3%B3n,https://media.spreadthesign.com/video/mp4/10/1590.mp4,ladrillo de ventilación,tecnologia
/fr.fr/word/1679/peaton/0/?q=peat%C3%B3n,https://media.spreadthesign.com/video/mp4/10/16699.mp4,peatón,tecnologia
/fr.fr/word/169/bombilla/0/?q=bombilla,https://media.spreadthesign.com/video/mp4/10/1659.mp4,bombilla,tecnologia
/fr.fr/word/13024/barnizar/0/?q=barnizar,https://media.spreadthesign.com/video/mp4/10/283779.mp4,barnizar,tecnologia
/fr.fr/word/13049/taller/0/?q=taller,https://media.spreadthesign.com/video/mp4/10/266926.mp4,taller,tecnologia
/fr.fr/word/13721/calefaccion-por-suelo-radiante/0/?q=calefacci%C3%B3n+por+suelo+radiante,https://media.spreadthesign.com/video/mp4/10/283705.mp4,calefacción por suelo radiante,tecnologia
/fr.fr/word/13748/enrollar/0/?q=enrollar,https://media.spreadthesign.com/video/mp4/10/284007.mp4,enrollar,tecnologia
/fr.fr/word/13745/desgaste/0/?q=desgaste,https://media.spreadthesign.com/video/mp4/10/283890.mp4,desgaste,tecnologia
/fr.fr/word/13749/enrollar/0/?q=enrollar,https://media.spreadthesign.com/video/mp4/10/284008.mp4,enrollar,tecnologia
/fr.fr/word/13768/humos-provenientes-de-tubos-de-escape/0/?q=humos+provenientes+de+tubos+de+escape,https://media.spreadthesign.com/video/mp4/10/282743.mp4,humos provenientes de tubos de escape,tecnologia
/fr.fr/word/13414/mejora-del-suelo/0/?q=mejora+del+suelo,https://media.spreadthesign.com/video/mp4/10/284180.mp4,mejora del suelo,tecnologia
/fr.fr/word/13415/estudio-del-suelo/0/?q=estudio+del+suelo,https://media.spreadthesign.com/video/mp4/10/284181.mp4,estudio del suelo,tecnologia
/fr.fr/word/13458/kilovatio/0/?q=kilovatio,https://media.spreadthesign.com/video/mp4/10/284850.mp4,kilovatio,tecnologia
/fr.fr/word/13459/kilovatio-por-hora/0/?q=kilovatio+por+hora,https://media.spreadthesign.com/video/mp4/10/284851.mp4,kilovatio por hora,tecnologia
/fr.fr/word/13427/combarse/0/?q=combarse,https://media.spreadthesign.com/video/mp4/10/285313.mp4,combarse,tecnologia
/fr.fr/word/13183/objetos-en-3d/0/?q=objetos+en+3D,https://media.spreadthesign.com/video/mp4/10/267196.mp4,objetos en 3D,tecnologia
/fr.fr/word/13198/agregado/0/?q=agregado,https://media.spreadthesign.com/video/mp4/10/284414.mp4,agregado,tecnologia
/fr.fr/word/13193/acustico/0/?q=ac%C3%BAstico,https://media.spreadthesign.com/video/mp4/10/285540.mp4,acústico,tecnologia
/fr.fr/word/13817/gafas-de-seguridad/0/?q=gafas+de+seguridad,https://media.spreadthesign.com/video/mp4/10/266484.mp4,gafas de seguridad,tecnologia
/fr.fr/word/13505/obras-menores/0/?q=obras+menores,https://media.spreadthesign.com/video/mp4/10/285294.mp4,obras menores,tecnologia
/fr.fr/word/13549/teoria-de-la-planificacion/0/?q=teor%C3%ADa+de+la+planificaci%C3%B3n,https://media.spreadthesign.com/video/mp4/10/266200.mp4,teoría de la planificación,tecnologia
/fr.fr/word/13543/amontonando/0/?q=amontonando,https://media.spreadthesign.com/video/mp4/10/266190.mp4,amontonando,tecnologia
/fr.fr/word/13517/nueva-edificacion/0/?q=nueva+edificaci%C3%B3n+,https://media.spreadthesign.com/video/mp4/10/285399.mp4,nueva edificación ,tecnologia
/fr.fr/word/13584/redistribuir/0/?q=redistribuir,https://media.spreadthesign.com/video/mp4/10/266380.mp4,redistribuir,tecnologia
/fr.fr/word/13524/energia-nuclear/0/?q=energ%C3%ADa+nuclear,https://media.spreadthesign.com/video/mp4/10/266060.mp4,energía nuclear,tecnologia
/fr.fr/word/13523/energia-nuclear/0/?q=energ%C3%ADa+nuclear,https://media.spreadthesign.com/video/mp4/10/266058.mp4,energía nuclear,tecnologia
/fr.fr/word/13208/tecnologia-aplicada/0/?q=tecnolog%C3%ADa+aplicada,https://media.spreadthesign.com/video/mp4/10/281479.mp4,tecnología aplicada,tecnologia
/fr.fr/word/13202/planta-de-aire-acondicionado/0/?q=planta+de+aire+acondicionado,https://media.spreadthesign.com/video/mp4/10/284417.mp4,planta de aire acondicionado,tecnologia
/fr.fr/word/13240/sistema-de-control-de-edificios-e-infraestructuras/0/?q=sistema+de+control+de+edificios+e+infraestructuras,https://media.spreadthesign.com/video/mp4/10/281649.mp4,sistema de control de edificios e infraestructuras,tecnologia
/fr.fr/word/13245/zona-de-obras/0/?q=zona+de+obras,https://media.spreadthesign.com/video/mp4/10/259913.mp4,zona de obras,tecnologia
/fr.fr/word/13247/tecnologia-de-la-construccion/0/?q=tecnolog%C3%ADa+de+la+construcci%C3%B3n,https://media.spreadthesign.com/video/mp4/10/281651.mp4,tecnología de la construcción,tecnologia
/fr.fr/word/13244/terreno-edificable/0/?q=terreno+edificable,https://media.spreadthesign.com/video/mp4/10/259911.mp4,terreno edificable,tecnologia
/fr.fr/word/13246/inspeccion-de-edificios/0/?q=inspecci%C3%B3n+de+edificios,https://media.spreadthesign.com/video/mp4/10/284793.mp4,inspección de edificios,tecnologia
/fr.fr/word/13288/organizacion-en-la-obras-de-construccion/0/?q=organizaci%C3%B3n+en+la+obras+de+construcci%C3%B3n,https://media.spreadthesign.com/video/mp4/10/281851.mp4,organización en la obras de construcción,tecnologia
/fr.fr/word/13282/tuberia/0/?q=tuber%C3%ADa,https://media.spreadthesign.com/video/mp4/10/281837.mp4,tubería,tecnologia
/fr.fr/word/13287/gestion-de-la-construccion/0/?q=gesti%C3%B3n+de+la+construcci%C3%B3n,https://media.spreadthesign.com/video/mp4/10/281849.mp4,gestión de la construcción,tecnologia
/fr.fr/word/13289/planificacion-de-obras-y-construccion/0/?q=planificaci%C3%B3n+de+obras+y+construcci%C3%B3n,https://media.spreadthesign.com/video/mp4/10/264799.mp4,planificación de obras y construcción,tecnologia
/fr.fr/word/13290/metodos-de-construccion/0/?q=m%C3%A9todos+de+construcci%C3%B3n,https://media.spreadthesign.com/video/mp4/10/281852.mp4,métodos de construcción,tecnologia
/fr.fr/word/13292/tecnologia-para-la-construccion/0/?q=tecnolog%C3%ADa+para+la+construcci%C3%B3n,https://media.spreadthesign.com/video/mp4/10/281853.mp4,tecnología para la construcción,tecnologia
/fr.fr/word/13291/tecnica-de-construccion/0/?q=t%C3%A9cnica+de+construcci%C3%B3n,https://media.spreadthesign.com/video/mp4/10/264800.mp4,técnica de construcción,tecnologia
/fr.fr/word/13238/adaptacion-del-edificio/0/?q=adaptaci%C3%B3n+del+edificio,https://media.spreadthesign.com/video/mp4/10/281646.mp4,adaptación del edificio,tecnologia
/fr.fr/word/13239/contrato-de-construccion/0/?q=contrato+de+construcci%C3%B3n,https://media.spreadthesign.com/video/mp4/10/281648.mp4,contrato de construcción,tecnologia
/fr.fr/word/13974/proceso-de-impresion-de-un-libro/0/?q=proceso+de+impresi%C3%B3n+de+un+libro,https://media.spreadthesign.com/video/mp4/10/284781.mp4,proceso de impresión de un libro,tecnologia
/fr.fr/word/13976/fabricacion-de-un-libro/0/?q=fabricaci%C3%B3n+de+un+libro,https://media.spreadthesign.com/video/mp4/10/284783.mp4,fabricación de un libro,tecnologia
/fr.fr/word/13678/textos-tecnicos/0/?q=textos+t%C3%A9cnicos,https://media.spreadthesign.com/video/mp4/10/282919.mp4,textos técnicos,tecnologia
/fr.fr/word/13649/estabilidad/0/?q=estabilidad,https://media.spreadthesign.com/video/mp4/10/282162.mp4,estabilidad,tecnologia
/fr.fr/word/13650/estable/0/?q=estable,https://media.spreadthesign.com/video/mp4/10/282163.mp4,estable,tecnologia
/fr.fr/word/13620/cizalla/0/?q=cizalla,https://media.spreadthesign.com/video/mp4/10/281990.mp4,cizalla,tecnologia
/fr.fr/word/13628/jefe-de-obras/0/?q=jefe+de+obras,https://media.spreadthesign.com/video/mp4/10/266600.mp4,jefe de obras,tecnologia
/fr.fr/word/13634/celula-solar/0/?q=c%C3%A9lula+solar,https://media.spreadthesign.com/video/mp4/10/282092.mp4,célula solar,tecnologia
/fr.fr/word/13635/calefaccion-solar/0/?q=calefacci%C3%B3n+solar,https://media.spreadthesign.com/video/mp4/10/282093.mp4,calefacción solar,tecnologia
/fr.fr/word/13370/edificio-finalizado/0/?q=edificio+finalizado,https://media.spreadthesign.com/video/mp4/10/282746.mp4,edificio finalizado,tecnologia
/fr.fr/word/13340/pudricion-por-hongos/0/?q=pudrici%C3%B3n+por+hongos,https://media.spreadthesign.com/video/mp4/10/282657.mp4,pudrición por hongos,tecnologia
/fr.fr/word/13357/ingenieria-matematica/0/?q=ingenier%C3%ADa+matem%C3%A1tica,https://media.spreadthesign.com/video/mp4/10/255302.mp4,ingeniería matemática,tecnologia
/fr.fr/word/13359/sistemas-de-ingenieria/0/?q=sistemas+de+ingenier%C3%ADa,https://media.spreadthesign.com/video/mp4/10/255303.mp4,sistemas de ingeniería,tecnologia
/fr.fr/word/13322/demolicion/0/?q=demolici%C3%B3n,https://media.spreadthesign.com/video/mp4/10/282334.mp4,demolición,tecnologia
/fr.fr/word/8064/exceso-de-velocidad/0/?q=exceso+de+velocidad,https://media.spreadthesign.com/video/mp4/10/188763.mp4,exceso de velocidad,tecnologia
/fr.fr/word/85/cuchillo/0/?q=cuchillo,https://media.spreadthesign.com/video/mp4/10/840.mp4,cuchillo,tecnologia
/fr.fr/word/8202/excavadora/0/?q=excavadora,https://media.spreadthesign.com/video/mp4/10/185901.mp4,excavadora,tecnologia
/fr.fr/word/8416/atasco/0/?q=atasco,https://media.spreadthesign.com/video/mp4/10/189031.mp4,atasco,tecnologia
/fr.fr/word/8959/bengala/0/?q=bengala,https://media.spreadthesign.com/video/mp4/10/282826.mp4,bengala,tecnologia
/fr.fr/word/8988/operador-de-montacargas/0/?q=operador+de+montacargas,https://media.spreadthesign.com/video/mp4/10/186179.mp4,operador de montacargas,tecnologia
/fr.fr/word/8987/carretilla-elevadora/0/?q=carretilla+elevadora,https://media.spreadthesign.com/video/mp4/10/158568.mp4,carretilla elevadora,tecnologia
/fr.fr/word/8970/baldosa-de-suelo/0/?q=baldosa+de+suelo,https://media.spreadthesign.com/video/mp4/10/186161.mp4,baldosa de suelo,tecnologia
/fr.fr/word/89/pared/0/?q=pared,https://media.spreadthesign.com/video/mp4/10/878.mp4,pared,tecnologia
/fr.fr/word/8915/raspon-o-toque-en-un-coche/0/?q=rasp%C3%B3n+o+toque+en+un+coche,https://media.spreadthesign.com/video/mp4/10/282793.mp4,raspón o toque en un coche,tecnologia
/fr.fr/word/8960/linterna/0/?q=linterna,https://media.spreadthesign.com/video/mp4/10/186142.mp4,linterna,tecnologia
/fr.fr/word/8961/maza-de-hierro/0/?q=maza+de+hierro,https://media.spreadthesign.com/video/mp4/10/282828.mp4,maza de hierro,tecnologia
/fr.fr/word/8101/faro/0/?q=faro,https://media.spreadthesign.com/video/mp4/10/187026.mp4,faro,tecnologia
/fr.fr/word/81/conservacion-de-la-madera/0/?q=conservaci%C3%B3n+de+la+madera,https://media.spreadthesign.com/video/mp4/10/800.mp4,conservación de la madera,tecnologia
/fr.fr/word/8133/capataz/0/?q=capataz,https://media.spreadthesign.com/video/mp4/10/186173.mp4,capataz,tecnologia
/fr.fr/word/8315/mas-alto/0/?q=m%C3%A1s+alto,https://media.spreadthesign.com/video/mp4/10/187036.mp4,más alto,tecnologia
/fr.fr/word/50/clavo/0/?q=clavo,https://media.spreadthesign.com/video/mp4/10/494.mp4,clavo,tecnologia
/fr.fr/word/5775/cortador-de-alambre/0/?q=cortador+de+alambre,https://media.spreadthesign.com/video/mp4/10/189220.mp4,cortador de alambre,tecnologia
/fr.fr/word/5793/bola-de-demolicion/0/?q=bola+de+demolici%C3%B3n,https://media.spreadthesign.com/video/mp4/10/158353.mp4,bola de demolición,tecnologia
/fr.fr/word/5769/carretera-serpenteante/0/?q=carretera+serpenteante,https://media.spreadthesign.com/video/mp4/10/189217.mp4,carretera serpenteante,tecnologia
/fr.fr/word/51/tornillo/0/?q=tornillo,https://media.spreadthesign.com/video/mp4/10/506.mp4,tornillo,tecnologia
/fr.fr/word/5888/cuter/0/?q=c%C3%BAter,https://media.spreadthesign.com/video/mp4/10/189133.mp4,cúter,tecnologia
/fr.fr/word/5811/servicio-de-aparcacoches/0/?q=servicio+de+aparcacoches,https://media.spreadthesign.com/video/mp4/10/189143.mp4,servicio de aparcacoches,tecnologia
/fr.fr/word/5819/vehiculo/0/?q=veh%C3%ADculo,https://media.spreadthesign.com/video/mp4/10/283785.mp4,vehículo,tecnologia
/fr.fr/word/5863/cambio-de-sentido/0/?q=cambio+de+sentido,https://media.spreadthesign.com/video/mp4/10/189134.mp4,cambio de sentido,tecnologia
/fr.fr/word/5585/palanca/0/?q=palanca,https://media.spreadthesign.com/video/mp4/10/285145.mp4,palanca,tecnologia
/fr.fr/word/5583/ciguenal/0/?q=cig%C3%BCe%C3%B1al,https://media.spreadthesign.com/video/mp4/10/281907.mp4,cigüeñal,tecnologia
/fr.fr/word/550/luz/0/?q=luz,https://media.spreadthesign.com/video/mp4/10/5434.mp4,luz,tecnologia
/fr.fr/word/5570/juego-de-herramientas/0/?q=juego+de+herramientas,https://media.spreadthesign.com/video/mp4/10/189017.mp4,juego de herramientas,tecnologia
/fr.fr/word/5575/aceleracion/0/?q=aceleraci%C3%B3n,https://media.spreadthesign.com/video/mp4/10/158285.mp4,aceleración,tecnologia
/fr.fr/word/5577/absorcion/0/?q=absorci%C3%B3n,https://media.spreadthesign.com/video/mp4/10/280986.mp4,absorción,tecnologia
/fr.fr/word/5579/motor-de-aire/0/?q=motor+de+aire,https://media.spreadthesign.com/video/mp4/10/169102.mp4,motor de aire,tecnologia
/fr.fr/word/552/taxi/0/?q=taxi,https://media.spreadthesign.com/video/mp4/10/5451.mp4,taxi,tecnologia
/fr.fr/word/5597/resistencia-a-la-compresion/0/?q=resistencia+a+la+compresi%C3%B3n,https://media.spreadthesign.com/video/mp4/10/180316.mp4,resistencia a la compresión,tecnologia
/fr.fr/word/5565/ingeniero-hidraulico/0/?q=ingeniero+hidr%C3%A1ulico,https://media.spreadthesign.com/video/mp4/10/186681.mp4,ingeniero hidráulico,tecnologia
/fr.fr/word/5567/mantenimiento/0/?q=mantenimiento,https://media.spreadthesign.com/video/mp4/10/285192.mp4,mantenimiento,tecnologia
/fr.fr/word/5958/alambre-de-puas/0/?q=alambre+de+p%C3%BAas,https://media.spreadthesign.com/video/mp4/10/281556.mp4,alambre de púas,tecnologia
/fr.fr/word/5918/silla-de-bebes/0/?q=silla+de+beb%C3%A9s,https://media.spreadthesign.com/video/mp4/10/169357.mp4,silla de bebés,tecnologia
/fr.fr/word/596/presion-del-aire/0/?q=presi%C3%B3n+del+aire,https://media.spreadthesign.com/video/mp4/10/5905.mp4,presión del aire,tecnologia
/fr.fr/word/5965/barrera/0/?q=barrera,https://media.spreadthesign.com/video/mp4/10/156542.mp4,barrera,tecnologia
/fr.fr/word/5967/base/0/?q=base,https://media.spreadthesign.com/video/mp4/10/156544.mp4,base,tecnologia
/fr.fr/word/5608/invento/0/?q=invento,https://media.spreadthesign.com/video/mp4/10/257096.mp4,invento,tecnologia
/fr.fr/word/5606/dibujo-tecnico/0/?q=dibujo+t%C3%A9cnico,https://media.spreadthesign.com/video/mp4/10/185841.mp4,dibujo técnico,tecnologia
